
GccApplication1.elf:     file format elf32-avr

Sections:
Idx Name          Size      VMA       LMA       File off  Algn
  0 .data         000002ec  00800100  00003552  000035e6  2**0
                  CONTENTS, ALLOC, LOAD, DATA
  1 .text         00003552  00000000  00000000  00000094  2**1
                  CONTENTS, ALLOC, LOAD, READONLY, CODE
  2 .bss          00000006  008003ec  008003ec  000038d2  2**0
                  ALLOC
  3 .comment      0000005c  00000000  00000000  000038d2  2**0
                  CONTENTS, READONLY
  4 .note.gnu.avr.deviceinfo 00000040  00000000  00000000  00003930  2**2
                  CONTENTS, READONLY
  5 .debug_aranges 000000a0  00000000  00000000  00003970  2**0
                  CONTENTS, READONLY, DEBUGGING
  6 .debug_info   00001357  00000000  00000000  00003a10  2**0
                  CONTENTS, READONLY, DEBUGGING
  7 .debug_abbrev 000008f2  00000000  00000000  00004d67  2**0
                  CONTENTS, READONLY, DEBUGGING
  8 .debug_line   00000fee  00000000  00000000  00005659  2**0
                  CONTENTS, READONLY, DEBUGGING
  9 .debug_frame  00000260  00000000  00000000  00006648  2**2
                  CONTENTS, READONLY, DEBUGGING
 10 .debug_str    0000056a  00000000  00000000  000068a8  2**0
                  CONTENTS, READONLY, DEBUGGING
 11 .debug_loc    00000507  00000000  00000000  00006e12  2**0
                  CONTENTS, READONLY, DEBUGGING
 12 .debug_ranges 000000a8  00000000  00000000  00007319  2**0
                  CONTENTS, READONLY, DEBUGGING

Disassembly of section .text:

00000000 <__vectors>:
       0:	0c 94 3b 01 	jmp	0x276	; 0x276 <__ctors_end>
       4:	0c 94 58 01 	jmp	0x2b0	; 0x2b0 <__bad_interrupt>
       8:	0c 94 58 01 	jmp	0x2b0	; 0x2b0 <__bad_interrupt>
       c:	0c 94 58 01 	jmp	0x2b0	; 0x2b0 <__bad_interrupt>
      10:	0c 94 58 01 	jmp	0x2b0	; 0x2b0 <__bad_interrupt>
      14:	0c 94 58 01 	jmp	0x2b0	; 0x2b0 <__bad_interrupt>
      18:	0c 94 58 01 	jmp	0x2b0	; 0x2b0 <__bad_interrupt>
      1c:	0c 94 58 01 	jmp	0x2b0	; 0x2b0 <__bad_interrupt>
      20:	0c 94 58 01 	jmp	0x2b0	; 0x2b0 <__bad_interrupt>
      24:	0c 94 58 01 	jmp	0x2b0	; 0x2b0 <__bad_interrupt>
      28:	0c 94 58 01 	jmp	0x2b0	; 0x2b0 <__bad_interrupt>
      2c:	0c 94 58 01 	jmp	0x2b0	; 0x2b0 <__bad_interrupt>
      30:	0c 94 58 01 	jmp	0x2b0	; 0x2b0 <__bad_interrupt>
      34:	0c 94 58 01 	jmp	0x2b0	; 0x2b0 <__bad_interrupt>
      38:	0c 94 58 01 	jmp	0x2b0	; 0x2b0 <__bad_interrupt>
      3c:	0c 94 58 01 	jmp	0x2b0	; 0x2b0 <__bad_interrupt>
      40:	0c 94 58 01 	jmp	0x2b0	; 0x2b0 <__bad_interrupt>
      44:	0c 94 58 01 	jmp	0x2b0	; 0x2b0 <__bad_interrupt>
      48:	0c 94 58 01 	jmp	0x2b0	; 0x2b0 <__bad_interrupt>
      4c:	0c 94 58 01 	jmp	0x2b0	; 0x2b0 <__bad_interrupt>
      50:	0c 94 58 01 	jmp	0x2b0	; 0x2b0 <__bad_interrupt>
      54:	0c 94 58 01 	jmp	0x2b0	; 0x2b0 <__bad_interrupt>
      58:	0c 94 58 01 	jmp	0x2b0	; 0x2b0 <__bad_interrupt>
      5c:	0c 94 58 01 	jmp	0x2b0	; 0x2b0 <__bad_interrupt>
      60:	0c 94 58 01 	jmp	0x2b0	; 0x2b0 <__bad_interrupt>
      64:	0c 94 58 01 	jmp	0x2b0	; 0x2b0 <__bad_interrupt>
      68:	0c 94 58 01 	jmp	0x2b0	; 0x2b0 <__bad_interrupt>
      6c:	0c 94 58 01 	jmp	0x2b0	; 0x2b0 <__bad_interrupt>
      70:	0c 94 58 01 	jmp	0x2b0	; 0x2b0 <__bad_interrupt>
      74:	0c 94 58 01 	jmp	0x2b0	; 0x2b0 <__bad_interrupt>
      78:	0c 94 58 01 	jmp	0x2b0	; 0x2b0 <__bad_interrupt>
      7c:	05 a8       	ldd	r0, Z+53	; 0x35
      7e:	4c cd       	rjmp	.-1384   	; 0xfffffb18 <__eeprom_end+0xff7efb18>
      80:	b2 d4       	rcall	.+2404   	; 0x9e6 <GLCD_Clear+0x4a>
      82:	4e b9       	out	0x0e, r20	; 14
      84:	38 36       	cpi	r19, 0x68	; 104
      86:	a9 02       	muls	r26, r25
      88:	0c 50       	subi	r16, 0x0C	; 12
      8a:	b9 91       	ld	r27, Y+
      8c:	86 88       	ldd	r8, Z+22	; 0x16
      8e:	08 3c       	cpi	r16, 0xC8	; 200
      90:	a6 aa       	std	Z+54, r10	; 0x36
      92:	aa 2a       	or	r10, r26
      94:	be 00       	.word	0x00be	; ????
      96:	00 00       	nop
      98:	80 3f       	cpi	r24, 0xF0	; 240
      9a:	06 64       	ori	r16, 0x46	; 70
      9c:	ec 1b       	sub	r30, r28
      9e:	3c 04       	cpc	r3, r12
      a0:	bc 16       	cp	r11, r28
      a2:	3e 3b       	cpi	r19, 0xBE	; 190
      a4:	e5 b9       	out	0x05, r30	; 5
      a6:	3c c9       	rjmp	.-3464   	; 0xfffff320 <__eeprom_end+0xff7ef320>
      a8:	3c 37       	cpi	r19, 0x7C	; 124
      aa:	c2 9e       	mul	r12, r18
      ac:	5a 3d       	cpi	r21, 0xDA	; 218
      ae:	66 04       	cpc	r6, r6
      b0:	98 08       	sbc	r9, r8
      b2:	3e ea       	ldi	r19, 0xAE	; 174
      b4:	69 aa       	std	Y+49, r6	; 0x31
      b6:	aa 3e       	cpi	r26, 0xEA	; 234
      b8:	00 00       	nop
      ba:	00 80       	ld	r0, Z
      bc:	3f 07       	cpc	r19, r31
      be:	63 42       	sbci	r22, 0x23	; 35
      c0:	36 b7       	in	r19, 0x36	; 54
      c2:	9b d8       	rcall	.-3786   	; 0xfffff1fa <__eeprom_end+0xff7ef1fa>
      c4:	a7 1a       	sub	r10, r23
      c6:	39 68       	ori	r19, 0x89	; 137
      c8:	56 18       	sub	r5, r6
      ca:	ae ba       	out	0x1e, r10	; 30
      cc:	ab 55       	subi	r26, 0x5B	; 91
      ce:	8c 1d       	adc	r24, r12
      d0:	3c b7       	in	r19, 0x3c	; 60
      d2:	cc 57       	subi	r28, 0x7C	; 124
      d4:	63 bd       	out	0x23, r22	; 35
      d6:	6d ed       	ldi	r22, 0xDD	; 221
      d8:	fd 75       	andi	r31, 0x5D	; 93
      da:	3e f6       	brtc	.-114    	; 0x6a <__SREG__+0x2b>
      dc:	17 72       	andi	r17, 0x27	; 39
      de:	31 bf       	out	0x31, r19	; 49
      e0:	00 00       	nop
      e2:	00 80       	ld	r0, Z
      e4:	3f 08       	sbc	r3, r15
      e6:	00 00       	nop
      e8:	00 be       	out	0x30, r0	; 48
      ea:	92 24       	eor	r9, r2
      ec:	49 12       	cpse	r4, r25
      ee:	3e ab       	std	Y+54, r19	; 0x36
      f0:	aa aa       	std	Y+50, r10	; 0x32
      f2:	2a be       	out	0x3a, r2	; 58
      f4:	cd cc       	rjmp	.-1638   	; 0xfffffa90 <__eeprom_end+0xff7efa90>
      f6:	cc 4c       	sbci	r28, 0xCC	; 204
      f8:	3e 00       	.word	0x003e	; ????
      fa:	00 00       	nop
      fc:	80 be       	out	0x30, r8	; 48
      fe:	ab aa       	std	Y+51, r10	; 0x33
     100:	aa aa       	std	Y+50, r10	; 0x32
     102:	3e 00       	.word	0x003e	; ????
     104:	00 00       	nop
     106:	00 bf       	out	0x30, r16	; 48
     108:	00 00       	nop
     10a:	00 80       	ld	r0, Z
     10c:	3f 00       	.word	0x003f	; ????
     10e:	00 00       	nop
     110:	00 00       	nop
     112:	08 41       	sbci	r16, 0x18	; 24
     114:	78 d3       	rcall	.+1776   	; 0x806 <__DATA_REGION_LENGTH__+0x6>
     116:	bb 43       	sbci	r27, 0x3B	; 59
     118:	87 d1       	rcall	.+782    	; 0x428 <__EEPROM_REGION_LENGTH__+0x28>
     11a:	13 3d       	cpi	r17, 0xD3	; 211
     11c:	19 0e       	add	r1, r25
     11e:	3c c3       	rjmp	.+1656   	; 0x798 <GLCD_Data+0x30>
     120:	bd 42       	sbci	r27, 0x2D	; 45
     122:	82 ad       	ldd	r24, Z+58	; 0x3a
     124:	2b 3e       	cpi	r18, 0xEB	; 235
     126:	68 ec       	ldi	r22, 0xC8	; 200
     128:	82 76       	andi	r24, 0x62	; 98
     12a:	be d9       	rcall	.-3204   	; 0xfffff4a8 <__eeprom_end+0xff7ef4a8>
     12c:	8f e1       	ldi	r24, 0x1F	; 31
     12e:	a9 3e       	cpi	r26, 0xE9	; 233
     130:	4c 80       	ldd	r4, Y+4	; 0x04
     132:	ef ff       	.word	0xffef	; ????
     134:	be 01       	movw	r22, r28
     136:	c4 ff       	sbrs	r28, 4
     138:	7f 3f       	cpi	r23, 0xFF	; 255
     13a:	00 00       	nop
     13c:	00 00       	nop
	...

00000140 <__trampolines_end>:
     140:	4e 41       	sbci	r20, 0x1E	; 30
     142:	4e 49       	Address 0x00000142 is out of bounds.
.word	0xffff	; ????

00000143 <pstr_inity>:
     143:	49 4e 49 54 59                                      INITY

00000148 <pstr_inf>:
     148:	49 4e 46                                            INF

0000014b <pwr_m10>:
     14b:	cd cc cc 3d 0a d7 23 3c 17 b7 d1 38 77 cc 2b 32     ...=..#<...8w.+2
     15b:	95 95 e6 24 1f b1 4f 0a                             ...$..O.

00000163 <pwr_p10>:
     163:	00 00 20 41 00 00 c8 42 00 40 1c 46 20 bc be 4c     .. A...B.@.F ..L
     173:	ca 1b 0e 5a ae c5 9d 74 00 40 7a 10 f3 5a 00 a0     ...Z...t.@z..Z..
     183:	72 4e 18 09 00 10 a5 d4 e8 00 00 e8 76 48 17 00     rN..........vH..
     193:	00 e4 0b 54 02 00 00 ca 9a 3b 00 00 00 e1 f5 05     ...T.....;......
     1a3:	00 00 80 96 98 00 00 00 40 42 0f 00 00 00 a0 86     ........@B......
     1b3:	01 00 00 00 10 27 00 00 00 00 e8 03 00 00 00 00     .....'..........
     1c3:	64 00 00 00 00 00 0a 00 00 00 00 00 01 00 00 00     d...............
     1d3:	00 00 2c 76 d8 88 dc 67 4f 08 23 df c1 df ae 59     ..,v...gO.#....Y
     1e3:	e1 b1 b7 96 e5 e3 e4 53 c6 3a e6 51 99 76 96 e8     .......S.:.Q.v..
     1f3:	e6 c2 84 26 eb 89 8c 9b 62 ed 40 7c 6f fc ef bc     ...&....b.@|o...
     203:	9c 9f 40 f2 ba a5 6f a5 f4 90 05 5a 2a f7 5c 93     ..@...o....Z*.\.
     213:	6b 6c f9 67 6d c1 1b fc e0 e4 0d 47 fe f5 20 e6     kl.gm......G.. .
     223:	b5 00 d0 ed 90 2e 03 00 94 35 77 05 00 80 84 1e     .........5w.....
     233:	08 00 00 20 4e 0a 00 00 00 c8 0c 33 33 33 33 0f     ... N......3333.
     243:	98 6e 12 83 11 41 ef 8d 21 14 89 3b e6 55 16 cf     .n...A..!..;.U..
     253:	fe e6 db 18 d1 84 4b 38 1b f7 7c 1d 90 1d a4 bb     ......K8..|.....
     263:	e4 24 20 32 84 72 5e 22 81 00 c9 f1 24 ec a1 e5     .$ 2.r^"....$...
     273:	3d 27 00                                            ='.

00000276 <__ctors_end>:
     276:	11 24       	eor	r1, r1
     278:	1f be       	out	0x3f, r1	; 63
     27a:	cf ef       	ldi	r28, 0xFF	; 255
     27c:	d8 e0       	ldi	r29, 0x08	; 8
     27e:	de bf       	out	0x3e, r29	; 62
     280:	cd bf       	out	0x3d, r28	; 61

00000282 <__do_copy_data>:
     282:	13 e0       	ldi	r17, 0x03	; 3
     284:	a0 e0       	ldi	r26, 0x00	; 0
     286:	b1 e0       	ldi	r27, 0x01	; 1
     288:	e2 e5       	ldi	r30, 0x52	; 82
     28a:	f5 e3       	ldi	r31, 0x35	; 53
     28c:	02 c0       	rjmp	.+4      	; 0x292 <__do_copy_data+0x10>
     28e:	05 90       	lpm	r0, Z+
     290:	0d 92       	st	X+, r0
     292:	ac 3e       	cpi	r26, 0xEC	; 236
     294:	b1 07       	cpc	r27, r17
     296:	d9 f7       	brne	.-10     	; 0x28e <__do_copy_data+0xc>

00000298 <__do_clear_bss>:
     298:	23 e0       	ldi	r18, 0x03	; 3
     29a:	ac ee       	ldi	r26, 0xEC	; 236
     29c:	b3 e0       	ldi	r27, 0x03	; 3
     29e:	01 c0       	rjmp	.+2      	; 0x2a2 <.do_clear_bss_start>

000002a0 <.do_clear_bss_loop>:
     2a0:	1d 92       	st	X+, r1

000002a2 <.do_clear_bss_start>:
     2a2:	a2 3f       	cpi	r26, 0xF2	; 242
     2a4:	b2 07       	cpc	r27, r18
     2a6:	e1 f7       	brne	.-8      	; 0x2a0 <.do_clear_bss_loop>
     2a8:	0e 94 2f 0d 	call	0x1a5e	; 0x1a5e <main>
     2ac:	0c 94 a7 1a 	jmp	0x354e	; 0x354e <_exit>

000002b0 <__bad_interrupt>:
     2b0:	0c 94 00 00 	jmp	0	; 0x0 <__vectors>

000002b4 <GLCD_Enable>:
#define CS2 PD4

uint8_t glcd_x = 0;
uint8_t glcd_y = 0;

void GLCD_Enable() {
     2b4:	cf 93       	push	r28
     2b6:	df 93       	push	r29
     2b8:	cd b7       	in	r28, 0x3d	; 61
     2ba:	de b7       	in	r29, 0x3e	; 62
     2bc:	c0 54       	subi	r28, 0x40	; 64
     2be:	d1 09       	sbc	r29, r1
     2c0:	0f b6       	in	r0, 0x3f	; 63
     2c2:	f8 94       	cli
     2c4:	de bf       	out	0x3e, r29	; 62
     2c6:	0f be       	out	0x3f, r0	; 63
     2c8:	cd bf       	out	0x3d, r28	; 61
	GLCD_CTRL_PORT |= (1 << EN); _delay_us(2);
     2ca:	8b e2       	ldi	r24, 0x2B	; 43
     2cc:	90 e0       	ldi	r25, 0x00	; 0
     2ce:	2b e2       	ldi	r18, 0x2B	; 43
     2d0:	30 e0       	ldi	r19, 0x00	; 0
     2d2:	f9 01       	movw	r30, r18
     2d4:	20 81       	ld	r18, Z
     2d6:	24 60       	ori	r18, 0x04	; 4
     2d8:	fc 01       	movw	r30, r24
     2da:	20 83       	st	Z, r18
     2dc:	80 e0       	ldi	r24, 0x00	; 0
     2de:	90 e0       	ldi	r25, 0x00	; 0
     2e0:	a0 e0       	ldi	r26, 0x00	; 0
     2e2:	b0 e4       	ldi	r27, 0x40	; 64
     2e4:	89 83       	std	Y+1, r24	; 0x01
     2e6:	9a 83       	std	Y+2, r25	; 0x02
     2e8:	ab 83       	std	Y+3, r26	; 0x03
     2ea:	bc 83       	std	Y+4, r27	; 0x04
	__builtin_avr_delay_cycles(__ticks_dc);

#else
	uint8_t __ticks;
	double __tmp2 ;
	__tmp = ((F_CPU) / 3e6) * __us;
     2ec:	2b ea       	ldi	r18, 0xAB	; 171
     2ee:	3a ea       	ldi	r19, 0xAA	; 170
     2f0:	4a e2       	ldi	r20, 0x2A	; 42
     2f2:	50 e4       	ldi	r21, 0x40	; 64
     2f4:	69 81       	ldd	r22, Y+1	; 0x01
     2f6:	7a 81       	ldd	r23, Y+2	; 0x02
     2f8:	8b 81       	ldd	r24, Y+3	; 0x03
     2fa:	9c 81       	ldd	r25, Y+4	; 0x04
     2fc:	0e 94 af 13 	call	0x275e	; 0x275e <__mulsf3>
     300:	dc 01       	movw	r26, r24
     302:	cb 01       	movw	r24, r22
     304:	8d a3       	std	Y+37, r24	; 0x25
     306:	9e a3       	std	Y+38, r25	; 0x26
     308:	af a3       	std	Y+39, r26	; 0x27
     30a:	b8 a7       	std	Y+40, r27	; 0x28
	__tmp2 = ((F_CPU) / 4e6) * __us;
     30c:	89 81       	ldd	r24, Y+1	; 0x01
     30e:	9a 81       	ldd	r25, Y+2	; 0x02
     310:	ab 81       	ldd	r26, Y+3	; 0x03
     312:	bc 81       	ldd	r27, Y+4	; 0x04
     314:	9c 01       	movw	r18, r24
     316:	ad 01       	movw	r20, r26
     318:	bc 01       	movw	r22, r24
     31a:	cd 01       	movw	r24, r26
     31c:	0e 94 df 11 	call	0x23be	; 0x23be <__addsf3>
     320:	dc 01       	movw	r26, r24
     322:	cb 01       	movw	r24, r22
     324:	89 a7       	std	Y+41, r24	; 0x29
     326:	9a a7       	std	Y+42, r25	; 0x2a
     328:	ab a7       	std	Y+43, r26	; 0x2b
     32a:	bc a7       	std	Y+44, r27	; 0x2c
	if (__tmp < 1.0)
     32c:	20 e0       	ldi	r18, 0x00	; 0
     32e:	30 e0       	ldi	r19, 0x00	; 0
     330:	40 e8       	ldi	r20, 0x80	; 128
     332:	5f e3       	ldi	r21, 0x3F	; 63
     334:	6d a1       	ldd	r22, Y+37	; 0x25
     336:	7e a1       	ldd	r23, Y+38	; 0x26
     338:	8f a1       	ldd	r24, Y+39	; 0x27
     33a:	98 a5       	ldd	r25, Y+40	; 0x28
     33c:	0e 94 4b 12 	call	0x2496	; 0x2496 <__cmpsf2>
     340:	88 23       	and	r24, r24
     342:	1c f4       	brge	.+6      	; 0x34a <GLCD_Enable+0x96>
		__ticks = 1;
     344:	81 e0       	ldi	r24, 0x01	; 1
     346:	8d a7       	std	Y+45, r24	; 0x2d
     348:	b2 c0       	rjmp	.+356    	; 0x4ae <__EEPROM_REGION_LENGTH__+0xae>
	else if (__tmp2 > 65535)
     34a:	20 e0       	ldi	r18, 0x00	; 0
     34c:	3f ef       	ldi	r19, 0xFF	; 255
     34e:	4f e7       	ldi	r20, 0x7F	; 127
     350:	57 e4       	ldi	r21, 0x47	; 71
     352:	69 a5       	ldd	r22, Y+41	; 0x29
     354:	7a a5       	ldd	r23, Y+42	; 0x2a
     356:	8b a5       	ldd	r24, Y+43	; 0x2b
     358:	9c a5       	ldd	r25, Y+44	; 0x2c
     35a:	0e 94 aa 13 	call	0x2754	; 0x2754 <__gesf2>
     35e:	18 16       	cp	r1, r24
     360:	0c f0       	brlt	.+2      	; 0x364 <GLCD_Enable+0xb0>
     362:	7b c0       	rjmp	.+246    	; 0x45a <__EEPROM_REGION_LENGTH__+0x5a>
	{
		_delay_ms(__us / 1000.0);
     364:	20 e0       	ldi	r18, 0x00	; 0
     366:	30 e0       	ldi	r19, 0x00	; 0
     368:	4a e7       	ldi	r20, 0x7A	; 122
     36a:	54 e4       	ldi	r21, 0x44	; 68
     36c:	69 81       	ldd	r22, Y+1	; 0x01
     36e:	7a 81       	ldd	r23, Y+2	; 0x02
     370:	8b 81       	ldd	r24, Y+3	; 0x03
     372:	9c 81       	ldd	r25, Y+4	; 0x04
     374:	0e 94 55 12 	call	0x24aa	; 0x24aa <__divsf3>
     378:	dc 01       	movw	r26, r24
     37a:	cb 01       	movw	r24, r22
     37c:	8e a7       	std	Y+46, r24	; 0x2e
     37e:	9f a7       	std	Y+47, r25	; 0x2f
     380:	a8 ab       	std	Y+48, r26	; 0x30
     382:	b9 ab       	std	Y+49, r27	; 0x31

	__builtin_avr_delay_cycles(__ticks_dc);

#else
	uint16_t __ticks;
	__tmp = ((F_CPU) / 4e3) * __ms;
     384:	20 e0       	ldi	r18, 0x00	; 0
     386:	30 e0       	ldi	r19, 0x00	; 0
     388:	4a ef       	ldi	r20, 0xFA	; 250
     38a:	54 e4       	ldi	r21, 0x44	; 68
     38c:	6e a5       	ldd	r22, Y+46	; 0x2e
     38e:	7f a5       	ldd	r23, Y+47	; 0x2f
     390:	88 a9       	ldd	r24, Y+48	; 0x30
     392:	99 a9       	ldd	r25, Y+49	; 0x31
     394:	0e 94 af 13 	call	0x275e	; 0x275e <__mulsf3>
     398:	dc 01       	movw	r26, r24
     39a:	cb 01       	movw	r24, r22
     39c:	8a ab       	std	Y+50, r24	; 0x32
     39e:	9b ab       	std	Y+51, r25	; 0x33
     3a0:	ac ab       	std	Y+52, r26	; 0x34
     3a2:	bd ab       	std	Y+53, r27	; 0x35
	if (__tmp < 1.0)
     3a4:	20 e0       	ldi	r18, 0x00	; 0
     3a6:	30 e0       	ldi	r19, 0x00	; 0
     3a8:	40 e8       	ldi	r20, 0x80	; 128
     3aa:	5f e3       	ldi	r21, 0x3F	; 63
     3ac:	6a a9       	ldd	r22, Y+50	; 0x32
     3ae:	7b a9       	ldd	r23, Y+51	; 0x33
     3b0:	8c a9       	ldd	r24, Y+52	; 0x34
     3b2:	9d a9       	ldd	r25, Y+53	; 0x35
     3b4:	0e 94 4b 12 	call	0x2496	; 0x2496 <__cmpsf2>
     3b8:	88 23       	and	r24, r24
     3ba:	2c f4       	brge	.+10     	; 0x3c6 <GLCD_Enable+0x112>
		__ticks = 1;
     3bc:	81 e0       	ldi	r24, 0x01	; 1
     3be:	90 e0       	ldi	r25, 0x00	; 0
     3c0:	9f ab       	std	Y+55, r25	; 0x37
     3c2:	8e ab       	std	Y+54, r24	; 0x36
     3c4:	3f c0       	rjmp	.+126    	; 0x444 <__EEPROM_REGION_LENGTH__+0x44>
	else if (__tmp > 65535)
     3c6:	20 e0       	ldi	r18, 0x00	; 0
     3c8:	3f ef       	ldi	r19, 0xFF	; 255
     3ca:	4f e7       	ldi	r20, 0x7F	; 127
     3cc:	57 e4       	ldi	r21, 0x47	; 71
     3ce:	6a a9       	ldd	r22, Y+50	; 0x32
     3d0:	7b a9       	ldd	r23, Y+51	; 0x33
     3d2:	8c a9       	ldd	r24, Y+52	; 0x34
     3d4:	9d a9       	ldd	r25, Y+53	; 0x35
     3d6:	0e 94 aa 13 	call	0x2754	; 0x2754 <__gesf2>
     3da:	18 16       	cp	r1, r24
     3dc:	4c f5       	brge	.+82     	; 0x430 <__EEPROM_REGION_LENGTH__+0x30>
	{
		//	__ticks = requested delay in 1/10 ms
		__ticks = (uint16_t) (__ms * 10.0);
     3de:	20 e0       	ldi	r18, 0x00	; 0
     3e0:	30 e0       	ldi	r19, 0x00	; 0
     3e2:	40 e2       	ldi	r20, 0x20	; 32
     3e4:	51 e4       	ldi	r21, 0x41	; 65
     3e6:	6e a5       	ldd	r22, Y+46	; 0x2e
     3e8:	7f a5       	ldd	r23, Y+47	; 0x2f
     3ea:	88 a9       	ldd	r24, Y+48	; 0x30
     3ec:	99 a9       	ldd	r25, Y+49	; 0x31
     3ee:	0e 94 af 13 	call	0x275e	; 0x275e <__mulsf3>
     3f2:	dc 01       	movw	r26, r24
     3f4:	cb 01       	movw	r24, r22
     3f6:	bc 01       	movw	r22, r24
     3f8:	cd 01       	movw	r24, r26
     3fa:	0e 94 c7 12 	call	0x258e	; 0x258e <__fixunssfsi>
     3fe:	dc 01       	movw	r26, r24
     400:	cb 01       	movw	r24, r22
     402:	9f ab       	std	Y+55, r25	; 0x37
     404:	8e ab       	std	Y+54, r24	; 0x36
     406:	0f c0       	rjmp	.+30     	; 0x426 <__EEPROM_REGION_LENGTH__+0x26>
     408:	88 ec       	ldi	r24, 0xC8	; 200
     40a:	90 e0       	ldi	r25, 0x00	; 0
     40c:	99 af       	std	Y+57, r25	; 0x39
     40e:	88 af       	std	Y+56, r24	; 0x38
    milliseconds can be achieved.
 */
void
_delay_loop_2(uint16_t __count)
{
	__asm__ volatile (
     410:	88 ad       	ldd	r24, Y+56	; 0x38
     412:	99 ad       	ldd	r25, Y+57	; 0x39
     414:	01 97       	sbiw	r24, 0x01	; 1
     416:	f1 f7       	brne	.-4      	; 0x414 <__EEPROM_REGION_LENGTH__+0x14>
     418:	99 af       	std	Y+57, r25	; 0x39
     41a:	88 af       	std	Y+56, r24	; 0x38
		while(__ticks)
		{
			// wait 1/10 ms
			_delay_loop_2(((F_CPU) / 4e3) / 10);
			__ticks --;
     41c:	8e a9       	ldd	r24, Y+54	; 0x36
     41e:	9f a9       	ldd	r25, Y+55	; 0x37
     420:	01 97       	sbiw	r24, 0x01	; 1
     422:	9f ab       	std	Y+55, r25	; 0x37
     424:	8e ab       	std	Y+54, r24	; 0x36
		__ticks = 1;
	else if (__tmp > 65535)
	{
		//	__ticks = requested delay in 1/10 ms
		__ticks = (uint16_t) (__ms * 10.0);
		while(__ticks)
     426:	8e a9       	ldd	r24, Y+54	; 0x36
     428:	9f a9       	ldd	r25, Y+55	; 0x37
     42a:	89 2b       	or	r24, r25
     42c:	69 f7       	brne	.-38     	; 0x408 <__EEPROM_REGION_LENGTH__+0x8>
     42e:	3f c0       	rjmp	.+126    	; 0x4ae <__EEPROM_REGION_LENGTH__+0xae>
			__ticks --;
		}
		return;
	}
	else
		__ticks = (uint16_t)__tmp;
     430:	6a a9       	ldd	r22, Y+50	; 0x32
     432:	7b a9       	ldd	r23, Y+51	; 0x33
     434:	8c a9       	ldd	r24, Y+52	; 0x34
     436:	9d a9       	ldd	r25, Y+53	; 0x35
     438:	0e 94 c7 12 	call	0x258e	; 0x258e <__fixunssfsi>
     43c:	dc 01       	movw	r26, r24
     43e:	cb 01       	movw	r24, r22
     440:	9f ab       	std	Y+55, r25	; 0x37
     442:	8e ab       	std	Y+54, r24	; 0x36
     444:	8e a9       	ldd	r24, Y+54	; 0x36
     446:	9f a9       	ldd	r25, Y+55	; 0x37
     448:	9b af       	std	Y+59, r25	; 0x3b
     44a:	8a af       	std	Y+58, r24	; 0x3a
     44c:	8a ad       	ldd	r24, Y+58	; 0x3a
     44e:	9b ad       	ldd	r25, Y+59	; 0x3b
     450:	01 97       	sbiw	r24, 0x01	; 1
     452:	f1 f7       	brne	.-4      	; 0x450 <__EEPROM_REGION_LENGTH__+0x50>
     454:	9b af       	std	Y+59, r25	; 0x3b
     456:	8a af       	std	Y+58, r24	; 0x3a
     458:	2a c0       	rjmp	.+84     	; 0x4ae <__EEPROM_REGION_LENGTH__+0xae>
		__ticks = 1;
	else if (__tmp2 > 65535)
	{
		_delay_ms(__us / 1000.0);
	}
	else if (__tmp > 255)
     45a:	20 e0       	ldi	r18, 0x00	; 0
     45c:	30 e0       	ldi	r19, 0x00	; 0
     45e:	4f e7       	ldi	r20, 0x7F	; 127
     460:	53 e4       	ldi	r21, 0x43	; 67
     462:	6d a1       	ldd	r22, Y+37	; 0x25
     464:	7e a1       	ldd	r23, Y+38	; 0x26
     466:	8f a1       	ldd	r24, Y+39	; 0x27
     468:	98 a5       	ldd	r25, Y+40	; 0x28
     46a:	0e 94 aa 13 	call	0x2754	; 0x2754 <__gesf2>
     46e:	18 16       	cp	r1, r24
     470:	ac f4       	brge	.+42     	; 0x49c <__EEPROM_REGION_LENGTH__+0x9c>
	{
		uint16_t __ticks=(uint16_t)__tmp2;
     472:	69 a5       	ldd	r22, Y+41	; 0x29
     474:	7a a5       	ldd	r23, Y+42	; 0x2a
     476:	8b a5       	ldd	r24, Y+43	; 0x2b
     478:	9c a5       	ldd	r25, Y+44	; 0x2c
     47a:	0e 94 c7 12 	call	0x258e	; 0x258e <__fixunssfsi>
     47e:	dc 01       	movw	r26, r24
     480:	cb 01       	movw	r24, r22
     482:	9d af       	std	Y+61, r25	; 0x3d
     484:	8c af       	std	Y+60, r24	; 0x3c
     486:	8c ad       	ldd	r24, Y+60	; 0x3c
     488:	9d ad       	ldd	r25, Y+61	; 0x3d
     48a:	9f af       	std	Y+63, r25	; 0x3f
     48c:	8e af       	std	Y+62, r24	; 0x3e
     48e:	8e ad       	ldd	r24, Y+62	; 0x3e
     490:	9f ad       	ldd	r25, Y+63	; 0x3f
     492:	01 97       	sbiw	r24, 0x01	; 1
     494:	f1 f7       	brne	.-4      	; 0x492 <__EEPROM_REGION_LENGTH__+0x92>
     496:	9f af       	std	Y+63, r25	; 0x3f
     498:	8e af       	std	Y+62, r24	; 0x3e
     49a:	1c c0       	rjmp	.+56     	; 0x4d4 <__EEPROM_REGION_LENGTH__+0xd4>
		_delay_loop_2(__ticks);
		return;
	}
	else
		__ticks = (uint8_t)__tmp;
     49c:	6d a1       	ldd	r22, Y+37	; 0x25
     49e:	7e a1       	ldd	r23, Y+38	; 0x26
     4a0:	8f a1       	ldd	r24, Y+39	; 0x27
     4a2:	98 a5       	ldd	r25, Y+40	; 0x28
     4a4:	0e 94 c7 12 	call	0x258e	; 0x258e <__fixunssfsi>
     4a8:	dc 01       	movw	r26, r24
     4aa:	cb 01       	movw	r24, r22
     4ac:	8d a7       	std	Y+45, r24	; 0x2d
     4ae:	2d a5       	ldd	r18, Y+45	; 0x2d
     4b0:	ce 01       	movw	r24, r28
     4b2:	80 5c       	subi	r24, 0xC0	; 192
     4b4:	9f 4f       	sbci	r25, 0xFF	; 255
     4b6:	fc 01       	movw	r30, r24
     4b8:	20 83       	st	Z, r18
    can be achieved.
*/
void
_delay_loop_1(uint8_t __count)
{
	__asm__ volatile (
     4ba:	ce 01       	movw	r24, r28
     4bc:	80 5c       	subi	r24, 0xC0	; 192
     4be:	9f 4f       	sbci	r25, 0xFF	; 255
     4c0:	fc 01       	movw	r30, r24
     4c2:	80 81       	ld	r24, Z
     4c4:	28 2f       	mov	r18, r24
     4c6:	2a 95       	dec	r18
     4c8:	f1 f7       	brne	.-4      	; 0x4c6 <__EEPROM_REGION_LENGTH__+0xc6>
     4ca:	ce 01       	movw	r24, r28
     4cc:	80 5c       	subi	r24, 0xC0	; 192
     4ce:	9f 4f       	sbci	r25, 0xFF	; 255
     4d0:	fc 01       	movw	r30, r24
     4d2:	20 83       	st	Z, r18
	GLCD_CTRL_PORT &= ~(1 << EN); _delay_us(2);
     4d4:	8b e2       	ldi	r24, 0x2B	; 43
     4d6:	90 e0       	ldi	r25, 0x00	; 0
     4d8:	2b e2       	ldi	r18, 0x2B	; 43
     4da:	30 e0       	ldi	r19, 0x00	; 0
     4dc:	f9 01       	movw	r30, r18
     4de:	20 81       	ld	r18, Z
     4e0:	2b 7f       	andi	r18, 0xFB	; 251
     4e2:	fc 01       	movw	r30, r24
     4e4:	20 83       	st	Z, r18
     4e6:	80 e0       	ldi	r24, 0x00	; 0
     4e8:	90 e0       	ldi	r25, 0x00	; 0
     4ea:	a0 e0       	ldi	r26, 0x00	; 0
     4ec:	b0 e4       	ldi	r27, 0x40	; 64
     4ee:	8d 83       	std	Y+5, r24	; 0x05
     4f0:	9e 83       	std	Y+6, r25	; 0x06
     4f2:	af 83       	std	Y+7, r26	; 0x07
     4f4:	b8 87       	std	Y+8, r27	; 0x08
	__builtin_avr_delay_cycles(__ticks_dc);

#else
	uint8_t __ticks;
	double __tmp2 ;
	__tmp = ((F_CPU) / 3e6) * __us;
     4f6:	2b ea       	ldi	r18, 0xAB	; 171
     4f8:	3a ea       	ldi	r19, 0xAA	; 170
     4fa:	4a e2       	ldi	r20, 0x2A	; 42
     4fc:	50 e4       	ldi	r21, 0x40	; 64
     4fe:	6d 81       	ldd	r22, Y+5	; 0x05
     500:	7e 81       	ldd	r23, Y+6	; 0x06
     502:	8f 81       	ldd	r24, Y+7	; 0x07
     504:	98 85       	ldd	r25, Y+8	; 0x08
     506:	0e 94 af 13 	call	0x275e	; 0x275e <__mulsf3>
     50a:	dc 01       	movw	r26, r24
     50c:	cb 01       	movw	r24, r22
     50e:	89 87       	std	Y+9, r24	; 0x09
     510:	9a 87       	std	Y+10, r25	; 0x0a
     512:	ab 87       	std	Y+11, r26	; 0x0b
     514:	bc 87       	std	Y+12, r27	; 0x0c
	__tmp2 = ((F_CPU) / 4e6) * __us;
     516:	8d 81       	ldd	r24, Y+5	; 0x05
     518:	9e 81       	ldd	r25, Y+6	; 0x06
     51a:	af 81       	ldd	r26, Y+7	; 0x07
     51c:	b8 85       	ldd	r27, Y+8	; 0x08
     51e:	9c 01       	movw	r18, r24
     520:	ad 01       	movw	r20, r26
     522:	bc 01       	movw	r22, r24
     524:	cd 01       	movw	r24, r26
     526:	0e 94 df 11 	call	0x23be	; 0x23be <__addsf3>
     52a:	dc 01       	movw	r26, r24
     52c:	cb 01       	movw	r24, r22
     52e:	8d 87       	std	Y+13, r24	; 0x0d
     530:	9e 87       	std	Y+14, r25	; 0x0e
     532:	af 87       	std	Y+15, r26	; 0x0f
     534:	b8 8b       	std	Y+16, r27	; 0x10
	if (__tmp < 1.0)
     536:	20 e0       	ldi	r18, 0x00	; 0
     538:	30 e0       	ldi	r19, 0x00	; 0
     53a:	40 e8       	ldi	r20, 0x80	; 128
     53c:	5f e3       	ldi	r21, 0x3F	; 63
     53e:	69 85       	ldd	r22, Y+9	; 0x09
     540:	7a 85       	ldd	r23, Y+10	; 0x0a
     542:	8b 85       	ldd	r24, Y+11	; 0x0b
     544:	9c 85       	ldd	r25, Y+12	; 0x0c
     546:	0e 94 4b 12 	call	0x2496	; 0x2496 <__cmpsf2>
     54a:	88 23       	and	r24, r24
     54c:	1c f4       	brge	.+6      	; 0x554 <__EEPROM_REGION_LENGTH__+0x154>
		__ticks = 1;
     54e:	81 e0       	ldi	r24, 0x01	; 1
     550:	89 8b       	std	Y+17, r24	; 0x11
     552:	b2 c0       	rjmp	.+356    	; 0x6b8 <__EEPROM_REGION_LENGTH__+0x2b8>
	else if (__tmp2 > 65535)
     554:	20 e0       	ldi	r18, 0x00	; 0
     556:	3f ef       	ldi	r19, 0xFF	; 255
     558:	4f e7       	ldi	r20, 0x7F	; 127
     55a:	57 e4       	ldi	r21, 0x47	; 71
     55c:	6d 85       	ldd	r22, Y+13	; 0x0d
     55e:	7e 85       	ldd	r23, Y+14	; 0x0e
     560:	8f 85       	ldd	r24, Y+15	; 0x0f
     562:	98 89       	ldd	r25, Y+16	; 0x10
     564:	0e 94 aa 13 	call	0x2754	; 0x2754 <__gesf2>
     568:	18 16       	cp	r1, r24
     56a:	0c f0       	brlt	.+2      	; 0x56e <__EEPROM_REGION_LENGTH__+0x16e>
     56c:	7b c0       	rjmp	.+246    	; 0x664 <__EEPROM_REGION_LENGTH__+0x264>
	{
		_delay_ms(__us / 1000.0);
     56e:	20 e0       	ldi	r18, 0x00	; 0
     570:	30 e0       	ldi	r19, 0x00	; 0
     572:	4a e7       	ldi	r20, 0x7A	; 122
     574:	54 e4       	ldi	r21, 0x44	; 68
     576:	6d 81       	ldd	r22, Y+5	; 0x05
     578:	7e 81       	ldd	r23, Y+6	; 0x06
     57a:	8f 81       	ldd	r24, Y+7	; 0x07
     57c:	98 85       	ldd	r25, Y+8	; 0x08
     57e:	0e 94 55 12 	call	0x24aa	; 0x24aa <__divsf3>
     582:	dc 01       	movw	r26, r24
     584:	cb 01       	movw	r24, r22
     586:	8a 8b       	std	Y+18, r24	; 0x12
     588:	9b 8b       	std	Y+19, r25	; 0x13
     58a:	ac 8b       	std	Y+20, r26	; 0x14
     58c:	bd 8b       	std	Y+21, r27	; 0x15

	__builtin_avr_delay_cycles(__ticks_dc);

#else
	uint16_t __ticks;
	__tmp = ((F_CPU) / 4e3) * __ms;
     58e:	20 e0       	ldi	r18, 0x00	; 0
     590:	30 e0       	ldi	r19, 0x00	; 0
     592:	4a ef       	ldi	r20, 0xFA	; 250
     594:	54 e4       	ldi	r21, 0x44	; 68
     596:	6a 89       	ldd	r22, Y+18	; 0x12
     598:	7b 89       	ldd	r23, Y+19	; 0x13
     59a:	8c 89       	ldd	r24, Y+20	; 0x14
     59c:	9d 89       	ldd	r25, Y+21	; 0x15
     59e:	0e 94 af 13 	call	0x275e	; 0x275e <__mulsf3>
     5a2:	dc 01       	movw	r26, r24
     5a4:	cb 01       	movw	r24, r22
     5a6:	8e 8b       	std	Y+22, r24	; 0x16
     5a8:	9f 8b       	std	Y+23, r25	; 0x17
     5aa:	a8 8f       	std	Y+24, r26	; 0x18
     5ac:	b9 8f       	std	Y+25, r27	; 0x19
	if (__tmp < 1.0)
     5ae:	20 e0       	ldi	r18, 0x00	; 0
     5b0:	30 e0       	ldi	r19, 0x00	; 0
     5b2:	40 e8       	ldi	r20, 0x80	; 128
     5b4:	5f e3       	ldi	r21, 0x3F	; 63
     5b6:	6e 89       	ldd	r22, Y+22	; 0x16
     5b8:	7f 89       	ldd	r23, Y+23	; 0x17
     5ba:	88 8d       	ldd	r24, Y+24	; 0x18
     5bc:	99 8d       	ldd	r25, Y+25	; 0x19
     5be:	0e 94 4b 12 	call	0x2496	; 0x2496 <__cmpsf2>
     5c2:	88 23       	and	r24, r24
     5c4:	2c f4       	brge	.+10     	; 0x5d0 <__EEPROM_REGION_LENGTH__+0x1d0>
		__ticks = 1;
     5c6:	81 e0       	ldi	r24, 0x01	; 1
     5c8:	90 e0       	ldi	r25, 0x00	; 0
     5ca:	9b 8f       	std	Y+27, r25	; 0x1b
     5cc:	8a 8f       	std	Y+26, r24	; 0x1a
     5ce:	3f c0       	rjmp	.+126    	; 0x64e <__EEPROM_REGION_LENGTH__+0x24e>
	else if (__tmp > 65535)
     5d0:	20 e0       	ldi	r18, 0x00	; 0
     5d2:	3f ef       	ldi	r19, 0xFF	; 255
     5d4:	4f e7       	ldi	r20, 0x7F	; 127
     5d6:	57 e4       	ldi	r21, 0x47	; 71
     5d8:	6e 89       	ldd	r22, Y+22	; 0x16
     5da:	7f 89       	ldd	r23, Y+23	; 0x17
     5dc:	88 8d       	ldd	r24, Y+24	; 0x18
     5de:	99 8d       	ldd	r25, Y+25	; 0x19
     5e0:	0e 94 aa 13 	call	0x2754	; 0x2754 <__gesf2>
     5e4:	18 16       	cp	r1, r24
     5e6:	4c f5       	brge	.+82     	; 0x63a <__EEPROM_REGION_LENGTH__+0x23a>
	{
		//	__ticks = requested delay in 1/10 ms
		__ticks = (uint16_t) (__ms * 10.0);
     5e8:	20 e0       	ldi	r18, 0x00	; 0
     5ea:	30 e0       	ldi	r19, 0x00	; 0
     5ec:	40 e2       	ldi	r20, 0x20	; 32
     5ee:	51 e4       	ldi	r21, 0x41	; 65
     5f0:	6a 89       	ldd	r22, Y+18	; 0x12
     5f2:	7b 89       	ldd	r23, Y+19	; 0x13
     5f4:	8c 89       	ldd	r24, Y+20	; 0x14
     5f6:	9d 89       	ldd	r25, Y+21	; 0x15
     5f8:	0e 94 af 13 	call	0x275e	; 0x275e <__mulsf3>
     5fc:	dc 01       	movw	r26, r24
     5fe:	cb 01       	movw	r24, r22
     600:	bc 01       	movw	r22, r24
     602:	cd 01       	movw	r24, r26
     604:	0e 94 c7 12 	call	0x258e	; 0x258e <__fixunssfsi>
     608:	dc 01       	movw	r26, r24
     60a:	cb 01       	movw	r24, r22
     60c:	9b 8f       	std	Y+27, r25	; 0x1b
     60e:	8a 8f       	std	Y+26, r24	; 0x1a
     610:	0f c0       	rjmp	.+30     	; 0x630 <__EEPROM_REGION_LENGTH__+0x230>
     612:	88 ec       	ldi	r24, 0xC8	; 200
     614:	90 e0       	ldi	r25, 0x00	; 0
     616:	9d 8f       	std	Y+29, r25	; 0x1d
     618:	8c 8f       	std	Y+28, r24	; 0x1c
    milliseconds can be achieved.
 */
void
_delay_loop_2(uint16_t __count)
{
	__asm__ volatile (
     61a:	8c 8d       	ldd	r24, Y+28	; 0x1c
     61c:	9d 8d       	ldd	r25, Y+29	; 0x1d
     61e:	01 97       	sbiw	r24, 0x01	; 1
     620:	f1 f7       	brne	.-4      	; 0x61e <__EEPROM_REGION_LENGTH__+0x21e>
     622:	9d 8f       	std	Y+29, r25	; 0x1d
     624:	8c 8f       	std	Y+28, r24	; 0x1c
		while(__ticks)
		{
			// wait 1/10 ms
			_delay_loop_2(((F_CPU) / 4e3) / 10);
			__ticks --;
     626:	8a 8d       	ldd	r24, Y+26	; 0x1a
     628:	9b 8d       	ldd	r25, Y+27	; 0x1b
     62a:	01 97       	sbiw	r24, 0x01	; 1
     62c:	9b 8f       	std	Y+27, r25	; 0x1b
     62e:	8a 8f       	std	Y+26, r24	; 0x1a
		__ticks = 1;
	else if (__tmp > 65535)
	{
		//	__ticks = requested delay in 1/10 ms
		__ticks = (uint16_t) (__ms * 10.0);
		while(__ticks)
     630:	8a 8d       	ldd	r24, Y+26	; 0x1a
     632:	9b 8d       	ldd	r25, Y+27	; 0x1b
     634:	89 2b       	or	r24, r25
     636:	69 f7       	brne	.-38     	; 0x612 <__EEPROM_REGION_LENGTH__+0x212>
     638:	3f c0       	rjmp	.+126    	; 0x6b8 <__EEPROM_REGION_LENGTH__+0x2b8>
			__ticks --;
		}
		return;
	}
	else
		__ticks = (uint16_t)__tmp;
     63a:	6e 89       	ldd	r22, Y+22	; 0x16
     63c:	7f 89       	ldd	r23, Y+23	; 0x17
     63e:	88 8d       	ldd	r24, Y+24	; 0x18
     640:	99 8d       	ldd	r25, Y+25	; 0x19
     642:	0e 94 c7 12 	call	0x258e	; 0x258e <__fixunssfsi>
     646:	dc 01       	movw	r26, r24
     648:	cb 01       	movw	r24, r22
     64a:	9b 8f       	std	Y+27, r25	; 0x1b
     64c:	8a 8f       	std	Y+26, r24	; 0x1a
     64e:	8a 8d       	ldd	r24, Y+26	; 0x1a
     650:	9b 8d       	ldd	r25, Y+27	; 0x1b
     652:	9f 8f       	std	Y+31, r25	; 0x1f
     654:	8e 8f       	std	Y+30, r24	; 0x1e
     656:	8e 8d       	ldd	r24, Y+30	; 0x1e
     658:	9f 8d       	ldd	r25, Y+31	; 0x1f
     65a:	01 97       	sbiw	r24, 0x01	; 1
     65c:	f1 f7       	brne	.-4      	; 0x65a <__EEPROM_REGION_LENGTH__+0x25a>
     65e:	9f 8f       	std	Y+31, r25	; 0x1f
     660:	8e 8f       	std	Y+30, r24	; 0x1e
     662:	2a c0       	rjmp	.+84     	; 0x6b8 <__EEPROM_REGION_LENGTH__+0x2b8>
		__ticks = 1;
	else if (__tmp2 > 65535)
	{
		_delay_ms(__us / 1000.0);
	}
	else if (__tmp > 255)
     664:	20 e0       	ldi	r18, 0x00	; 0
     666:	30 e0       	ldi	r19, 0x00	; 0
     668:	4f e7       	ldi	r20, 0x7F	; 127
     66a:	53 e4       	ldi	r21, 0x43	; 67
     66c:	69 85       	ldd	r22, Y+9	; 0x09
     66e:	7a 85       	ldd	r23, Y+10	; 0x0a
     670:	8b 85       	ldd	r24, Y+11	; 0x0b
     672:	9c 85       	ldd	r25, Y+12	; 0x0c
     674:	0e 94 aa 13 	call	0x2754	; 0x2754 <__gesf2>
     678:	18 16       	cp	r1, r24
     67a:	ac f4       	brge	.+42     	; 0x6a6 <__EEPROM_REGION_LENGTH__+0x2a6>
	{
		uint16_t __ticks=(uint16_t)__tmp2;
     67c:	6d 85       	ldd	r22, Y+13	; 0x0d
     67e:	7e 85       	ldd	r23, Y+14	; 0x0e
     680:	8f 85       	ldd	r24, Y+15	; 0x0f
     682:	98 89       	ldd	r25, Y+16	; 0x10
     684:	0e 94 c7 12 	call	0x258e	; 0x258e <__fixunssfsi>
     688:	dc 01       	movw	r26, r24
     68a:	cb 01       	movw	r24, r22
     68c:	99 a3       	std	Y+33, r25	; 0x21
     68e:	88 a3       	std	Y+32, r24	; 0x20
     690:	88 a1       	ldd	r24, Y+32	; 0x20
     692:	99 a1       	ldd	r25, Y+33	; 0x21
     694:	9b a3       	std	Y+35, r25	; 0x23
     696:	8a a3       	std	Y+34, r24	; 0x22
     698:	8a a1       	ldd	r24, Y+34	; 0x22
     69a:	9b a1       	ldd	r25, Y+35	; 0x23
     69c:	01 97       	sbiw	r24, 0x01	; 1
     69e:	f1 f7       	brne	.-4      	; 0x69c <__EEPROM_REGION_LENGTH__+0x29c>
     6a0:	9b a3       	std	Y+35, r25	; 0x23
     6a2:	8a a3       	std	Y+34, r24	; 0x22
}
     6a4:	0f c0       	rjmp	.+30     	; 0x6c4 <__EEPROM_REGION_LENGTH__+0x2c4>
		_delay_loop_2(__ticks);
		return;
	}
	else
		__ticks = (uint8_t)__tmp;
     6a6:	69 85       	ldd	r22, Y+9	; 0x09
     6a8:	7a 85       	ldd	r23, Y+10	; 0x0a
     6aa:	8b 85       	ldd	r24, Y+11	; 0x0b
     6ac:	9c 85       	ldd	r25, Y+12	; 0x0c
     6ae:	0e 94 c7 12 	call	0x258e	; 0x258e <__fixunssfsi>
     6b2:	dc 01       	movw	r26, r24
     6b4:	cb 01       	movw	r24, r22
     6b6:	89 8b       	std	Y+17, r24	; 0x11
     6b8:	89 89       	ldd	r24, Y+17	; 0x11
     6ba:	8c a3       	std	Y+36, r24	; 0x24
    can be achieved.
*/
void
_delay_loop_1(uint8_t __count)
{
	__asm__ volatile (
     6bc:	8c a1       	ldd	r24, Y+36	; 0x24
     6be:	8a 95       	dec	r24
     6c0:	f1 f7       	brne	.-4      	; 0x6be <__EEPROM_REGION_LENGTH__+0x2be>
     6c2:	8c a3       	std	Y+36, r24	; 0x24
     6c4:	00 00       	nop
     6c6:	c0 5c       	subi	r28, 0xC0	; 192
     6c8:	df 4f       	sbci	r29, 0xFF	; 255
     6ca:	0f b6       	in	r0, 0x3f	; 63
     6cc:	f8 94       	cli
     6ce:	de bf       	out	0x3e, r29	; 62
     6d0:	0f be       	out	0x3f, r0	; 63
     6d2:	cd bf       	out	0x3d, r28	; 61
     6d4:	df 91       	pop	r29
     6d6:	cf 91       	pop	r28
     6d8:	08 95       	ret

000006da <GLCD_Command>:

void GLCD_Command(uint8_t cmd, uint8_t chip) {
     6da:	cf 93       	push	r28
     6dc:	df 93       	push	r29
     6de:	00 d0       	rcall	.+0      	; 0x6e0 <GLCD_Command+0x6>
     6e0:	cd b7       	in	r28, 0x3d	; 61
     6e2:	de b7       	in	r29, 0x3e	; 62
     6e4:	89 83       	std	Y+1, r24	; 0x01
     6e6:	6a 83       	std	Y+2, r22	; 0x02
	GLCD_CTRL_PORT &= ~((1<<CS1) | (1<<CS2));
     6e8:	8b e2       	ldi	r24, 0x2B	; 43
     6ea:	90 e0       	ldi	r25, 0x00	; 0
     6ec:	2b e2       	ldi	r18, 0x2B	; 43
     6ee:	30 e0       	ldi	r19, 0x00	; 0
     6f0:	f9 01       	movw	r30, r18
     6f2:	20 81       	ld	r18, Z
     6f4:	27 7e       	andi	r18, 0xE7	; 231
     6f6:	fc 01       	movw	r30, r24
     6f8:	20 83       	st	Z, r18
	if(chip == 1) GLCD_CTRL_PORT |= (1<<CS1);
     6fa:	8a 81       	ldd	r24, Y+2	; 0x02
     6fc:	81 30       	cpi	r24, 0x01	; 1
     6fe:	49 f4       	brne	.+18     	; 0x712 <GLCD_Command+0x38>
     700:	8b e2       	ldi	r24, 0x2B	; 43
     702:	90 e0       	ldi	r25, 0x00	; 0
     704:	2b e2       	ldi	r18, 0x2B	; 43
     706:	30 e0       	ldi	r19, 0x00	; 0
     708:	f9 01       	movw	r30, r18
     70a:	20 81       	ld	r18, Z
     70c:	28 60       	ori	r18, 0x08	; 8
     70e:	fc 01       	movw	r30, r24
     710:	20 83       	st	Z, r18
	if(chip == 2) GLCD_CTRL_PORT |= (1<<CS2);
     712:	8a 81       	ldd	r24, Y+2	; 0x02
     714:	82 30       	cpi	r24, 0x02	; 2
     716:	49 f4       	brne	.+18     	; 0x72a <GLCD_Command+0x50>
     718:	8b e2       	ldi	r24, 0x2B	; 43
     71a:	90 e0       	ldi	r25, 0x00	; 0
     71c:	2b e2       	ldi	r18, 0x2B	; 43
     71e:	30 e0       	ldi	r19, 0x00	; 0
     720:	f9 01       	movw	r30, r18
     722:	20 81       	ld	r18, Z
     724:	20 61       	ori	r18, 0x10	; 16
     726:	fc 01       	movw	r30, r24
     728:	20 83       	st	Z, r18
	
	GLCD_CTRL_PORT &= ~(1 << RS);
     72a:	8b e2       	ldi	r24, 0x2B	; 43
     72c:	90 e0       	ldi	r25, 0x00	; 0
     72e:	2b e2       	ldi	r18, 0x2B	; 43
     730:	30 e0       	ldi	r19, 0x00	; 0
     732:	f9 01       	movw	r30, r18
     734:	20 81       	ld	r18, Z
     736:	2e 7f       	andi	r18, 0xFE	; 254
     738:	fc 01       	movw	r30, r24
     73a:	20 83       	st	Z, r18
	GLCD_CTRL_PORT &= ~(1 << RW);
     73c:	8b e2       	ldi	r24, 0x2B	; 43
     73e:	90 e0       	ldi	r25, 0x00	; 0
     740:	2b e2       	ldi	r18, 0x2B	; 43
     742:	30 e0       	ldi	r19, 0x00	; 0
     744:	f9 01       	movw	r30, r18
     746:	20 81       	ld	r18, Z
     748:	2d 7f       	andi	r18, 0xFD	; 253
     74a:	fc 01       	movw	r30, r24
     74c:	20 83       	st	Z, r18
	GLCD_DATA_PORT = cmd;
     74e:	88 e2       	ldi	r24, 0x28	; 40
     750:	90 e0       	ldi	r25, 0x00	; 0
     752:	29 81       	ldd	r18, Y+1	; 0x01
     754:	fc 01       	movw	r30, r24
     756:	20 83       	st	Z, r18
	GLCD_Enable();
     758:	0e 94 5a 01 	call	0x2b4	; 0x2b4 <GLCD_Enable>
}
     75c:	00 00       	nop
     75e:	0f 90       	pop	r0
     760:	0f 90       	pop	r0
     762:	df 91       	pop	r29
     764:	cf 91       	pop	r28
     766:	08 95       	ret

00000768 <GLCD_Data>:

void GLCD_Data(uint8_t data, uint8_t chip) {
     768:	cf 93       	push	r28
     76a:	df 93       	push	r29
     76c:	00 d0       	rcall	.+0      	; 0x76e <GLCD_Data+0x6>
     76e:	cd b7       	in	r28, 0x3d	; 61
     770:	de b7       	in	r29, 0x3e	; 62
     772:	89 83       	std	Y+1, r24	; 0x01
     774:	6a 83       	std	Y+2, r22	; 0x02
	GLCD_CTRL_PORT &= ~((1<<CS1) | (1<<CS2));
     776:	8b e2       	ldi	r24, 0x2B	; 43
     778:	90 e0       	ldi	r25, 0x00	; 0
     77a:	2b e2       	ldi	r18, 0x2B	; 43
     77c:	30 e0       	ldi	r19, 0x00	; 0
     77e:	f9 01       	movw	r30, r18
     780:	20 81       	ld	r18, Z
     782:	27 7e       	andi	r18, 0xE7	; 231
     784:	fc 01       	movw	r30, r24
     786:	20 83       	st	Z, r18
	if(chip == 1) GLCD_CTRL_PORT |= (1<<CS1);
     788:	8a 81       	ldd	r24, Y+2	; 0x02
     78a:	81 30       	cpi	r24, 0x01	; 1
     78c:	49 f4       	brne	.+18     	; 0x7a0 <GLCD_Data+0x38>
     78e:	8b e2       	ldi	r24, 0x2B	; 43
     790:	90 e0       	ldi	r25, 0x00	; 0
     792:	2b e2       	ldi	r18, 0x2B	; 43
     794:	30 e0       	ldi	r19, 0x00	; 0
     796:	f9 01       	movw	r30, r18
     798:	20 81       	ld	r18, Z
     79a:	28 60       	ori	r18, 0x08	; 8
     79c:	fc 01       	movw	r30, r24
     79e:	20 83       	st	Z, r18
	if(chip == 2) GLCD_CTRL_PORT |= (1<<CS2);
     7a0:	8a 81       	ldd	r24, Y+2	; 0x02
     7a2:	82 30       	cpi	r24, 0x02	; 2
     7a4:	49 f4       	brne	.+18     	; 0x7b8 <GLCD_Data+0x50>
     7a6:	8b e2       	ldi	r24, 0x2B	; 43
     7a8:	90 e0       	ldi	r25, 0x00	; 0
     7aa:	2b e2       	ldi	r18, 0x2B	; 43
     7ac:	30 e0       	ldi	r19, 0x00	; 0
     7ae:	f9 01       	movw	r30, r18
     7b0:	20 81       	ld	r18, Z
     7b2:	20 61       	ori	r18, 0x10	; 16
     7b4:	fc 01       	movw	r30, r24
     7b6:	20 83       	st	Z, r18
	
	GLCD_CTRL_PORT |= (1 << RS);
     7b8:	8b e2       	ldi	r24, 0x2B	; 43
     7ba:	90 e0       	ldi	r25, 0x00	; 0
     7bc:	2b e2       	ldi	r18, 0x2B	; 43
     7be:	30 e0       	ldi	r19, 0x00	; 0
     7c0:	f9 01       	movw	r30, r18
     7c2:	20 81       	ld	r18, Z
     7c4:	21 60       	ori	r18, 0x01	; 1
     7c6:	fc 01       	movw	r30, r24
     7c8:	20 83       	st	Z, r18
	GLCD_CTRL_PORT &= ~(1 << RW);
     7ca:	8b e2       	ldi	r24, 0x2B	; 43
     7cc:	90 e0       	ldi	r25, 0x00	; 0
     7ce:	2b e2       	ldi	r18, 0x2B	; 43
     7d0:	30 e0       	ldi	r19, 0x00	; 0
     7d2:	f9 01       	movw	r30, r18
     7d4:	20 81       	ld	r18, Z
     7d6:	2d 7f       	andi	r18, 0xFD	; 253
     7d8:	fc 01       	movw	r30, r24
     7da:	20 83       	st	Z, r18
	GLCD_DATA_PORT = data;
     7dc:	88 e2       	ldi	r24, 0x28	; 40
     7de:	90 e0       	ldi	r25, 0x00	; 0
     7e0:	29 81       	ldd	r18, Y+1	; 0x01
     7e2:	fc 01       	movw	r30, r24
     7e4:	20 83       	st	Z, r18
	GLCD_Enable();
     7e6:	0e 94 5a 01 	call	0x2b4	; 0x2b4 <GLCD_Enable>
}
     7ea:	00 00       	nop
     7ec:	0f 90       	pop	r0
     7ee:	0f 90       	pop	r0
     7f0:	df 91       	pop	r29
     7f2:	cf 91       	pop	r28
     7f4:	08 95       	ret

000007f6 <GLCD_Init>:

void GLCD_Init() {
     7f6:	cf 93       	push	r28
     7f8:	df 93       	push	r29
     7fa:	cd b7       	in	r28, 0x3d	; 61
     7fc:	de b7       	in	r29, 0x3e	; 62
     7fe:	2e 97       	sbiw	r28, 0x0e	; 14
     800:	0f b6       	in	r0, 0x3f	; 63
     802:	f8 94       	cli
     804:	de bf       	out	0x3e, r29	; 62
     806:	0f be       	out	0x3f, r0	; 63
     808:	cd bf       	out	0x3d, r28	; 61
	GLCD_DATA_DDR = 0xFF;
     80a:	87 e2       	ldi	r24, 0x27	; 39
     80c:	90 e0       	ldi	r25, 0x00	; 0
     80e:	2f ef       	ldi	r18, 0xFF	; 255
     810:	fc 01       	movw	r30, r24
     812:	20 83       	st	Z, r18
	GLCD_CTRL_DDR |= (1<<RS)|(1<<RW)|(1<<EN)|(1<<CS1)|(1<<CS2);
     814:	8a e2       	ldi	r24, 0x2A	; 42
     816:	90 e0       	ldi	r25, 0x00	; 0
     818:	2a e2       	ldi	r18, 0x2A	; 42
     81a:	30 e0       	ldi	r19, 0x00	; 0
     81c:	f9 01       	movw	r30, r18
     81e:	20 81       	ld	r18, Z
     820:	2f 61       	ori	r18, 0x1F	; 31
     822:	fc 01       	movw	r30, r24
     824:	20 83       	st	Z, r18
     826:	80 e0       	ldi	r24, 0x00	; 0
     828:	90 e0       	ldi	r25, 0x00	; 0
     82a:	a8 e4       	ldi	r26, 0x48	; 72
     82c:	b2 e4       	ldi	r27, 0x42	; 66
     82e:	89 83       	std	Y+1, r24	; 0x01
     830:	9a 83       	std	Y+2, r25	; 0x02
     832:	ab 83       	std	Y+3, r26	; 0x03
     834:	bc 83       	std	Y+4, r27	; 0x04

	__builtin_avr_delay_cycles(__ticks_dc);

#else
	uint16_t __ticks;
	__tmp = ((F_CPU) / 4e3) * __ms;
     836:	20 e0       	ldi	r18, 0x00	; 0
     838:	30 e0       	ldi	r19, 0x00	; 0
     83a:	4a ef       	ldi	r20, 0xFA	; 250
     83c:	54 e4       	ldi	r21, 0x44	; 68
     83e:	69 81       	ldd	r22, Y+1	; 0x01
     840:	7a 81       	ldd	r23, Y+2	; 0x02
     842:	8b 81       	ldd	r24, Y+3	; 0x03
     844:	9c 81       	ldd	r25, Y+4	; 0x04
     846:	0e 94 af 13 	call	0x275e	; 0x275e <__mulsf3>
     84a:	dc 01       	movw	r26, r24
     84c:	cb 01       	movw	r24, r22
     84e:	8d 83       	std	Y+5, r24	; 0x05
     850:	9e 83       	std	Y+6, r25	; 0x06
     852:	af 83       	std	Y+7, r26	; 0x07
     854:	b8 87       	std	Y+8, r27	; 0x08
	if (__tmp < 1.0)
     856:	20 e0       	ldi	r18, 0x00	; 0
     858:	30 e0       	ldi	r19, 0x00	; 0
     85a:	40 e8       	ldi	r20, 0x80	; 128
     85c:	5f e3       	ldi	r21, 0x3F	; 63
     85e:	6d 81       	ldd	r22, Y+5	; 0x05
     860:	7e 81       	ldd	r23, Y+6	; 0x06
     862:	8f 81       	ldd	r24, Y+7	; 0x07
     864:	98 85       	ldd	r25, Y+8	; 0x08
     866:	0e 94 4b 12 	call	0x2496	; 0x2496 <__cmpsf2>
     86a:	88 23       	and	r24, r24
     86c:	2c f4       	brge	.+10     	; 0x878 <__DATA_REGION_LENGTH__+0x78>
		__ticks = 1;
     86e:	81 e0       	ldi	r24, 0x01	; 1
     870:	90 e0       	ldi	r25, 0x00	; 0
     872:	9a 87       	std	Y+10, r25	; 0x0a
     874:	89 87       	std	Y+9, r24	; 0x09
     876:	3f c0       	rjmp	.+126    	; 0x8f6 <__DATA_REGION_LENGTH__+0xf6>
	else if (__tmp > 65535)
     878:	20 e0       	ldi	r18, 0x00	; 0
     87a:	3f ef       	ldi	r19, 0xFF	; 255
     87c:	4f e7       	ldi	r20, 0x7F	; 127
     87e:	57 e4       	ldi	r21, 0x47	; 71
     880:	6d 81       	ldd	r22, Y+5	; 0x05
     882:	7e 81       	ldd	r23, Y+6	; 0x06
     884:	8f 81       	ldd	r24, Y+7	; 0x07
     886:	98 85       	ldd	r25, Y+8	; 0x08
     888:	0e 94 aa 13 	call	0x2754	; 0x2754 <__gesf2>
     88c:	18 16       	cp	r1, r24
     88e:	4c f5       	brge	.+82     	; 0x8e2 <__DATA_REGION_LENGTH__+0xe2>
	{
		//	__ticks = requested delay in 1/10 ms
		__ticks = (uint16_t) (__ms * 10.0);
     890:	20 e0       	ldi	r18, 0x00	; 0
     892:	30 e0       	ldi	r19, 0x00	; 0
     894:	40 e2       	ldi	r20, 0x20	; 32
     896:	51 e4       	ldi	r21, 0x41	; 65
     898:	69 81       	ldd	r22, Y+1	; 0x01
     89a:	7a 81       	ldd	r23, Y+2	; 0x02
     89c:	8b 81       	ldd	r24, Y+3	; 0x03
     89e:	9c 81       	ldd	r25, Y+4	; 0x04
     8a0:	0e 94 af 13 	call	0x275e	; 0x275e <__mulsf3>
     8a4:	dc 01       	movw	r26, r24
     8a6:	cb 01       	movw	r24, r22
     8a8:	bc 01       	movw	r22, r24
     8aa:	cd 01       	movw	r24, r26
     8ac:	0e 94 c7 12 	call	0x258e	; 0x258e <__fixunssfsi>
     8b0:	dc 01       	movw	r26, r24
     8b2:	cb 01       	movw	r24, r22
     8b4:	9a 87       	std	Y+10, r25	; 0x0a
     8b6:	89 87       	std	Y+9, r24	; 0x09
     8b8:	0f c0       	rjmp	.+30     	; 0x8d8 <__DATA_REGION_LENGTH__+0xd8>
     8ba:	88 ec       	ldi	r24, 0xC8	; 200
     8bc:	90 e0       	ldi	r25, 0x00	; 0
     8be:	9c 87       	std	Y+12, r25	; 0x0c
     8c0:	8b 87       	std	Y+11, r24	; 0x0b
    milliseconds can be achieved.
 */
void
_delay_loop_2(uint16_t __count)
{
	__asm__ volatile (
     8c2:	8b 85       	ldd	r24, Y+11	; 0x0b
     8c4:	9c 85       	ldd	r25, Y+12	; 0x0c
     8c6:	01 97       	sbiw	r24, 0x01	; 1
     8c8:	f1 f7       	brne	.-4      	; 0x8c6 <__DATA_REGION_LENGTH__+0xc6>
     8ca:	9c 87       	std	Y+12, r25	; 0x0c
     8cc:	8b 87       	std	Y+11, r24	; 0x0b
		while(__ticks)
		{
			// wait 1/10 ms
			_delay_loop_2(((F_CPU) / 4e3) / 10);
			__ticks --;
     8ce:	89 85       	ldd	r24, Y+9	; 0x09
     8d0:	9a 85       	ldd	r25, Y+10	; 0x0a
     8d2:	01 97       	sbiw	r24, 0x01	; 1
     8d4:	9a 87       	std	Y+10, r25	; 0x0a
     8d6:	89 87       	std	Y+9, r24	; 0x09
		__ticks = 1;
	else if (__tmp > 65535)
	{
		//	__ticks = requested delay in 1/10 ms
		__ticks = (uint16_t) (__ms * 10.0);
		while(__ticks)
     8d8:	89 85       	ldd	r24, Y+9	; 0x09
     8da:	9a 85       	ldd	r25, Y+10	; 0x0a
     8dc:	89 2b       	or	r24, r25
     8de:	69 f7       	brne	.-38     	; 0x8ba <__DATA_REGION_LENGTH__+0xba>
     8e0:	14 c0       	rjmp	.+40     	; 0x90a <__stack+0xb>
			__ticks --;
		}
		return;
	}
	else
		__ticks = (uint16_t)__tmp;
     8e2:	6d 81       	ldd	r22, Y+5	; 0x05
     8e4:	7e 81       	ldd	r23, Y+6	; 0x06
     8e6:	8f 81       	ldd	r24, Y+7	; 0x07
     8e8:	98 85       	ldd	r25, Y+8	; 0x08
     8ea:	0e 94 c7 12 	call	0x258e	; 0x258e <__fixunssfsi>
     8ee:	dc 01       	movw	r26, r24
     8f0:	cb 01       	movw	r24, r22
     8f2:	9a 87       	std	Y+10, r25	; 0x0a
     8f4:	89 87       	std	Y+9, r24	; 0x09
     8f6:	89 85       	ldd	r24, Y+9	; 0x09
     8f8:	9a 85       	ldd	r25, Y+10	; 0x0a
     8fa:	9e 87       	std	Y+14, r25	; 0x0e
     8fc:	8d 87       	std	Y+13, r24	; 0x0d
     8fe:	8d 85       	ldd	r24, Y+13	; 0x0d
     900:	9e 85       	ldd	r25, Y+14	; 0x0e
     902:	01 97       	sbiw	r24, 0x01	; 1
     904:	f1 f7       	brne	.-4      	; 0x902 <__stack+0x3>
     906:	9e 87       	std	Y+14, r25	; 0x0e
     908:	8d 87       	std	Y+13, r24	; 0x0d
	_delay_ms(50);
	GLCD_Command(0x3F, 1);
     90a:	61 e0       	ldi	r22, 0x01	; 1
     90c:	8f e3       	ldi	r24, 0x3F	; 63
     90e:	0e 94 6d 03 	call	0x6da	; 0x6da <GLCD_Command>
	GLCD_Command(0x3F, 2);
     912:	62 e0       	ldi	r22, 0x02	; 2
     914:	8f e3       	ldi	r24, 0x3F	; 63
     916:	0e 94 6d 03 	call	0x6da	; 0x6da <GLCD_Command>
	GLCD_Command(0xC0, 1);
     91a:	61 e0       	ldi	r22, 0x01	; 1
     91c:	80 ec       	ldi	r24, 0xC0	; 192
     91e:	0e 94 6d 03 	call	0x6da	; 0x6da <GLCD_Command>
	GLCD_Command(0xC0, 2);
     922:	62 e0       	ldi	r22, 0x02	; 2
     924:	80 ec       	ldi	r24, 0xC0	; 192
     926:	0e 94 6d 03 	call	0x6da	; 0x6da <GLCD_Command>
}
     92a:	00 00       	nop
     92c:	2e 96       	adiw	r28, 0x0e	; 14
     92e:	0f b6       	in	r0, 0x3f	; 63
     930:	f8 94       	cli
     932:	de bf       	out	0x3e, r29	; 62
     934:	0f be       	out	0x3f, r0	; 63
     936:	cd bf       	out	0x3d, r28	; 61
     938:	df 91       	pop	r29
     93a:	cf 91       	pop	r28
     93c:	08 95       	ret

0000093e <GLCD_SetCursor>:

void GLCD_SetCursor(uint8_t page, uint8_t col) {
     93e:	cf 93       	push	r28
     940:	df 93       	push	r29
     942:	00 d0       	rcall	.+0      	; 0x944 <GLCD_SetCursor+0x6>
     944:	00 d0       	rcall	.+0      	; 0x946 <GLCD_SetCursor+0x8>
     946:	cd b7       	in	r28, 0x3d	; 61
     948:	de b7       	in	r29, 0x3e	; 62
     94a:	8b 83       	std	Y+3, r24	; 0x03
     94c:	6c 83       	std	Y+4, r22	; 0x04
	glcd_y = page;
     94e:	8b 81       	ldd	r24, Y+3	; 0x03
     950:	80 93 ed 03 	sts	0x03ED, r24	; 0x8003ed <glcd_y>
	glcd_x = col;
     954:	8c 81       	ldd	r24, Y+4	; 0x04
     956:	80 93 ec 03 	sts	0x03EC, r24	; 0x8003ec <__data_end>
	uint8_t chip = (col < 64) ? 1 : 2;
     95a:	8c 81       	ldd	r24, Y+4	; 0x04
     95c:	80 34       	cpi	r24, 0x40	; 64
     95e:	10 f4       	brcc	.+4      	; 0x964 <GLCD_SetCursor+0x26>
     960:	81 e0       	ldi	r24, 0x01	; 1
     962:	01 c0       	rjmp	.+2      	; 0x966 <GLCD_SetCursor+0x28>
     964:	82 e0       	ldi	r24, 0x02	; 2
     966:	89 83       	std	Y+1, r24	; 0x01
	uint8_t local_col = (col < 64) ? col : (col - 64);
     968:	8c 81       	ldd	r24, Y+4	; 0x04
     96a:	80 34       	cpi	r24, 0x40	; 64
     96c:	18 f0       	brcs	.+6      	; 0x974 <GLCD_SetCursor+0x36>
     96e:	8c 81       	ldd	r24, Y+4	; 0x04
     970:	80 54       	subi	r24, 0x40	; 64
     972:	01 c0       	rjmp	.+2      	; 0x976 <GLCD_SetCursor+0x38>
     974:	8c 81       	ldd	r24, Y+4	; 0x04
     976:	8a 83       	std	Y+2, r24	; 0x02
	
	GLCD_Command(0xB8 | page, chip);      // Set Page (0-7)
     978:	8b 81       	ldd	r24, Y+3	; 0x03
     97a:	88 6b       	ori	r24, 0xB8	; 184
     97c:	69 81       	ldd	r22, Y+1	; 0x01
     97e:	0e 94 6d 03 	call	0x6da	; 0x6da <GLCD_Command>
	GLCD_Command(0x40 | local_col, chip); // Set Y Address (0-63)
     982:	8a 81       	ldd	r24, Y+2	; 0x02
     984:	80 64       	ori	r24, 0x40	; 64
     986:	69 81       	ldd	r22, Y+1	; 0x01
     988:	0e 94 6d 03 	call	0x6da	; 0x6da <GLCD_Command>
}
     98c:	00 00       	nop
     98e:	0f 90       	pop	r0
     990:	0f 90       	pop	r0
     992:	0f 90       	pop	r0
     994:	0f 90       	pop	r0
     996:	df 91       	pop	r29
     998:	cf 91       	pop	r28
     99a:	08 95       	ret

0000099c <GLCD_Clear>:

void GLCD_Clear() {
     99c:	cf 93       	push	r28
     99e:	df 93       	push	r29
     9a0:	00 d0       	rcall	.+0      	; 0x9a2 <GLCD_Clear+0x6>
     9a2:	1f 92       	push	r1
     9a4:	cd b7       	in	r28, 0x3d	; 61
     9a6:	de b7       	in	r29, 0x3e	; 62
	for (uint8_t p = 0; p < 8; p++) {
     9a8:	19 82       	std	Y+1, r1	; 0x01
     9aa:	23 c0       	rjmp	.+70     	; 0x9f2 <GLCD_Clear+0x56>
		GLCD_SetCursor(p, 0);
     9ac:	60 e0       	ldi	r22, 0x00	; 0
     9ae:	89 81       	ldd	r24, Y+1	; 0x01
     9b0:	0e 94 9f 04 	call	0x93e	; 0x93e <GLCD_SetCursor>
		for (uint8_t c = 0; c < 64; c++) GLCD_Data(0x00, 1);
     9b4:	1a 82       	std	Y+2, r1	; 0x02
     9b6:	07 c0       	rjmp	.+14     	; 0x9c6 <GLCD_Clear+0x2a>
     9b8:	61 e0       	ldi	r22, 0x01	; 1
     9ba:	80 e0       	ldi	r24, 0x00	; 0
     9bc:	0e 94 b4 03 	call	0x768	; 0x768 <GLCD_Data>
     9c0:	8a 81       	ldd	r24, Y+2	; 0x02
     9c2:	8f 5f       	subi	r24, 0xFF	; 255
     9c4:	8a 83       	std	Y+2, r24	; 0x02
     9c6:	8a 81       	ldd	r24, Y+2	; 0x02
     9c8:	80 34       	cpi	r24, 0x40	; 64
     9ca:	b0 f3       	brcs	.-20     	; 0x9b8 <GLCD_Clear+0x1c>
		GLCD_SetCursor(p, 64);
     9cc:	60 e4       	ldi	r22, 0x40	; 64
     9ce:	89 81       	ldd	r24, Y+1	; 0x01
     9d0:	0e 94 9f 04 	call	0x93e	; 0x93e <GLCD_SetCursor>
		for (uint8_t c = 0; c < 64; c++) GLCD_Data(0x00, 2);
     9d4:	1b 82       	std	Y+3, r1	; 0x03
     9d6:	07 c0       	rjmp	.+14     	; 0x9e6 <GLCD_Clear+0x4a>
     9d8:	62 e0       	ldi	r22, 0x02	; 2
     9da:	80 e0       	ldi	r24, 0x00	; 0
     9dc:	0e 94 b4 03 	call	0x768	; 0x768 <GLCD_Data>
     9e0:	8b 81       	ldd	r24, Y+3	; 0x03
     9e2:	8f 5f       	subi	r24, 0xFF	; 255
     9e4:	8b 83       	std	Y+3, r24	; 0x03
     9e6:	8b 81       	ldd	r24, Y+3	; 0x03
     9e8:	80 34       	cpi	r24, 0x40	; 64
     9ea:	b0 f3       	brcs	.-20     	; 0x9d8 <GLCD_Clear+0x3c>
	GLCD_Command(0xB8 | page, chip);      // Set Page (0-7)
	GLCD_Command(0x40 | local_col, chip); // Set Y Address (0-63)
}

void GLCD_Clear() {
	for (uint8_t p = 0; p < 8; p++) {
     9ec:	89 81       	ldd	r24, Y+1	; 0x01
     9ee:	8f 5f       	subi	r24, 0xFF	; 255
     9f0:	89 83       	std	Y+1, r24	; 0x01
     9f2:	89 81       	ldd	r24, Y+1	; 0x01
     9f4:	88 30       	cpi	r24, 0x08	; 8
     9f6:	d0 f2       	brcs	.-76     	; 0x9ac <GLCD_Clear+0x10>
		GLCD_SetCursor(p, 0);
		for (uint8_t c = 0; c < 64; c++) GLCD_Data(0x00, 1);
		GLCD_SetCursor(p, 64);
		for (uint8_t c = 0; c < 64; c++) GLCD_Data(0x00, 2);
	}
	GLCD_SetCursor(0,0);
     9f8:	60 e0       	ldi	r22, 0x00	; 0
     9fa:	80 e0       	ldi	r24, 0x00	; 0
     9fc:	0e 94 9f 04 	call	0x93e	; 0x93e <GLCD_SetCursor>
}
     a00:	00 00       	nop
     a02:	0f 90       	pop	r0
     a04:	0f 90       	pop	r0
     a06:	0f 90       	pop	r0
     a08:	df 91       	pop	r29
     a0a:	cf 91       	pop	r28
     a0c:	08 95       	ret

00000a0e <GLCD_Char>:

void GLCD_Char(char c) {
     a0e:	cf 93       	push	r28
     a10:	df 93       	push	r29
     a12:	00 d0       	rcall	.+0      	; 0xa14 <GLCD_Char+0x6>
     a14:	00 d0       	rcall	.+0      	; 0xa16 <GLCD_Char+0x8>
     a16:	1f 92       	push	r1
     a18:	cd b7       	in	r28, 0x3d	; 61
     a1a:	de b7       	in	r29, 0x3e	; 62
     a1c:	8d 83       	std	Y+5, r24	; 0x05
	if (c < 32 || c > 126) return;
     a1e:	8d 81       	ldd	r24, Y+5	; 0x05
     a20:	80 32       	cpi	r24, 0x20	; 32
     a22:	08 f4       	brcc	.+2      	; 0xa26 <GLCD_Char+0x18>
     a24:	56 c0       	rjmp	.+172    	; 0xad2 <GLCD_Char+0xc4>
     a26:	8d 81       	ldd	r24, Y+5	; 0x05
     a28:	8f 37       	cpi	r24, 0x7F	; 127
     a2a:	08 f0       	brcs	.+2      	; 0xa2e <GLCD_Char+0x20>
     a2c:	52 c0       	rjmp	.+164    	; 0xad2 <GLCD_Char+0xc4>
	uint8_t chip = (glcd_x < 64) ? 1 : 2;
     a2e:	80 91 ec 03 	lds	r24, 0x03EC	; 0x8003ec <__data_end>
     a32:	80 34       	cpi	r24, 0x40	; 64
     a34:	10 f4       	brcc	.+4      	; 0xa3a <GLCD_Char+0x2c>
     a36:	81 e0       	ldi	r24, 0x01	; 1
     a38:	01 c0       	rjmp	.+2      	; 0xa3c <GLCD_Char+0x2e>
     a3a:	82 e0       	ldi	r24, 0x02	; 2
     a3c:	89 83       	std	Y+1, r24	; 0x01
	uint16_t idx = (c - 32) * 5;
     a3e:	8d 81       	ldd	r24, Y+5	; 0x05
     a40:	88 2f       	mov	r24, r24
     a42:	90 e0       	ldi	r25, 0x00	; 0
     a44:	9c 01       	movw	r18, r24
     a46:	20 52       	subi	r18, 0x20	; 32
     a48:	31 09       	sbc	r19, r1
     a4a:	c9 01       	movw	r24, r18
     a4c:	88 0f       	add	r24, r24
     a4e:	99 1f       	adc	r25, r25
     a50:	88 0f       	add	r24, r24
     a52:	99 1f       	adc	r25, r25
     a54:	82 0f       	add	r24, r18
     a56:	93 1f       	adc	r25, r19
     a58:	9c 83       	std	Y+4, r25	; 0x04
     a5a:	8b 83       	std	Y+3, r24	; 0x03
	
	for (uint8_t i = 0; i < 5; i++) {
     a5c:	1a 82       	std	Y+2, r1	; 0x02
     a5e:	21 c0       	rjmp	.+66     	; 0xaa2 <GLCD_Char+0x94>
		if (glcd_x == 64) { chip = 2; GLCD_SetCursor(glcd_y, 64); }
     a60:	80 91 ec 03 	lds	r24, 0x03EC	; 0x8003ec <__data_end>
     a64:	80 34       	cpi	r24, 0x40	; 64
     a66:	39 f4       	brne	.+14     	; 0xa76 <GLCD_Char+0x68>
     a68:	82 e0       	ldi	r24, 0x02	; 2
     a6a:	89 83       	std	Y+1, r24	; 0x01
     a6c:	80 91 ed 03 	lds	r24, 0x03ED	; 0x8003ed <glcd_y>
     a70:	60 e4       	ldi	r22, 0x40	; 64
     a72:	0e 94 9f 04 	call	0x93e	; 0x93e <GLCD_SetCursor>
		GLCD_Data(font5x8[idx + i], chip);
     a76:	8a 81       	ldd	r24, Y+2	; 0x02
     a78:	28 2f       	mov	r18, r24
     a7a:	30 e0       	ldi	r19, 0x00	; 0
     a7c:	8b 81       	ldd	r24, Y+3	; 0x03
     a7e:	9c 81       	ldd	r25, Y+4	; 0x04
     a80:	82 0f       	add	r24, r18
     a82:	93 1f       	adc	r25, r19
     a84:	8c 5d       	subi	r24, 0xDC	; 220
     a86:	9d 4f       	sbci	r25, 0xFD	; 253
     a88:	fc 01       	movw	r30, r24
     a8a:	80 81       	ld	r24, Z
     a8c:	69 81       	ldd	r22, Y+1	; 0x01
     a8e:	0e 94 b4 03 	call	0x768	; 0x768 <GLCD_Data>
		glcd_x++;
     a92:	80 91 ec 03 	lds	r24, 0x03EC	; 0x8003ec <__data_end>
     a96:	8f 5f       	subi	r24, 0xFF	; 255
     a98:	80 93 ec 03 	sts	0x03EC, r24	; 0x8003ec <__data_end>
void GLCD_Char(char c) {
	if (c < 32 || c > 126) return;
	uint8_t chip = (glcd_x < 64) ? 1 : 2;
	uint16_t idx = (c - 32) * 5;
	
	for (uint8_t i = 0; i < 5; i++) {
     a9c:	8a 81       	ldd	r24, Y+2	; 0x02
     a9e:	8f 5f       	subi	r24, 0xFF	; 255
     aa0:	8a 83       	std	Y+2, r24	; 0x02
     aa2:	8a 81       	ldd	r24, Y+2	; 0x02
     aa4:	85 30       	cpi	r24, 0x05	; 5
     aa6:	e0 f2       	brcs	.-72     	; 0xa60 <GLCD_Char+0x52>
		if (glcd_x == 64) { chip = 2; GLCD_SetCursor(glcd_y, 64); }
		GLCD_Data(font5x8[idx + i], chip);
		glcd_x++;
	}
	
	if (glcd_x == 64) { chip = 2; GLCD_SetCursor(glcd_y, 64); }
     aa8:	80 91 ec 03 	lds	r24, 0x03EC	; 0x8003ec <__data_end>
     aac:	80 34       	cpi	r24, 0x40	; 64
     aae:	39 f4       	brne	.+14     	; 0xabe <GLCD_Char+0xb0>
     ab0:	82 e0       	ldi	r24, 0x02	; 2
     ab2:	89 83       	std	Y+1, r24	; 0x01
     ab4:	80 91 ed 03 	lds	r24, 0x03ED	; 0x8003ed <glcd_y>
     ab8:	60 e4       	ldi	r22, 0x40	; 64
     aba:	0e 94 9f 04 	call	0x93e	; 0x93e <GLCD_SetCursor>
	GLCD_Data(0x00, chip);
     abe:	69 81       	ldd	r22, Y+1	; 0x01
     ac0:	80 e0       	ldi	r24, 0x00	; 0
     ac2:	0e 94 b4 03 	call	0x768	; 0x768 <GLCD_Data>
	glcd_x++;
     ac6:	80 91 ec 03 	lds	r24, 0x03EC	; 0x8003ec <__data_end>
     aca:	8f 5f       	subi	r24, 0xFF	; 255
     acc:	80 93 ec 03 	sts	0x03EC, r24	; 0x8003ec <__data_end>
     ad0:	01 c0       	rjmp	.+2      	; 0xad4 <GLCD_Char+0xc6>
	}
	GLCD_SetCursor(0,0);
}

void GLCD_Char(char c) {
	if (c < 32 || c > 126) return;
     ad2:	00 00       	nop
	}
	
	if (glcd_x == 64) { chip = 2; GLCD_SetCursor(glcd_y, 64); }
	GLCD_Data(0x00, chip);
	glcd_x++;
}
     ad4:	0f 90       	pop	r0
     ad6:	0f 90       	pop	r0
     ad8:	0f 90       	pop	r0
     ada:	0f 90       	pop	r0
     adc:	0f 90       	pop	r0
     ade:	df 91       	pop	r29
     ae0:	cf 91       	pop	r28
     ae2:	08 95       	ret

00000ae4 <GLCD_String>:

void GLCD_String(const char *str) {
     ae4:	cf 93       	push	r28
     ae6:	df 93       	push	r29
     ae8:	00 d0       	rcall	.+0      	; 0xaea <GLCD_String+0x6>
     aea:	cd b7       	in	r28, 0x3d	; 61
     aec:	de b7       	in	r29, 0x3e	; 62
     aee:	9a 83       	std	Y+2, r25	; 0x02
     af0:	89 83       	std	Y+1, r24	; 0x01
	while (*str) {
     af2:	19 c0       	rjmp	.+50     	; 0xb26 <GLCD_String+0x42>
		if (glcd_x >= 120) { // T? ??ng xu?ng dòng n?u h?t màn hình ngang
     af4:	80 91 ec 03 	lds	r24, 0x03EC	; 0x8003ec <__data_end>
     af8:	88 37       	cpi	r24, 0x78	; 120
     afa:	50 f0       	brcs	.+20     	; 0xb10 <GLCD_String+0x2c>
			glcd_y++;
     afc:	80 91 ed 03 	lds	r24, 0x03ED	; 0x8003ed <glcd_y>
     b00:	8f 5f       	subi	r24, 0xFF	; 255
     b02:	80 93 ed 03 	sts	0x03ED, r24	; 0x8003ed <glcd_y>
			GLCD_SetCursor(glcd_y, 0);
     b06:	80 91 ed 03 	lds	r24, 0x03ED	; 0x8003ed <glcd_y>
     b0a:	60 e0       	ldi	r22, 0x00	; 0
     b0c:	0e 94 9f 04 	call	0x93e	; 0x93e <GLCD_SetCursor>
		}
		GLCD_Char(*str++);
     b10:	89 81       	ldd	r24, Y+1	; 0x01
     b12:	9a 81       	ldd	r25, Y+2	; 0x02
     b14:	9c 01       	movw	r18, r24
     b16:	2f 5f       	subi	r18, 0xFF	; 255
     b18:	3f 4f       	sbci	r19, 0xFF	; 255
     b1a:	3a 83       	std	Y+2, r19	; 0x02
     b1c:	29 83       	std	Y+1, r18	; 0x01
     b1e:	fc 01       	movw	r30, r24
     b20:	80 81       	ld	r24, Z
     b22:	0e 94 07 05 	call	0xa0e	; 0xa0e <GLCD_Char>
	GLCD_Data(0x00, chip);
	glcd_x++;
}

void GLCD_String(const char *str) {
	while (*str) {
     b26:	89 81       	ldd	r24, Y+1	; 0x01
     b28:	9a 81       	ldd	r25, Y+2	; 0x02
     b2a:	fc 01       	movw	r30, r24
     b2c:	80 81       	ld	r24, Z
     b2e:	88 23       	and	r24, r24
     b30:	09 f7       	brne	.-62     	; 0xaf4 <GLCD_String+0x10>
			glcd_y++;
			GLCD_SetCursor(glcd_y, 0);
		}
		GLCD_Char(*str++);
	}
}
     b32:	00 00       	nop
     b34:	0f 90       	pop	r0
     b36:	0f 90       	pop	r0
     b38:	df 91       	pop	r29
     b3a:	cf 91       	pop	r28
     b3c:	08 95       	ret

00000b3e <Keypad_Init>:
	{'4', '5', '6', '-', 'C'}, // C = AC (All Clear)
	{'1', '2', '3', '*', 'D'}, // D = DEL
	{'0', '.', '=', '/', 'A'}  // A = ANS
};

void Keypad_Init() {
     b3e:	cf 93       	push	r28
     b40:	df 93       	push	r29
     b42:	cd b7       	in	r28, 0x3d	; 61
     b44:	de b7       	in	r29, 0x3e	; 62
	DDRA = 0x0F;  PORTA = 0xFF;
     b46:	81 e2       	ldi	r24, 0x21	; 33
     b48:	90 e0       	ldi	r25, 0x00	; 0
     b4a:	2f e0       	ldi	r18, 0x0F	; 15
     b4c:	fc 01       	movw	r30, r24
     b4e:	20 83       	st	Z, r18
     b50:	82 e2       	ldi	r24, 0x22	; 34
     b52:	90 e0       	ldi	r25, 0x00	; 0
     b54:	2f ef       	ldi	r18, 0xFF	; 255
     b56:	fc 01       	movw	r30, r24
     b58:	20 83       	st	Z, r18
	DDRB &= ~(1<<PB0); PORTB |= (1<<PB0);
     b5a:	84 e2       	ldi	r24, 0x24	; 36
     b5c:	90 e0       	ldi	r25, 0x00	; 0
     b5e:	24 e2       	ldi	r18, 0x24	; 36
     b60:	30 e0       	ldi	r19, 0x00	; 0
     b62:	f9 01       	movw	r30, r18
     b64:	20 81       	ld	r18, Z
     b66:	2e 7f       	andi	r18, 0xFE	; 254
     b68:	fc 01       	movw	r30, r24
     b6a:	20 83       	st	Z, r18
     b6c:	85 e2       	ldi	r24, 0x25	; 37
     b6e:	90 e0       	ldi	r25, 0x00	; 0
     b70:	25 e2       	ldi	r18, 0x25	; 37
     b72:	30 e0       	ldi	r19, 0x00	; 0
     b74:	f9 01       	movw	r30, r18
     b76:	20 81       	ld	r18, Z
     b78:	21 60       	ori	r18, 0x01	; 1
     b7a:	fc 01       	movw	r30, r24
     b7c:	20 83       	st	Z, r18
}
     b7e:	00 00       	nop
     b80:	df 91       	pop	r29
     b82:	cf 91       	pop	r28
     b84:	08 95       	ret

00000b86 <Keypad_Scan>:

char Keypad_Scan() {
     b86:	0f 93       	push	r16
     b88:	1f 93       	push	r17
     b8a:	cf 93       	push	r28
     b8c:	df 93       	push	r29
     b8e:	cd b7       	in	r28, 0x3d	; 61
     b90:	de b7       	in	r29, 0x3e	; 62
     b92:	c7 56       	subi	r28, 0x67	; 103
     b94:	d1 09       	sbc	r29, r1
     b96:	0f b6       	in	r0, 0x3f	; 63
     b98:	f8 94       	cli
     b9a:	de bf       	out	0x3e, r29	; 62
     b9c:	0f be       	out	0x3f, r0	; 63
     b9e:	cd bf       	out	0x3d, r28	; 61
	for (uint8_t r = 0; r < 4; r++) {
     ba0:	19 82       	std	Y+1, r1	; 0x01
     ba2:	0b c5       	rjmp	.+2582   	; 0x15ba <Keypad_Scan+0xa34>
		PORTA = (PORTA | 0x0F) & ~(1 << r); _delay_us(10);
     ba4:	82 e2       	ldi	r24, 0x22	; 34
     ba6:	90 e0       	ldi	r25, 0x00	; 0
     ba8:	22 e2       	ldi	r18, 0x22	; 34
     baa:	30 e0       	ldi	r19, 0x00	; 0
     bac:	f9 01       	movw	r30, r18
     bae:	20 81       	ld	r18, Z
     bb0:	2f 60       	ori	r18, 0x0F	; 15
     bb2:	62 2f       	mov	r22, r18
     bb4:	29 81       	ldd	r18, Y+1	; 0x01
     bb6:	42 2f       	mov	r20, r18
     bb8:	50 e0       	ldi	r21, 0x00	; 0
     bba:	21 e0       	ldi	r18, 0x01	; 1
     bbc:	30 e0       	ldi	r19, 0x00	; 0
     bbe:	02 c0       	rjmp	.+4      	; 0xbc4 <Keypad_Scan+0x3e>
     bc0:	22 0f       	add	r18, r18
     bc2:	33 1f       	adc	r19, r19
     bc4:	4a 95       	dec	r20
     bc6:	e2 f7       	brpl	.-8      	; 0xbc0 <Keypad_Scan+0x3a>
     bc8:	20 95       	com	r18
     bca:	26 23       	and	r18, r22
     bcc:	fc 01       	movw	r30, r24
     bce:	20 83       	st	Z, r18
     bd0:	80 e0       	ldi	r24, 0x00	; 0
     bd2:	90 e0       	ldi	r25, 0x00	; 0
     bd4:	a0 e2       	ldi	r26, 0x20	; 32
     bd6:	b1 e4       	ldi	r27, 0x41	; 65
     bd8:	8e 8b       	std	Y+22, r24	; 0x16
     bda:	9f 8b       	std	Y+23, r25	; 0x17
     bdc:	a8 8f       	std	Y+24, r26	; 0x18
     bde:	b9 8f       	std	Y+25, r27	; 0x19
	__builtin_avr_delay_cycles(__ticks_dc);

#else
	uint8_t __ticks;
	double __tmp2 ;
	__tmp = ((F_CPU) / 3e6) * __us;
     be0:	2b ea       	ldi	r18, 0xAB	; 171
     be2:	3a ea       	ldi	r19, 0xAA	; 170
     be4:	4a e2       	ldi	r20, 0x2A	; 42
     be6:	50 e4       	ldi	r21, 0x40	; 64
     be8:	6e 89       	ldd	r22, Y+22	; 0x16
     bea:	7f 89       	ldd	r23, Y+23	; 0x17
     bec:	88 8d       	ldd	r24, Y+24	; 0x18
     bee:	99 8d       	ldd	r25, Y+25	; 0x19
     bf0:	0e 94 af 13 	call	0x275e	; 0x275e <__mulsf3>
     bf4:	dc 01       	movw	r26, r24
     bf6:	cb 01       	movw	r24, r22
     bf8:	8a 8f       	std	Y+26, r24	; 0x1a
     bfa:	9b 8f       	std	Y+27, r25	; 0x1b
     bfc:	ac 8f       	std	Y+28, r26	; 0x1c
     bfe:	bd 8f       	std	Y+29, r27	; 0x1d
	__tmp2 = ((F_CPU) / 4e6) * __us;
     c00:	8e 89       	ldd	r24, Y+22	; 0x16
     c02:	9f 89       	ldd	r25, Y+23	; 0x17
     c04:	a8 8d       	ldd	r26, Y+24	; 0x18
     c06:	b9 8d       	ldd	r27, Y+25	; 0x19
     c08:	9c 01       	movw	r18, r24
     c0a:	ad 01       	movw	r20, r26
     c0c:	bc 01       	movw	r22, r24
     c0e:	cd 01       	movw	r24, r26
     c10:	0e 94 df 11 	call	0x23be	; 0x23be <__addsf3>
     c14:	dc 01       	movw	r26, r24
     c16:	cb 01       	movw	r24, r22
     c18:	8e 8f       	std	Y+30, r24	; 0x1e
     c1a:	9f 8f       	std	Y+31, r25	; 0x1f
     c1c:	a8 a3       	std	Y+32, r26	; 0x20
     c1e:	b9 a3       	std	Y+33, r27	; 0x21
	if (__tmp < 1.0)
     c20:	20 e0       	ldi	r18, 0x00	; 0
     c22:	30 e0       	ldi	r19, 0x00	; 0
     c24:	40 e8       	ldi	r20, 0x80	; 128
     c26:	5f e3       	ldi	r21, 0x3F	; 63
     c28:	6a 8d       	ldd	r22, Y+26	; 0x1a
     c2a:	7b 8d       	ldd	r23, Y+27	; 0x1b
     c2c:	8c 8d       	ldd	r24, Y+28	; 0x1c
     c2e:	9d 8d       	ldd	r25, Y+29	; 0x1d
     c30:	0e 94 4b 12 	call	0x2496	; 0x2496 <__cmpsf2>
     c34:	88 23       	and	r24, r24
     c36:	1c f4       	brge	.+6      	; 0xc3e <Keypad_Scan+0xb8>
		__ticks = 1;
     c38:	81 e0       	ldi	r24, 0x01	; 1
     c3a:	8a a3       	std	Y+34, r24	; 0x22
     c3c:	b2 c0       	rjmp	.+356    	; 0xda2 <Keypad_Scan+0x21c>
	else if (__tmp2 > 65535)
     c3e:	20 e0       	ldi	r18, 0x00	; 0
     c40:	3f ef       	ldi	r19, 0xFF	; 255
     c42:	4f e7       	ldi	r20, 0x7F	; 127
     c44:	57 e4       	ldi	r21, 0x47	; 71
     c46:	6e 8d       	ldd	r22, Y+30	; 0x1e
     c48:	7f 8d       	ldd	r23, Y+31	; 0x1f
     c4a:	88 a1       	ldd	r24, Y+32	; 0x20
     c4c:	99 a1       	ldd	r25, Y+33	; 0x21
     c4e:	0e 94 aa 13 	call	0x2754	; 0x2754 <__gesf2>
     c52:	18 16       	cp	r1, r24
     c54:	0c f0       	brlt	.+2      	; 0xc58 <Keypad_Scan+0xd2>
     c56:	7b c0       	rjmp	.+246    	; 0xd4e <Keypad_Scan+0x1c8>
	{
		_delay_ms(__us / 1000.0);
     c58:	20 e0       	ldi	r18, 0x00	; 0
     c5a:	30 e0       	ldi	r19, 0x00	; 0
     c5c:	4a e7       	ldi	r20, 0x7A	; 122
     c5e:	54 e4       	ldi	r21, 0x44	; 68
     c60:	6e 89       	ldd	r22, Y+22	; 0x16
     c62:	7f 89       	ldd	r23, Y+23	; 0x17
     c64:	88 8d       	ldd	r24, Y+24	; 0x18
     c66:	99 8d       	ldd	r25, Y+25	; 0x19
     c68:	0e 94 55 12 	call	0x24aa	; 0x24aa <__divsf3>
     c6c:	dc 01       	movw	r26, r24
     c6e:	cb 01       	movw	r24, r22
     c70:	8b a3       	std	Y+35, r24	; 0x23
     c72:	9c a3       	std	Y+36, r25	; 0x24
     c74:	ad a3       	std	Y+37, r26	; 0x25
     c76:	be a3       	std	Y+38, r27	; 0x26

	__builtin_avr_delay_cycles(__ticks_dc);

#else
	uint16_t __ticks;
	__tmp = ((F_CPU) / 4e3) * __ms;
     c78:	20 e0       	ldi	r18, 0x00	; 0
     c7a:	30 e0       	ldi	r19, 0x00	; 0
     c7c:	4a ef       	ldi	r20, 0xFA	; 250
     c7e:	54 e4       	ldi	r21, 0x44	; 68
     c80:	6b a1       	ldd	r22, Y+35	; 0x23
     c82:	7c a1       	ldd	r23, Y+36	; 0x24
     c84:	8d a1       	ldd	r24, Y+37	; 0x25
     c86:	9e a1       	ldd	r25, Y+38	; 0x26
     c88:	0e 94 af 13 	call	0x275e	; 0x275e <__mulsf3>
     c8c:	dc 01       	movw	r26, r24
     c8e:	cb 01       	movw	r24, r22
     c90:	8f a3       	std	Y+39, r24	; 0x27
     c92:	98 a7       	std	Y+40, r25	; 0x28
     c94:	a9 a7       	std	Y+41, r26	; 0x29
     c96:	ba a7       	std	Y+42, r27	; 0x2a
	if (__tmp < 1.0)
     c98:	20 e0       	ldi	r18, 0x00	; 0
     c9a:	30 e0       	ldi	r19, 0x00	; 0
     c9c:	40 e8       	ldi	r20, 0x80	; 128
     c9e:	5f e3       	ldi	r21, 0x3F	; 63
     ca0:	6f a1       	ldd	r22, Y+39	; 0x27
     ca2:	78 a5       	ldd	r23, Y+40	; 0x28
     ca4:	89 a5       	ldd	r24, Y+41	; 0x29
     ca6:	9a a5       	ldd	r25, Y+42	; 0x2a
     ca8:	0e 94 4b 12 	call	0x2496	; 0x2496 <__cmpsf2>
     cac:	88 23       	and	r24, r24
     cae:	2c f4       	brge	.+10     	; 0xcba <Keypad_Scan+0x134>
		__ticks = 1;
     cb0:	81 e0       	ldi	r24, 0x01	; 1
     cb2:	90 e0       	ldi	r25, 0x00	; 0
     cb4:	9c a7       	std	Y+44, r25	; 0x2c
     cb6:	8b a7       	std	Y+43, r24	; 0x2b
     cb8:	3f c0       	rjmp	.+126    	; 0xd38 <Keypad_Scan+0x1b2>
	else if (__tmp > 65535)
     cba:	20 e0       	ldi	r18, 0x00	; 0
     cbc:	3f ef       	ldi	r19, 0xFF	; 255
     cbe:	4f e7       	ldi	r20, 0x7F	; 127
     cc0:	57 e4       	ldi	r21, 0x47	; 71
     cc2:	6f a1       	ldd	r22, Y+39	; 0x27
     cc4:	78 a5       	ldd	r23, Y+40	; 0x28
     cc6:	89 a5       	ldd	r24, Y+41	; 0x29
     cc8:	9a a5       	ldd	r25, Y+42	; 0x2a
     cca:	0e 94 aa 13 	call	0x2754	; 0x2754 <__gesf2>
     cce:	18 16       	cp	r1, r24
     cd0:	4c f5       	brge	.+82     	; 0xd24 <Keypad_Scan+0x19e>
	{
		//	__ticks = requested delay in 1/10 ms
		__ticks = (uint16_t) (__ms * 10.0);
     cd2:	20 e0       	ldi	r18, 0x00	; 0
     cd4:	30 e0       	ldi	r19, 0x00	; 0
     cd6:	40 e2       	ldi	r20, 0x20	; 32
     cd8:	51 e4       	ldi	r21, 0x41	; 65
     cda:	6b a1       	ldd	r22, Y+35	; 0x23
     cdc:	7c a1       	ldd	r23, Y+36	; 0x24
     cde:	8d a1       	ldd	r24, Y+37	; 0x25
     ce0:	9e a1       	ldd	r25, Y+38	; 0x26
     ce2:	0e 94 af 13 	call	0x275e	; 0x275e <__mulsf3>
     ce6:	dc 01       	movw	r26, r24
     ce8:	cb 01       	movw	r24, r22
     cea:	bc 01       	movw	r22, r24
     cec:	cd 01       	movw	r24, r26
     cee:	0e 94 c7 12 	call	0x258e	; 0x258e <__fixunssfsi>
     cf2:	dc 01       	movw	r26, r24
     cf4:	cb 01       	movw	r24, r22
     cf6:	9c a7       	std	Y+44, r25	; 0x2c
     cf8:	8b a7       	std	Y+43, r24	; 0x2b
     cfa:	0f c0       	rjmp	.+30     	; 0xd1a <Keypad_Scan+0x194>
     cfc:	88 ec       	ldi	r24, 0xC8	; 200
     cfe:	90 e0       	ldi	r25, 0x00	; 0
     d00:	9e a7       	std	Y+46, r25	; 0x2e
     d02:	8d a7       	std	Y+45, r24	; 0x2d
     d04:	8d a5       	ldd	r24, Y+45	; 0x2d
     d06:	9e a5       	ldd	r25, Y+46	; 0x2e
     d08:	01 97       	sbiw	r24, 0x01	; 1
     d0a:	f1 f7       	brne	.-4      	; 0xd08 <Keypad_Scan+0x182>
     d0c:	9e a7       	std	Y+46, r25	; 0x2e
     d0e:	8d a7       	std	Y+45, r24	; 0x2d
		while(__ticks)
		{
			// wait 1/10 ms
			_delay_loop_2(((F_CPU) / 4e3) / 10);
			__ticks --;
     d10:	8b a5       	ldd	r24, Y+43	; 0x2b
     d12:	9c a5       	ldd	r25, Y+44	; 0x2c
     d14:	01 97       	sbiw	r24, 0x01	; 1
     d16:	9c a7       	std	Y+44, r25	; 0x2c
     d18:	8b a7       	std	Y+43, r24	; 0x2b
		__ticks = 1;
	else if (__tmp > 65535)
	{
		//	__ticks = requested delay in 1/10 ms
		__ticks = (uint16_t) (__ms * 10.0);
		while(__ticks)
     d1a:	8b a5       	ldd	r24, Y+43	; 0x2b
     d1c:	9c a5       	ldd	r25, Y+44	; 0x2c
     d1e:	89 2b       	or	r24, r25
     d20:	69 f7       	brne	.-38     	; 0xcfc <Keypad_Scan+0x176>
     d22:	3f c0       	rjmp	.+126    	; 0xda2 <Keypad_Scan+0x21c>
			__ticks --;
		}
		return;
	}
	else
		__ticks = (uint16_t)__tmp;
     d24:	6f a1       	ldd	r22, Y+39	; 0x27
     d26:	78 a5       	ldd	r23, Y+40	; 0x28
     d28:	89 a5       	ldd	r24, Y+41	; 0x29
     d2a:	9a a5       	ldd	r25, Y+42	; 0x2a
     d2c:	0e 94 c7 12 	call	0x258e	; 0x258e <__fixunssfsi>
     d30:	dc 01       	movw	r26, r24
     d32:	cb 01       	movw	r24, r22
     d34:	9c a7       	std	Y+44, r25	; 0x2c
     d36:	8b a7       	std	Y+43, r24	; 0x2b
     d38:	8b a5       	ldd	r24, Y+43	; 0x2b
     d3a:	9c a5       	ldd	r25, Y+44	; 0x2c
     d3c:	98 ab       	std	Y+48, r25	; 0x30
     d3e:	8f a7       	std	Y+47, r24	; 0x2f
     d40:	8f a5       	ldd	r24, Y+47	; 0x2f
     d42:	98 a9       	ldd	r25, Y+48	; 0x30
     d44:	01 97       	sbiw	r24, 0x01	; 1
     d46:	f1 f7       	brne	.-4      	; 0xd44 <Keypad_Scan+0x1be>
     d48:	98 ab       	std	Y+48, r25	; 0x30
     d4a:	8f a7       	std	Y+47, r24	; 0x2f
     d4c:	2a c0       	rjmp	.+84     	; 0xda2 <Keypad_Scan+0x21c>
		__ticks = 1;
	else if (__tmp2 > 65535)
	{
		_delay_ms(__us / 1000.0);
	}
	else if (__tmp > 255)
     d4e:	20 e0       	ldi	r18, 0x00	; 0
     d50:	30 e0       	ldi	r19, 0x00	; 0
     d52:	4f e7       	ldi	r20, 0x7F	; 127
     d54:	53 e4       	ldi	r21, 0x43	; 67
     d56:	6a 8d       	ldd	r22, Y+26	; 0x1a
     d58:	7b 8d       	ldd	r23, Y+27	; 0x1b
     d5a:	8c 8d       	ldd	r24, Y+28	; 0x1c
     d5c:	9d 8d       	ldd	r25, Y+29	; 0x1d
     d5e:	0e 94 aa 13 	call	0x2754	; 0x2754 <__gesf2>
     d62:	18 16       	cp	r1, r24
     d64:	ac f4       	brge	.+42     	; 0xd90 <Keypad_Scan+0x20a>
	{
		uint16_t __ticks=(uint16_t)__tmp2;
     d66:	6e 8d       	ldd	r22, Y+30	; 0x1e
     d68:	7f 8d       	ldd	r23, Y+31	; 0x1f
     d6a:	88 a1       	ldd	r24, Y+32	; 0x20
     d6c:	99 a1       	ldd	r25, Y+33	; 0x21
     d6e:	0e 94 c7 12 	call	0x258e	; 0x258e <__fixunssfsi>
     d72:	dc 01       	movw	r26, r24
     d74:	cb 01       	movw	r24, r22
     d76:	9a ab       	std	Y+50, r25	; 0x32
     d78:	89 ab       	std	Y+49, r24	; 0x31
     d7a:	89 a9       	ldd	r24, Y+49	; 0x31
     d7c:	9a a9       	ldd	r25, Y+50	; 0x32
     d7e:	9c ab       	std	Y+52, r25	; 0x34
     d80:	8b ab       	std	Y+51, r24	; 0x33
     d82:	8b a9       	ldd	r24, Y+51	; 0x33
     d84:	9c a9       	ldd	r25, Y+52	; 0x34
     d86:	01 97       	sbiw	r24, 0x01	; 1
     d88:	f1 f7       	brne	.-4      	; 0xd86 <Keypad_Scan+0x200>
     d8a:	9c ab       	std	Y+52, r25	; 0x34
     d8c:	8b ab       	std	Y+51, r24	; 0x33
     d8e:	0f c0       	rjmp	.+30     	; 0xdae <Keypad_Scan+0x228>
		_delay_loop_2(__ticks);
		return;
	}
	else
		__ticks = (uint8_t)__tmp;
     d90:	6a 8d       	ldd	r22, Y+26	; 0x1a
     d92:	7b 8d       	ldd	r23, Y+27	; 0x1b
     d94:	8c 8d       	ldd	r24, Y+28	; 0x1c
     d96:	9d 8d       	ldd	r25, Y+29	; 0x1d
     d98:	0e 94 c7 12 	call	0x258e	; 0x258e <__fixunssfsi>
     d9c:	dc 01       	movw	r26, r24
     d9e:	cb 01       	movw	r24, r22
     da0:	8a a3       	std	Y+34, r24	; 0x22
     da2:	8a a1       	ldd	r24, Y+34	; 0x22
     da4:	8d ab       	std	Y+53, r24	; 0x35
    can be achieved.
*/
void
_delay_loop_1(uint8_t __count)
{
	__asm__ volatile (
     da6:	8d a9       	ldd	r24, Y+53	; 0x35
     da8:	8a 95       	dec	r24
     daa:	f1 f7       	brne	.-4      	; 0xda8 <Keypad_Scan+0x222>
     dac:	8d ab       	std	Y+53, r24	; 0x35
		
		if (!(PINA & (1 << PA4))) { _delay_ms(20); while(!(PINA & (1 << PA4))); return keys[r][0]; }
     dae:	80 e2       	ldi	r24, 0x20	; 32
     db0:	90 e0       	ldi	r25, 0x00	; 0
     db2:	fc 01       	movw	r30, r24
     db4:	80 81       	ld	r24, Z
     db6:	88 2f       	mov	r24, r24
     db8:	90 e0       	ldi	r25, 0x00	; 0
     dba:	80 71       	andi	r24, 0x10	; 16
     dbc:	99 27       	eor	r25, r25
     dbe:	89 2b       	or	r24, r25
     dc0:	09 f0       	breq	.+2      	; 0xdc4 <Keypad_Scan+0x23e>
     dc2:	8c c0       	rjmp	.+280    	; 0xedc <Keypad_Scan+0x356>
     dc4:	80 e0       	ldi	r24, 0x00	; 0
     dc6:	90 e0       	ldi	r25, 0x00	; 0
     dc8:	a0 ea       	ldi	r26, 0xA0	; 160
     dca:	b1 e4       	ldi	r27, 0x41	; 65
     dcc:	8a 83       	std	Y+2, r24	; 0x02
     dce:	9b 83       	std	Y+3, r25	; 0x03
     dd0:	ac 83       	std	Y+4, r26	; 0x04
     dd2:	bd 83       	std	Y+5, r27	; 0x05

	__builtin_avr_delay_cycles(__ticks_dc);

#else
	uint16_t __ticks;
	__tmp = ((F_CPU) / 4e3) * __ms;
     dd4:	20 e0       	ldi	r18, 0x00	; 0
     dd6:	30 e0       	ldi	r19, 0x00	; 0
     dd8:	4a ef       	ldi	r20, 0xFA	; 250
     dda:	54 e4       	ldi	r21, 0x44	; 68
     ddc:	6a 81       	ldd	r22, Y+2	; 0x02
     dde:	7b 81       	ldd	r23, Y+3	; 0x03
     de0:	8c 81       	ldd	r24, Y+4	; 0x04
     de2:	9d 81       	ldd	r25, Y+5	; 0x05
     de4:	0e 94 af 13 	call	0x275e	; 0x275e <__mulsf3>
     de8:	dc 01       	movw	r26, r24
     dea:	cb 01       	movw	r24, r22
     dec:	8e ab       	std	Y+54, r24	; 0x36
     dee:	9f ab       	std	Y+55, r25	; 0x37
     df0:	a8 af       	std	Y+56, r26	; 0x38
     df2:	b9 af       	std	Y+57, r27	; 0x39
	if (__tmp < 1.0)
     df4:	20 e0       	ldi	r18, 0x00	; 0
     df6:	30 e0       	ldi	r19, 0x00	; 0
     df8:	40 e8       	ldi	r20, 0x80	; 128
     dfa:	5f e3       	ldi	r21, 0x3F	; 63
     dfc:	6e a9       	ldd	r22, Y+54	; 0x36
     dfe:	7f a9       	ldd	r23, Y+55	; 0x37
     e00:	88 ad       	ldd	r24, Y+56	; 0x38
     e02:	99 ad       	ldd	r25, Y+57	; 0x39
     e04:	0e 94 4b 12 	call	0x2496	; 0x2496 <__cmpsf2>
     e08:	88 23       	and	r24, r24
     e0a:	2c f4       	brge	.+10     	; 0xe16 <Keypad_Scan+0x290>
		__ticks = 1;
     e0c:	81 e0       	ldi	r24, 0x01	; 1
     e0e:	90 e0       	ldi	r25, 0x00	; 0
     e10:	9b af       	std	Y+59, r25	; 0x3b
     e12:	8a af       	std	Y+58, r24	; 0x3a
     e14:	3f c0       	rjmp	.+126    	; 0xe94 <Keypad_Scan+0x30e>
	else if (__tmp > 65535)
     e16:	20 e0       	ldi	r18, 0x00	; 0
     e18:	3f ef       	ldi	r19, 0xFF	; 255
     e1a:	4f e7       	ldi	r20, 0x7F	; 127
     e1c:	57 e4       	ldi	r21, 0x47	; 71
     e1e:	6e a9       	ldd	r22, Y+54	; 0x36
     e20:	7f a9       	ldd	r23, Y+55	; 0x37
     e22:	88 ad       	ldd	r24, Y+56	; 0x38
     e24:	99 ad       	ldd	r25, Y+57	; 0x39
     e26:	0e 94 aa 13 	call	0x2754	; 0x2754 <__gesf2>
     e2a:	18 16       	cp	r1, r24
     e2c:	4c f5       	brge	.+82     	; 0xe80 <Keypad_Scan+0x2fa>
	{
		//	__ticks = requested delay in 1/10 ms
		__ticks = (uint16_t) (__ms * 10.0);
     e2e:	20 e0       	ldi	r18, 0x00	; 0
     e30:	30 e0       	ldi	r19, 0x00	; 0
     e32:	40 e2       	ldi	r20, 0x20	; 32
     e34:	51 e4       	ldi	r21, 0x41	; 65
     e36:	6a 81       	ldd	r22, Y+2	; 0x02
     e38:	7b 81       	ldd	r23, Y+3	; 0x03
     e3a:	8c 81       	ldd	r24, Y+4	; 0x04
     e3c:	9d 81       	ldd	r25, Y+5	; 0x05
     e3e:	0e 94 af 13 	call	0x275e	; 0x275e <__mulsf3>
     e42:	dc 01       	movw	r26, r24
     e44:	cb 01       	movw	r24, r22
     e46:	bc 01       	movw	r22, r24
     e48:	cd 01       	movw	r24, r26
     e4a:	0e 94 c7 12 	call	0x258e	; 0x258e <__fixunssfsi>
     e4e:	dc 01       	movw	r26, r24
     e50:	cb 01       	movw	r24, r22
     e52:	9b af       	std	Y+59, r25	; 0x3b
     e54:	8a af       	std	Y+58, r24	; 0x3a
     e56:	0f c0       	rjmp	.+30     	; 0xe76 <Keypad_Scan+0x2f0>
     e58:	88 ec       	ldi	r24, 0xC8	; 200
     e5a:	90 e0       	ldi	r25, 0x00	; 0
     e5c:	9d af       	std	Y+61, r25	; 0x3d
     e5e:	8c af       	std	Y+60, r24	; 0x3c
    milliseconds can be achieved.
 */
void
_delay_loop_2(uint16_t __count)
{
	__asm__ volatile (
     e60:	8c ad       	ldd	r24, Y+60	; 0x3c
     e62:	9d ad       	ldd	r25, Y+61	; 0x3d
     e64:	01 97       	sbiw	r24, 0x01	; 1
     e66:	f1 f7       	brne	.-4      	; 0xe64 <Keypad_Scan+0x2de>
     e68:	9d af       	std	Y+61, r25	; 0x3d
     e6a:	8c af       	std	Y+60, r24	; 0x3c
		while(__ticks)
		{
			// wait 1/10 ms
			_delay_loop_2(((F_CPU) / 4e3) / 10);
			__ticks --;
     e6c:	8a ad       	ldd	r24, Y+58	; 0x3a
     e6e:	9b ad       	ldd	r25, Y+59	; 0x3b
     e70:	01 97       	sbiw	r24, 0x01	; 1
     e72:	9b af       	std	Y+59, r25	; 0x3b
     e74:	8a af       	std	Y+58, r24	; 0x3a
		__ticks = 1;
	else if (__tmp > 65535)
	{
		//	__ticks = requested delay in 1/10 ms
		__ticks = (uint16_t) (__ms * 10.0);
		while(__ticks)
     e76:	8a ad       	ldd	r24, Y+58	; 0x3a
     e78:	9b ad       	ldd	r25, Y+59	; 0x3b
     e7a:	89 2b       	or	r24, r25
     e7c:	69 f7       	brne	.-38     	; 0xe58 <Keypad_Scan+0x2d2>
     e7e:	14 c0       	rjmp	.+40     	; 0xea8 <Keypad_Scan+0x322>
			__ticks --;
		}
		return;
	}
	else
		__ticks = (uint16_t)__tmp;
     e80:	6e a9       	ldd	r22, Y+54	; 0x36
     e82:	7f a9       	ldd	r23, Y+55	; 0x37
     e84:	88 ad       	ldd	r24, Y+56	; 0x38
     e86:	99 ad       	ldd	r25, Y+57	; 0x39
     e88:	0e 94 c7 12 	call	0x258e	; 0x258e <__fixunssfsi>
     e8c:	dc 01       	movw	r26, r24
     e8e:	cb 01       	movw	r24, r22
     e90:	9b af       	std	Y+59, r25	; 0x3b
     e92:	8a af       	std	Y+58, r24	; 0x3a
     e94:	8a ad       	ldd	r24, Y+58	; 0x3a
     e96:	9b ad       	ldd	r25, Y+59	; 0x3b
     e98:	9f af       	std	Y+63, r25	; 0x3f
     e9a:	8e af       	std	Y+62, r24	; 0x3e
     e9c:	8e ad       	ldd	r24, Y+62	; 0x3e
     e9e:	9f ad       	ldd	r25, Y+63	; 0x3f
     ea0:	01 97       	sbiw	r24, 0x01	; 1
     ea2:	f1 f7       	brne	.-4      	; 0xea0 <Keypad_Scan+0x31a>
     ea4:	9f af       	std	Y+63, r25	; 0x3f
     ea6:	8e af       	std	Y+62, r24	; 0x3e
     ea8:	00 00       	nop
     eaa:	80 e2       	ldi	r24, 0x20	; 32
     eac:	90 e0       	ldi	r25, 0x00	; 0
     eae:	fc 01       	movw	r30, r24
     eb0:	80 81       	ld	r24, Z
     eb2:	88 2f       	mov	r24, r24
     eb4:	90 e0       	ldi	r25, 0x00	; 0
     eb6:	80 71       	andi	r24, 0x10	; 16
     eb8:	99 27       	eor	r25, r25
     eba:	89 2b       	or	r24, r25
     ebc:	b1 f3       	breq	.-20     	; 0xeaa <Keypad_Scan+0x324>
     ebe:	89 81       	ldd	r24, Y+1	; 0x01
     ec0:	28 2f       	mov	r18, r24
     ec2:	30 e0       	ldi	r19, 0x00	; 0
     ec4:	c9 01       	movw	r24, r18
     ec6:	88 0f       	add	r24, r24
     ec8:	99 1f       	adc	r25, r25
     eca:	88 0f       	add	r24, r24
     ecc:	99 1f       	adc	r25, r25
     ece:	82 0f       	add	r24, r18
     ed0:	93 1f       	adc	r25, r19
     ed2:	80 50       	subi	r24, 0x00	; 0
     ed4:	9f 4f       	sbci	r25, 0xFF	; 255
     ed6:	fc 01       	movw	r30, r24
     ed8:	80 81       	ld	r24, Z
     eda:	74 c3       	rjmp	.+1768   	; 0x15c4 <Keypad_Scan+0xa3e>
		if (!(PINA & (1 << PA5))) { _delay_ms(20); while(!(PINA & (1 << PA5))); return keys[r][1]; }
     edc:	80 e2       	ldi	r24, 0x20	; 32
     ede:	90 e0       	ldi	r25, 0x00	; 0
     ee0:	fc 01       	movw	r30, r24
     ee2:	80 81       	ld	r24, Z
     ee4:	88 2f       	mov	r24, r24
     ee6:	90 e0       	ldi	r25, 0x00	; 0
     ee8:	80 72       	andi	r24, 0x20	; 32
     eea:	99 27       	eor	r25, r25
     eec:	89 2b       	or	r24, r25
     eee:	09 f0       	breq	.+2      	; 0xef2 <Keypad_Scan+0x36c>
     ef0:	d2 c0       	rjmp	.+420    	; 0x1096 <Keypad_Scan+0x510>
     ef2:	80 e0       	ldi	r24, 0x00	; 0
     ef4:	90 e0       	ldi	r25, 0x00	; 0
     ef6:	a0 ea       	ldi	r26, 0xA0	; 160
     ef8:	b1 e4       	ldi	r27, 0x41	; 65
     efa:	8a 8b       	std	Y+18, r24	; 0x12
     efc:	9b 8b       	std	Y+19, r25	; 0x13
     efe:	ac 8b       	std	Y+20, r26	; 0x14
     f00:	bd 8b       	std	Y+21, r27	; 0x15

	__builtin_avr_delay_cycles(__ticks_dc);

#else
	uint16_t __ticks;
	__tmp = ((F_CPU) / 4e3) * __ms;
     f02:	8e 01       	movw	r16, r28
     f04:	00 5c       	subi	r16, 0xC0	; 192
     f06:	1f 4f       	sbci	r17, 0xFF	; 255
     f08:	20 e0       	ldi	r18, 0x00	; 0
     f0a:	30 e0       	ldi	r19, 0x00	; 0
     f0c:	4a ef       	ldi	r20, 0xFA	; 250
     f0e:	54 e4       	ldi	r21, 0x44	; 68
     f10:	6a 89       	ldd	r22, Y+18	; 0x12
     f12:	7b 89       	ldd	r23, Y+19	; 0x13
     f14:	8c 89       	ldd	r24, Y+20	; 0x14
     f16:	9d 89       	ldd	r25, Y+21	; 0x15
     f18:	0e 94 af 13 	call	0x275e	; 0x275e <__mulsf3>
     f1c:	dc 01       	movw	r26, r24
     f1e:	cb 01       	movw	r24, r22
     f20:	f8 01       	movw	r30, r16
     f22:	80 83       	st	Z, r24
     f24:	91 83       	std	Z+1, r25	; 0x01
     f26:	a2 83       	std	Z+2, r26	; 0x02
     f28:	b3 83       	std	Z+3, r27	; 0x03
	if (__tmp < 1.0)
     f2a:	ce 01       	movw	r24, r28
     f2c:	80 5c       	subi	r24, 0xC0	; 192
     f2e:	9f 4f       	sbci	r25, 0xFF	; 255
     f30:	20 e0       	ldi	r18, 0x00	; 0
     f32:	30 e0       	ldi	r19, 0x00	; 0
     f34:	40 e8       	ldi	r20, 0x80	; 128
     f36:	5f e3       	ldi	r21, 0x3F	; 63
     f38:	fc 01       	movw	r30, r24
     f3a:	60 81       	ld	r22, Z
     f3c:	71 81       	ldd	r23, Z+1	; 0x01
     f3e:	82 81       	ldd	r24, Z+2	; 0x02
     f40:	93 81       	ldd	r25, Z+3	; 0x03
     f42:	0e 94 4b 12 	call	0x2496	; 0x2496 <__cmpsf2>
     f46:	88 23       	and	r24, r24
     f48:	4c f4       	brge	.+18     	; 0xf5c <Keypad_Scan+0x3d6>
		__ticks = 1;
     f4a:	ce 01       	movw	r24, r28
     f4c:	8c 5b       	subi	r24, 0xBC	; 188
     f4e:	9f 4f       	sbci	r25, 0xFF	; 255
     f50:	21 e0       	ldi	r18, 0x01	; 1
     f52:	30 e0       	ldi	r19, 0x00	; 0
     f54:	fc 01       	movw	r30, r24
     f56:	31 83       	std	Z+1, r19	; 0x01
     f58:	20 83       	st	Z, r18
     f5a:	69 c0       	rjmp	.+210    	; 0x102e <Keypad_Scan+0x4a8>
	else if (__tmp > 65535)
     f5c:	ce 01       	movw	r24, r28
     f5e:	80 5c       	subi	r24, 0xC0	; 192
     f60:	9f 4f       	sbci	r25, 0xFF	; 255
     f62:	20 e0       	ldi	r18, 0x00	; 0
     f64:	3f ef       	ldi	r19, 0xFF	; 255
     f66:	4f e7       	ldi	r20, 0x7F	; 127
     f68:	57 e4       	ldi	r21, 0x47	; 71
     f6a:	fc 01       	movw	r30, r24
     f6c:	60 81       	ld	r22, Z
     f6e:	71 81       	ldd	r23, Z+1	; 0x01
     f70:	82 81       	ldd	r24, Z+2	; 0x02
     f72:	93 81       	ldd	r25, Z+3	; 0x03
     f74:	0e 94 aa 13 	call	0x2754	; 0x2754 <__gesf2>
     f78:	18 16       	cp	r1, r24
     f7a:	0c f0       	brlt	.+2      	; 0xf7e <Keypad_Scan+0x3f8>
     f7c:	46 c0       	rjmp	.+140    	; 0x100a <Keypad_Scan+0x484>
	{
		//	__ticks = requested delay in 1/10 ms
		__ticks = (uint16_t) (__ms * 10.0);
     f7e:	20 e0       	ldi	r18, 0x00	; 0
     f80:	30 e0       	ldi	r19, 0x00	; 0
     f82:	40 e2       	ldi	r20, 0x20	; 32
     f84:	51 e4       	ldi	r21, 0x41	; 65
     f86:	6a 89       	ldd	r22, Y+18	; 0x12
     f88:	7b 89       	ldd	r23, Y+19	; 0x13
     f8a:	8c 89       	ldd	r24, Y+20	; 0x14
     f8c:	9d 89       	ldd	r25, Y+21	; 0x15
     f8e:	0e 94 af 13 	call	0x275e	; 0x275e <__mulsf3>
     f92:	dc 01       	movw	r26, r24
     f94:	cb 01       	movw	r24, r22
     f96:	8e 01       	movw	r16, r28
     f98:	0c 5b       	subi	r16, 0xBC	; 188
     f9a:	1f 4f       	sbci	r17, 0xFF	; 255
     f9c:	bc 01       	movw	r22, r24
     f9e:	cd 01       	movw	r24, r26
     fa0:	0e 94 c7 12 	call	0x258e	; 0x258e <__fixunssfsi>
     fa4:	dc 01       	movw	r26, r24
     fa6:	cb 01       	movw	r24, r22
     fa8:	f8 01       	movw	r30, r16
     faa:	91 83       	std	Z+1, r25	; 0x01
     fac:	80 83       	st	Z, r24
     fae:	24 c0       	rjmp	.+72     	; 0xff8 <Keypad_Scan+0x472>
     fb0:	ce 01       	movw	r24, r28
     fb2:	8a 5b       	subi	r24, 0xBA	; 186
     fb4:	9f 4f       	sbci	r25, 0xFF	; 255
     fb6:	28 ec       	ldi	r18, 0xC8	; 200
     fb8:	30 e0       	ldi	r19, 0x00	; 0
     fba:	fc 01       	movw	r30, r24
     fbc:	31 83       	std	Z+1, r19	; 0x01
     fbe:	20 83       	st	Z, r18
     fc0:	ce 01       	movw	r24, r28
     fc2:	8a 5b       	subi	r24, 0xBA	; 186
     fc4:	9f 4f       	sbci	r25, 0xFF	; 255
     fc6:	fc 01       	movw	r30, r24
     fc8:	80 81       	ld	r24, Z
     fca:	91 81       	ldd	r25, Z+1	; 0x01
     fcc:	01 97       	sbiw	r24, 0x01	; 1
     fce:	f1 f7       	brne	.-4      	; 0xfcc <Keypad_Scan+0x446>
     fd0:	9e 01       	movw	r18, r28
     fd2:	2a 5b       	subi	r18, 0xBA	; 186
     fd4:	3f 4f       	sbci	r19, 0xFF	; 255
     fd6:	f9 01       	movw	r30, r18
     fd8:	91 83       	std	Z+1, r25	; 0x01
     fda:	80 83       	st	Z, r24
		while(__ticks)
		{
			// wait 1/10 ms
			_delay_loop_2(((F_CPU) / 4e3) / 10);
			__ticks --;
     fdc:	ce 01       	movw	r24, r28
     fde:	8c 5b       	subi	r24, 0xBC	; 188
     fe0:	9f 4f       	sbci	r25, 0xFF	; 255
     fe2:	9e 01       	movw	r18, r28
     fe4:	2c 5b       	subi	r18, 0xBC	; 188
     fe6:	3f 4f       	sbci	r19, 0xFF	; 255
     fe8:	f9 01       	movw	r30, r18
     fea:	20 81       	ld	r18, Z
     fec:	31 81       	ldd	r19, Z+1	; 0x01
     fee:	21 50       	subi	r18, 0x01	; 1
     ff0:	31 09       	sbc	r19, r1
     ff2:	fc 01       	movw	r30, r24
     ff4:	31 83       	std	Z+1, r19	; 0x01
     ff6:	20 83       	st	Z, r18
		__ticks = 1;
	else if (__tmp > 65535)
	{
		//	__ticks = requested delay in 1/10 ms
		__ticks = (uint16_t) (__ms * 10.0);
		while(__ticks)
     ff8:	ce 01       	movw	r24, r28
     ffa:	8c 5b       	subi	r24, 0xBC	; 188
     ffc:	9f 4f       	sbci	r25, 0xFF	; 255
     ffe:	fc 01       	movw	r30, r24
    1000:	80 81       	ld	r24, Z
    1002:	91 81       	ldd	r25, Z+1	; 0x01
    1004:	89 2b       	or	r24, r25
    1006:	a1 f6       	brne	.-88     	; 0xfb0 <Keypad_Scan+0x42a>
    1008:	2c c0       	rjmp	.+88     	; 0x1062 <Keypad_Scan+0x4dc>
			__ticks --;
		}
		return;
	}
	else
		__ticks = (uint16_t)__tmp;
    100a:	8e 01       	movw	r16, r28
    100c:	0c 5b       	subi	r16, 0xBC	; 188
    100e:	1f 4f       	sbci	r17, 0xFF	; 255
    1010:	ce 01       	movw	r24, r28
    1012:	80 5c       	subi	r24, 0xC0	; 192
    1014:	9f 4f       	sbci	r25, 0xFF	; 255
    1016:	fc 01       	movw	r30, r24
    1018:	60 81       	ld	r22, Z
    101a:	71 81       	ldd	r23, Z+1	; 0x01
    101c:	82 81       	ldd	r24, Z+2	; 0x02
    101e:	93 81       	ldd	r25, Z+3	; 0x03
    1020:	0e 94 c7 12 	call	0x258e	; 0x258e <__fixunssfsi>
    1024:	dc 01       	movw	r26, r24
    1026:	cb 01       	movw	r24, r22
    1028:	f8 01       	movw	r30, r16
    102a:	91 83       	std	Z+1, r25	; 0x01
    102c:	80 83       	st	Z, r24
    102e:	ce 01       	movw	r24, r28
    1030:	88 5b       	subi	r24, 0xB8	; 184
    1032:	9f 4f       	sbci	r25, 0xFF	; 255
    1034:	9e 01       	movw	r18, r28
    1036:	2c 5b       	subi	r18, 0xBC	; 188
    1038:	3f 4f       	sbci	r19, 0xFF	; 255
    103a:	f9 01       	movw	r30, r18
    103c:	20 81       	ld	r18, Z
    103e:	31 81       	ldd	r19, Z+1	; 0x01
    1040:	fc 01       	movw	r30, r24
    1042:	31 83       	std	Z+1, r19	; 0x01
    1044:	20 83       	st	Z, r18
    1046:	ce 01       	movw	r24, r28
    1048:	88 5b       	subi	r24, 0xB8	; 184
    104a:	9f 4f       	sbci	r25, 0xFF	; 255
    104c:	fc 01       	movw	r30, r24
    104e:	80 81       	ld	r24, Z
    1050:	91 81       	ldd	r25, Z+1	; 0x01
    1052:	01 97       	sbiw	r24, 0x01	; 1
    1054:	f1 f7       	brne	.-4      	; 0x1052 <Keypad_Scan+0x4cc>
    1056:	9e 01       	movw	r18, r28
    1058:	28 5b       	subi	r18, 0xB8	; 184
    105a:	3f 4f       	sbci	r19, 0xFF	; 255
    105c:	f9 01       	movw	r30, r18
    105e:	91 83       	std	Z+1, r25	; 0x01
    1060:	80 83       	st	Z, r24
    1062:	00 00       	nop
    1064:	80 e2       	ldi	r24, 0x20	; 32
    1066:	90 e0       	ldi	r25, 0x00	; 0
    1068:	fc 01       	movw	r30, r24
    106a:	80 81       	ld	r24, Z
    106c:	88 2f       	mov	r24, r24
    106e:	90 e0       	ldi	r25, 0x00	; 0
    1070:	80 72       	andi	r24, 0x20	; 32
    1072:	99 27       	eor	r25, r25
    1074:	89 2b       	or	r24, r25
    1076:	b1 f3       	breq	.-20     	; 0x1064 <Keypad_Scan+0x4de>
    1078:	89 81       	ldd	r24, Y+1	; 0x01
    107a:	28 2f       	mov	r18, r24
    107c:	30 e0       	ldi	r19, 0x00	; 0
    107e:	c9 01       	movw	r24, r18
    1080:	88 0f       	add	r24, r24
    1082:	99 1f       	adc	r25, r25
    1084:	88 0f       	add	r24, r24
    1086:	99 1f       	adc	r25, r25
    1088:	82 0f       	add	r24, r18
    108a:	93 1f       	adc	r25, r19
    108c:	8f 5f       	subi	r24, 0xFF	; 255
    108e:	9e 4f       	sbci	r25, 0xFE	; 254
    1090:	fc 01       	movw	r30, r24
    1092:	80 81       	ld	r24, Z
    1094:	97 c2       	rjmp	.+1326   	; 0x15c4 <Keypad_Scan+0xa3e>
		if (!(PINA & (1 << PA6))) { _delay_ms(20); while(!(PINA & (1 << PA6))); return keys[r][2]; }
    1096:	80 e2       	ldi	r24, 0x20	; 32
    1098:	90 e0       	ldi	r25, 0x00	; 0
    109a:	fc 01       	movw	r30, r24
    109c:	80 81       	ld	r24, Z
    109e:	88 2f       	mov	r24, r24
    10a0:	90 e0       	ldi	r25, 0x00	; 0
    10a2:	80 74       	andi	r24, 0x40	; 64
    10a4:	99 27       	eor	r25, r25
    10a6:	89 2b       	or	r24, r25
    10a8:	09 f0       	breq	.+2      	; 0x10ac <Keypad_Scan+0x526>
    10aa:	d2 c0       	rjmp	.+420    	; 0x1250 <Keypad_Scan+0x6ca>
    10ac:	80 e0       	ldi	r24, 0x00	; 0
    10ae:	90 e0       	ldi	r25, 0x00	; 0
    10b0:	a0 ea       	ldi	r26, 0xA0	; 160
    10b2:	b1 e4       	ldi	r27, 0x41	; 65
    10b4:	8e 87       	std	Y+14, r24	; 0x0e
    10b6:	9f 87       	std	Y+15, r25	; 0x0f
    10b8:	a8 8b       	std	Y+16, r26	; 0x10
    10ba:	b9 8b       	std	Y+17, r27	; 0x11

	__builtin_avr_delay_cycles(__ticks_dc);

#else
	uint16_t __ticks;
	__tmp = ((F_CPU) / 4e3) * __ms;
    10bc:	8e 01       	movw	r16, r28
    10be:	06 5b       	subi	r16, 0xB6	; 182
    10c0:	1f 4f       	sbci	r17, 0xFF	; 255
    10c2:	20 e0       	ldi	r18, 0x00	; 0
    10c4:	30 e0       	ldi	r19, 0x00	; 0
    10c6:	4a ef       	ldi	r20, 0xFA	; 250
    10c8:	54 e4       	ldi	r21, 0x44	; 68
    10ca:	6e 85       	ldd	r22, Y+14	; 0x0e
    10cc:	7f 85       	ldd	r23, Y+15	; 0x0f
    10ce:	88 89       	ldd	r24, Y+16	; 0x10
    10d0:	99 89       	ldd	r25, Y+17	; 0x11
    10d2:	0e 94 af 13 	call	0x275e	; 0x275e <__mulsf3>
    10d6:	dc 01       	movw	r26, r24
    10d8:	cb 01       	movw	r24, r22
    10da:	f8 01       	movw	r30, r16
    10dc:	80 83       	st	Z, r24
    10de:	91 83       	std	Z+1, r25	; 0x01
    10e0:	a2 83       	std	Z+2, r26	; 0x02
    10e2:	b3 83       	std	Z+3, r27	; 0x03
	if (__tmp < 1.0)
    10e4:	ce 01       	movw	r24, r28
    10e6:	86 5b       	subi	r24, 0xB6	; 182
    10e8:	9f 4f       	sbci	r25, 0xFF	; 255
    10ea:	20 e0       	ldi	r18, 0x00	; 0
    10ec:	30 e0       	ldi	r19, 0x00	; 0
    10ee:	40 e8       	ldi	r20, 0x80	; 128
    10f0:	5f e3       	ldi	r21, 0x3F	; 63
    10f2:	fc 01       	movw	r30, r24
    10f4:	60 81       	ld	r22, Z
    10f6:	71 81       	ldd	r23, Z+1	; 0x01
    10f8:	82 81       	ldd	r24, Z+2	; 0x02
    10fa:	93 81       	ldd	r25, Z+3	; 0x03
    10fc:	0e 94 4b 12 	call	0x2496	; 0x2496 <__cmpsf2>
    1100:	88 23       	and	r24, r24
    1102:	4c f4       	brge	.+18     	; 0x1116 <Keypad_Scan+0x590>
		__ticks = 1;
    1104:	ce 01       	movw	r24, r28
    1106:	82 5b       	subi	r24, 0xB2	; 178
    1108:	9f 4f       	sbci	r25, 0xFF	; 255
    110a:	21 e0       	ldi	r18, 0x01	; 1
    110c:	30 e0       	ldi	r19, 0x00	; 0
    110e:	fc 01       	movw	r30, r24
    1110:	31 83       	std	Z+1, r19	; 0x01
    1112:	20 83       	st	Z, r18
    1114:	69 c0       	rjmp	.+210    	; 0x11e8 <Keypad_Scan+0x662>
	else if (__tmp > 65535)
    1116:	ce 01       	movw	r24, r28
    1118:	86 5b       	subi	r24, 0xB6	; 182
    111a:	9f 4f       	sbci	r25, 0xFF	; 255
    111c:	20 e0       	ldi	r18, 0x00	; 0
    111e:	3f ef       	ldi	r19, 0xFF	; 255
    1120:	4f e7       	ldi	r20, 0x7F	; 127
    1122:	57 e4       	ldi	r21, 0x47	; 71
    1124:	fc 01       	movw	r30, r24
    1126:	60 81       	ld	r22, Z
    1128:	71 81       	ldd	r23, Z+1	; 0x01
    112a:	82 81       	ldd	r24, Z+2	; 0x02
    112c:	93 81       	ldd	r25, Z+3	; 0x03
    112e:	0e 94 aa 13 	call	0x2754	; 0x2754 <__gesf2>
    1132:	18 16       	cp	r1, r24
    1134:	0c f0       	brlt	.+2      	; 0x1138 <Keypad_Scan+0x5b2>
    1136:	46 c0       	rjmp	.+140    	; 0x11c4 <Keypad_Scan+0x63e>
	{
		//	__ticks = requested delay in 1/10 ms
		__ticks = (uint16_t) (__ms * 10.0);
    1138:	20 e0       	ldi	r18, 0x00	; 0
    113a:	30 e0       	ldi	r19, 0x00	; 0
    113c:	40 e2       	ldi	r20, 0x20	; 32
    113e:	51 e4       	ldi	r21, 0x41	; 65
    1140:	6e 85       	ldd	r22, Y+14	; 0x0e
    1142:	7f 85       	ldd	r23, Y+15	; 0x0f
    1144:	88 89       	ldd	r24, Y+16	; 0x10
    1146:	99 89       	ldd	r25, Y+17	; 0x11
    1148:	0e 94 af 13 	call	0x275e	; 0x275e <__mulsf3>
    114c:	dc 01       	movw	r26, r24
    114e:	cb 01       	movw	r24, r22
    1150:	8e 01       	movw	r16, r28
    1152:	02 5b       	subi	r16, 0xB2	; 178
    1154:	1f 4f       	sbci	r17, 0xFF	; 255
    1156:	bc 01       	movw	r22, r24
    1158:	cd 01       	movw	r24, r26
    115a:	0e 94 c7 12 	call	0x258e	; 0x258e <__fixunssfsi>
    115e:	dc 01       	movw	r26, r24
    1160:	cb 01       	movw	r24, r22
    1162:	f8 01       	movw	r30, r16
    1164:	91 83       	std	Z+1, r25	; 0x01
    1166:	80 83       	st	Z, r24
    1168:	24 c0       	rjmp	.+72     	; 0x11b2 <Keypad_Scan+0x62c>
    116a:	ce 01       	movw	r24, r28
    116c:	80 5b       	subi	r24, 0xB0	; 176
    116e:	9f 4f       	sbci	r25, 0xFF	; 255
    1170:	28 ec       	ldi	r18, 0xC8	; 200
    1172:	30 e0       	ldi	r19, 0x00	; 0
    1174:	fc 01       	movw	r30, r24
    1176:	31 83       	std	Z+1, r19	; 0x01
    1178:	20 83       	st	Z, r18
    117a:	ce 01       	movw	r24, r28
    117c:	80 5b       	subi	r24, 0xB0	; 176
    117e:	9f 4f       	sbci	r25, 0xFF	; 255
    1180:	fc 01       	movw	r30, r24
    1182:	80 81       	ld	r24, Z
    1184:	91 81       	ldd	r25, Z+1	; 0x01
    1186:	01 97       	sbiw	r24, 0x01	; 1
    1188:	f1 f7       	brne	.-4      	; 0x1186 <Keypad_Scan+0x600>
    118a:	9e 01       	movw	r18, r28
    118c:	20 5b       	subi	r18, 0xB0	; 176
    118e:	3f 4f       	sbci	r19, 0xFF	; 255
    1190:	f9 01       	movw	r30, r18
    1192:	91 83       	std	Z+1, r25	; 0x01
    1194:	80 83       	st	Z, r24
		while(__ticks)
		{
			// wait 1/10 ms
			_delay_loop_2(((F_CPU) / 4e3) / 10);
			__ticks --;
    1196:	ce 01       	movw	r24, r28
    1198:	82 5b       	subi	r24, 0xB2	; 178
    119a:	9f 4f       	sbci	r25, 0xFF	; 255
    119c:	9e 01       	movw	r18, r28
    119e:	22 5b       	subi	r18, 0xB2	; 178
    11a0:	3f 4f       	sbci	r19, 0xFF	; 255
    11a2:	f9 01       	movw	r30, r18
    11a4:	20 81       	ld	r18, Z
    11a6:	31 81       	ldd	r19, Z+1	; 0x01
    11a8:	21 50       	subi	r18, 0x01	; 1
    11aa:	31 09       	sbc	r19, r1
    11ac:	fc 01       	movw	r30, r24
    11ae:	31 83       	std	Z+1, r19	; 0x01
    11b0:	20 83       	st	Z, r18
		__ticks = 1;
	else if (__tmp > 65535)
	{
		//	__ticks = requested delay in 1/10 ms
		__ticks = (uint16_t) (__ms * 10.0);
		while(__ticks)
    11b2:	ce 01       	movw	r24, r28
    11b4:	82 5b       	subi	r24, 0xB2	; 178
    11b6:	9f 4f       	sbci	r25, 0xFF	; 255
    11b8:	fc 01       	movw	r30, r24
    11ba:	80 81       	ld	r24, Z
    11bc:	91 81       	ldd	r25, Z+1	; 0x01
    11be:	89 2b       	or	r24, r25
    11c0:	a1 f6       	brne	.-88     	; 0x116a <Keypad_Scan+0x5e4>
    11c2:	2c c0       	rjmp	.+88     	; 0x121c <Keypad_Scan+0x696>
			__ticks --;
		}
		return;
	}
	else
		__ticks = (uint16_t)__tmp;
    11c4:	8e 01       	movw	r16, r28
    11c6:	02 5b       	subi	r16, 0xB2	; 178
    11c8:	1f 4f       	sbci	r17, 0xFF	; 255
    11ca:	ce 01       	movw	r24, r28
    11cc:	86 5b       	subi	r24, 0xB6	; 182
    11ce:	9f 4f       	sbci	r25, 0xFF	; 255
    11d0:	fc 01       	movw	r30, r24
    11d2:	60 81       	ld	r22, Z
    11d4:	71 81       	ldd	r23, Z+1	; 0x01
    11d6:	82 81       	ldd	r24, Z+2	; 0x02
    11d8:	93 81       	ldd	r25, Z+3	; 0x03
    11da:	0e 94 c7 12 	call	0x258e	; 0x258e <__fixunssfsi>
    11de:	dc 01       	movw	r26, r24
    11e0:	cb 01       	movw	r24, r22
    11e2:	f8 01       	movw	r30, r16
    11e4:	91 83       	std	Z+1, r25	; 0x01
    11e6:	80 83       	st	Z, r24
    11e8:	ce 01       	movw	r24, r28
    11ea:	8e 5a       	subi	r24, 0xAE	; 174
    11ec:	9f 4f       	sbci	r25, 0xFF	; 255
    11ee:	9e 01       	movw	r18, r28
    11f0:	22 5b       	subi	r18, 0xB2	; 178
    11f2:	3f 4f       	sbci	r19, 0xFF	; 255
    11f4:	f9 01       	movw	r30, r18
    11f6:	20 81       	ld	r18, Z
    11f8:	31 81       	ldd	r19, Z+1	; 0x01
    11fa:	fc 01       	movw	r30, r24
    11fc:	31 83       	std	Z+1, r19	; 0x01
    11fe:	20 83       	st	Z, r18
    1200:	ce 01       	movw	r24, r28
    1202:	8e 5a       	subi	r24, 0xAE	; 174
    1204:	9f 4f       	sbci	r25, 0xFF	; 255
    1206:	fc 01       	movw	r30, r24
    1208:	80 81       	ld	r24, Z
    120a:	91 81       	ldd	r25, Z+1	; 0x01
    120c:	01 97       	sbiw	r24, 0x01	; 1
    120e:	f1 f7       	brne	.-4      	; 0x120c <Keypad_Scan+0x686>
    1210:	9e 01       	movw	r18, r28
    1212:	2e 5a       	subi	r18, 0xAE	; 174
    1214:	3f 4f       	sbci	r19, 0xFF	; 255
    1216:	f9 01       	movw	r30, r18
    1218:	91 83       	std	Z+1, r25	; 0x01
    121a:	80 83       	st	Z, r24
    121c:	00 00       	nop
    121e:	80 e2       	ldi	r24, 0x20	; 32
    1220:	90 e0       	ldi	r25, 0x00	; 0
    1222:	fc 01       	movw	r30, r24
    1224:	80 81       	ld	r24, Z
    1226:	88 2f       	mov	r24, r24
    1228:	90 e0       	ldi	r25, 0x00	; 0
    122a:	80 74       	andi	r24, 0x40	; 64
    122c:	99 27       	eor	r25, r25
    122e:	89 2b       	or	r24, r25
    1230:	b1 f3       	breq	.-20     	; 0x121e <Keypad_Scan+0x698>
    1232:	89 81       	ldd	r24, Y+1	; 0x01
    1234:	28 2f       	mov	r18, r24
    1236:	30 e0       	ldi	r19, 0x00	; 0
    1238:	c9 01       	movw	r24, r18
    123a:	88 0f       	add	r24, r24
    123c:	99 1f       	adc	r25, r25
    123e:	88 0f       	add	r24, r24
    1240:	99 1f       	adc	r25, r25
    1242:	82 0f       	add	r24, r18
    1244:	93 1f       	adc	r25, r19
    1246:	8e 5f       	subi	r24, 0xFE	; 254
    1248:	9e 4f       	sbci	r25, 0xFE	; 254
    124a:	fc 01       	movw	r30, r24
    124c:	80 81       	ld	r24, Z
    124e:	ba c1       	rjmp	.+884    	; 0x15c4 <Keypad_Scan+0xa3e>
		if (!(PINA & (1 << PA7))) { _delay_ms(20); while(!(PINA & (1 << PA7))); return keys[r][3]; }
    1250:	80 e2       	ldi	r24, 0x20	; 32
    1252:	90 e0       	ldi	r25, 0x00	; 0
    1254:	fc 01       	movw	r30, r24
    1256:	80 81       	ld	r24, Z
    1258:	88 23       	and	r24, r24
    125a:	0c f4       	brge	.+2      	; 0x125e <Keypad_Scan+0x6d8>
    125c:	ce c0       	rjmp	.+412    	; 0x13fa <Keypad_Scan+0x874>
    125e:	80 e0       	ldi	r24, 0x00	; 0
    1260:	90 e0       	ldi	r25, 0x00	; 0
    1262:	a0 ea       	ldi	r26, 0xA0	; 160
    1264:	b1 e4       	ldi	r27, 0x41	; 65
    1266:	8a 87       	std	Y+10, r24	; 0x0a
    1268:	9b 87       	std	Y+11, r25	; 0x0b
    126a:	ac 87       	std	Y+12, r26	; 0x0c
    126c:	bd 87       	std	Y+13, r27	; 0x0d

	__builtin_avr_delay_cycles(__ticks_dc);

#else
	uint16_t __ticks;
	__tmp = ((F_CPU) / 4e3) * __ms;
    126e:	8e 01       	movw	r16, r28
    1270:	0c 5a       	subi	r16, 0xAC	; 172
    1272:	1f 4f       	sbci	r17, 0xFF	; 255
    1274:	20 e0       	ldi	r18, 0x00	; 0
    1276:	30 e0       	ldi	r19, 0x00	; 0
    1278:	4a ef       	ldi	r20, 0xFA	; 250
    127a:	54 e4       	ldi	r21, 0x44	; 68
    127c:	6a 85       	ldd	r22, Y+10	; 0x0a
    127e:	7b 85       	ldd	r23, Y+11	; 0x0b
    1280:	8c 85       	ldd	r24, Y+12	; 0x0c
    1282:	9d 85       	ldd	r25, Y+13	; 0x0d
    1284:	0e 94 af 13 	call	0x275e	; 0x275e <__mulsf3>
    1288:	dc 01       	movw	r26, r24
    128a:	cb 01       	movw	r24, r22
    128c:	f8 01       	movw	r30, r16
    128e:	80 83       	st	Z, r24
    1290:	91 83       	std	Z+1, r25	; 0x01
    1292:	a2 83       	std	Z+2, r26	; 0x02
    1294:	b3 83       	std	Z+3, r27	; 0x03
	if (__tmp < 1.0)
    1296:	ce 01       	movw	r24, r28
    1298:	8c 5a       	subi	r24, 0xAC	; 172
    129a:	9f 4f       	sbci	r25, 0xFF	; 255
    129c:	20 e0       	ldi	r18, 0x00	; 0
    129e:	30 e0       	ldi	r19, 0x00	; 0
    12a0:	40 e8       	ldi	r20, 0x80	; 128
    12a2:	5f e3       	ldi	r21, 0x3F	; 63
    12a4:	fc 01       	movw	r30, r24
    12a6:	60 81       	ld	r22, Z
    12a8:	71 81       	ldd	r23, Z+1	; 0x01
    12aa:	82 81       	ldd	r24, Z+2	; 0x02
    12ac:	93 81       	ldd	r25, Z+3	; 0x03
    12ae:	0e 94 4b 12 	call	0x2496	; 0x2496 <__cmpsf2>
    12b2:	88 23       	and	r24, r24
    12b4:	4c f4       	brge	.+18     	; 0x12c8 <Keypad_Scan+0x742>
		__ticks = 1;
    12b6:	ce 01       	movw	r24, r28
    12b8:	88 5a       	subi	r24, 0xA8	; 168
    12ba:	9f 4f       	sbci	r25, 0xFF	; 255
    12bc:	21 e0       	ldi	r18, 0x01	; 1
    12be:	30 e0       	ldi	r19, 0x00	; 0
    12c0:	fc 01       	movw	r30, r24
    12c2:	31 83       	std	Z+1, r19	; 0x01
    12c4:	20 83       	st	Z, r18
    12c6:	69 c0       	rjmp	.+210    	; 0x139a <Keypad_Scan+0x814>
	else if (__tmp > 65535)
    12c8:	ce 01       	movw	r24, r28
    12ca:	8c 5a       	subi	r24, 0xAC	; 172
    12cc:	9f 4f       	sbci	r25, 0xFF	; 255
    12ce:	20 e0       	ldi	r18, 0x00	; 0
    12d0:	3f ef       	ldi	r19, 0xFF	; 255
    12d2:	4f e7       	ldi	r20, 0x7F	; 127
    12d4:	57 e4       	ldi	r21, 0x47	; 71
    12d6:	fc 01       	movw	r30, r24
    12d8:	60 81       	ld	r22, Z
    12da:	71 81       	ldd	r23, Z+1	; 0x01
    12dc:	82 81       	ldd	r24, Z+2	; 0x02
    12de:	93 81       	ldd	r25, Z+3	; 0x03
    12e0:	0e 94 aa 13 	call	0x2754	; 0x2754 <__gesf2>
    12e4:	18 16       	cp	r1, r24
    12e6:	0c f0       	brlt	.+2      	; 0x12ea <Keypad_Scan+0x764>
    12e8:	46 c0       	rjmp	.+140    	; 0x1376 <Keypad_Scan+0x7f0>
	{
		//	__ticks = requested delay in 1/10 ms
		__ticks = (uint16_t) (__ms * 10.0);
    12ea:	20 e0       	ldi	r18, 0x00	; 0
    12ec:	30 e0       	ldi	r19, 0x00	; 0
    12ee:	40 e2       	ldi	r20, 0x20	; 32
    12f0:	51 e4       	ldi	r21, 0x41	; 65
    12f2:	6a 85       	ldd	r22, Y+10	; 0x0a
    12f4:	7b 85       	ldd	r23, Y+11	; 0x0b
    12f6:	8c 85       	ldd	r24, Y+12	; 0x0c
    12f8:	9d 85       	ldd	r25, Y+13	; 0x0d
    12fa:	0e 94 af 13 	call	0x275e	; 0x275e <__mulsf3>
    12fe:	dc 01       	movw	r26, r24
    1300:	cb 01       	movw	r24, r22
    1302:	8e 01       	movw	r16, r28
    1304:	08 5a       	subi	r16, 0xA8	; 168
    1306:	1f 4f       	sbci	r17, 0xFF	; 255
    1308:	bc 01       	movw	r22, r24
    130a:	cd 01       	movw	r24, r26
    130c:	0e 94 c7 12 	call	0x258e	; 0x258e <__fixunssfsi>
    1310:	dc 01       	movw	r26, r24
    1312:	cb 01       	movw	r24, r22
    1314:	f8 01       	movw	r30, r16
    1316:	91 83       	std	Z+1, r25	; 0x01
    1318:	80 83       	st	Z, r24
    131a:	24 c0       	rjmp	.+72     	; 0x1364 <Keypad_Scan+0x7de>
    131c:	ce 01       	movw	r24, r28
    131e:	86 5a       	subi	r24, 0xA6	; 166
    1320:	9f 4f       	sbci	r25, 0xFF	; 255
    1322:	28 ec       	ldi	r18, 0xC8	; 200
    1324:	30 e0       	ldi	r19, 0x00	; 0
    1326:	fc 01       	movw	r30, r24
    1328:	31 83       	std	Z+1, r19	; 0x01
    132a:	20 83       	st	Z, r18
    132c:	ce 01       	movw	r24, r28
    132e:	86 5a       	subi	r24, 0xA6	; 166
    1330:	9f 4f       	sbci	r25, 0xFF	; 255
    1332:	fc 01       	movw	r30, r24
    1334:	80 81       	ld	r24, Z
    1336:	91 81       	ldd	r25, Z+1	; 0x01
    1338:	01 97       	sbiw	r24, 0x01	; 1
    133a:	f1 f7       	brne	.-4      	; 0x1338 <Keypad_Scan+0x7b2>
    133c:	9e 01       	movw	r18, r28
    133e:	26 5a       	subi	r18, 0xA6	; 166
    1340:	3f 4f       	sbci	r19, 0xFF	; 255
    1342:	f9 01       	movw	r30, r18
    1344:	91 83       	std	Z+1, r25	; 0x01
    1346:	80 83       	st	Z, r24
		while(__ticks)
		{
			// wait 1/10 ms
			_delay_loop_2(((F_CPU) / 4e3) / 10);
			__ticks --;
    1348:	ce 01       	movw	r24, r28
    134a:	88 5a       	subi	r24, 0xA8	; 168
    134c:	9f 4f       	sbci	r25, 0xFF	; 255
    134e:	9e 01       	movw	r18, r28
    1350:	28 5a       	subi	r18, 0xA8	; 168
    1352:	3f 4f       	sbci	r19, 0xFF	; 255
    1354:	f9 01       	movw	r30, r18
    1356:	20 81       	ld	r18, Z
    1358:	31 81       	ldd	r19, Z+1	; 0x01
    135a:	21 50       	subi	r18, 0x01	; 1
    135c:	31 09       	sbc	r19, r1
    135e:	fc 01       	movw	r30, r24
    1360:	31 83       	std	Z+1, r19	; 0x01
    1362:	20 83       	st	Z, r18
		__ticks = 1;
	else if (__tmp > 65535)
	{
		//	__ticks = requested delay in 1/10 ms
		__ticks = (uint16_t) (__ms * 10.0);
		while(__ticks)
    1364:	ce 01       	movw	r24, r28
    1366:	88 5a       	subi	r24, 0xA8	; 168
    1368:	9f 4f       	sbci	r25, 0xFF	; 255
    136a:	fc 01       	movw	r30, r24
    136c:	80 81       	ld	r24, Z
    136e:	91 81       	ldd	r25, Z+1	; 0x01
    1370:	89 2b       	or	r24, r25
    1372:	a1 f6       	brne	.-88     	; 0x131c <Keypad_Scan+0x796>
    1374:	2c c0       	rjmp	.+88     	; 0x13ce <Keypad_Scan+0x848>
			__ticks --;
		}
		return;
	}
	else
		__ticks = (uint16_t)__tmp;
    1376:	8e 01       	movw	r16, r28
    1378:	08 5a       	subi	r16, 0xA8	; 168
    137a:	1f 4f       	sbci	r17, 0xFF	; 255
    137c:	ce 01       	movw	r24, r28
    137e:	8c 5a       	subi	r24, 0xAC	; 172
    1380:	9f 4f       	sbci	r25, 0xFF	; 255
    1382:	fc 01       	movw	r30, r24
    1384:	60 81       	ld	r22, Z
    1386:	71 81       	ldd	r23, Z+1	; 0x01
    1388:	82 81       	ldd	r24, Z+2	; 0x02
    138a:	93 81       	ldd	r25, Z+3	; 0x03
    138c:	0e 94 c7 12 	call	0x258e	; 0x258e <__fixunssfsi>
    1390:	dc 01       	movw	r26, r24
    1392:	cb 01       	movw	r24, r22
    1394:	f8 01       	movw	r30, r16
    1396:	91 83       	std	Z+1, r25	; 0x01
    1398:	80 83       	st	Z, r24
    139a:	ce 01       	movw	r24, r28
    139c:	84 5a       	subi	r24, 0xA4	; 164
    139e:	9f 4f       	sbci	r25, 0xFF	; 255
    13a0:	9e 01       	movw	r18, r28
    13a2:	28 5a       	subi	r18, 0xA8	; 168
    13a4:	3f 4f       	sbci	r19, 0xFF	; 255
    13a6:	f9 01       	movw	r30, r18
    13a8:	20 81       	ld	r18, Z
    13aa:	31 81       	ldd	r19, Z+1	; 0x01
    13ac:	fc 01       	movw	r30, r24
    13ae:	31 83       	std	Z+1, r19	; 0x01
    13b0:	20 83       	st	Z, r18
    13b2:	ce 01       	movw	r24, r28
    13b4:	84 5a       	subi	r24, 0xA4	; 164
    13b6:	9f 4f       	sbci	r25, 0xFF	; 255
    13b8:	fc 01       	movw	r30, r24
    13ba:	80 81       	ld	r24, Z
    13bc:	91 81       	ldd	r25, Z+1	; 0x01
    13be:	01 97       	sbiw	r24, 0x01	; 1
    13c0:	f1 f7       	brne	.-4      	; 0x13be <Keypad_Scan+0x838>
    13c2:	9e 01       	movw	r18, r28
    13c4:	24 5a       	subi	r18, 0xA4	; 164
    13c6:	3f 4f       	sbci	r19, 0xFF	; 255
    13c8:	f9 01       	movw	r30, r18
    13ca:	91 83       	std	Z+1, r25	; 0x01
    13cc:	80 83       	st	Z, r24
    13ce:	00 00       	nop
    13d0:	80 e2       	ldi	r24, 0x20	; 32
    13d2:	90 e0       	ldi	r25, 0x00	; 0
    13d4:	fc 01       	movw	r30, r24
    13d6:	80 81       	ld	r24, Z
    13d8:	88 23       	and	r24, r24
    13da:	d4 f7       	brge	.-12     	; 0x13d0 <Keypad_Scan+0x84a>
    13dc:	89 81       	ldd	r24, Y+1	; 0x01
    13de:	28 2f       	mov	r18, r24
    13e0:	30 e0       	ldi	r19, 0x00	; 0
    13e2:	c9 01       	movw	r24, r18
    13e4:	88 0f       	add	r24, r24
    13e6:	99 1f       	adc	r25, r25
    13e8:	88 0f       	add	r24, r24
    13ea:	99 1f       	adc	r25, r25
    13ec:	82 0f       	add	r24, r18
    13ee:	93 1f       	adc	r25, r19
    13f0:	8d 5f       	subi	r24, 0xFD	; 253
    13f2:	9e 4f       	sbci	r25, 0xFE	; 254
    13f4:	fc 01       	movw	r30, r24
    13f6:	80 81       	ld	r24, Z
    13f8:	e5 c0       	rjmp	.+458    	; 0x15c4 <Keypad_Scan+0xa3e>
		if (!(PINB & (1 << PB0))) { _delay_ms(20); while(!(PINB & (1 << PB0))); return keys[r][4]; }
    13fa:	83 e2       	ldi	r24, 0x23	; 35
    13fc:	90 e0       	ldi	r25, 0x00	; 0
    13fe:	fc 01       	movw	r30, r24
    1400:	80 81       	ld	r24, Z
    1402:	88 2f       	mov	r24, r24
    1404:	90 e0       	ldi	r25, 0x00	; 0
    1406:	81 70       	andi	r24, 0x01	; 1
    1408:	99 27       	eor	r25, r25
    140a:	89 2b       	or	r24, r25
    140c:	09 f0       	breq	.+2      	; 0x1410 <Keypad_Scan+0x88a>
    140e:	d2 c0       	rjmp	.+420    	; 0x15b4 <Keypad_Scan+0xa2e>
    1410:	80 e0       	ldi	r24, 0x00	; 0
    1412:	90 e0       	ldi	r25, 0x00	; 0
    1414:	a0 ea       	ldi	r26, 0xA0	; 160
    1416:	b1 e4       	ldi	r27, 0x41	; 65
    1418:	8e 83       	std	Y+6, r24	; 0x06
    141a:	9f 83       	std	Y+7, r25	; 0x07
    141c:	a8 87       	std	Y+8, r26	; 0x08
    141e:	b9 87       	std	Y+9, r27	; 0x09

	__builtin_avr_delay_cycles(__ticks_dc);

#else
	uint16_t __ticks;
	__tmp = ((F_CPU) / 4e3) * __ms;
    1420:	8e 01       	movw	r16, r28
    1422:	02 5a       	subi	r16, 0xA2	; 162
    1424:	1f 4f       	sbci	r17, 0xFF	; 255
    1426:	20 e0       	ldi	r18, 0x00	; 0
    1428:	30 e0       	ldi	r19, 0x00	; 0
    142a:	4a ef       	ldi	r20, 0xFA	; 250
    142c:	54 e4       	ldi	r21, 0x44	; 68
    142e:	6e 81       	ldd	r22, Y+6	; 0x06
    1430:	7f 81       	ldd	r23, Y+7	; 0x07
    1432:	88 85       	ldd	r24, Y+8	; 0x08
    1434:	99 85       	ldd	r25, Y+9	; 0x09
    1436:	0e 94 af 13 	call	0x275e	; 0x275e <__mulsf3>
    143a:	dc 01       	movw	r26, r24
    143c:	cb 01       	movw	r24, r22
    143e:	f8 01       	movw	r30, r16
    1440:	80 83       	st	Z, r24
    1442:	91 83       	std	Z+1, r25	; 0x01
    1444:	a2 83       	std	Z+2, r26	; 0x02
    1446:	b3 83       	std	Z+3, r27	; 0x03
	if (__tmp < 1.0)
    1448:	ce 01       	movw	r24, r28
    144a:	82 5a       	subi	r24, 0xA2	; 162
    144c:	9f 4f       	sbci	r25, 0xFF	; 255
    144e:	20 e0       	ldi	r18, 0x00	; 0
    1450:	30 e0       	ldi	r19, 0x00	; 0
    1452:	40 e8       	ldi	r20, 0x80	; 128
    1454:	5f e3       	ldi	r21, 0x3F	; 63
    1456:	fc 01       	movw	r30, r24
    1458:	60 81       	ld	r22, Z
    145a:	71 81       	ldd	r23, Z+1	; 0x01
    145c:	82 81       	ldd	r24, Z+2	; 0x02
    145e:	93 81       	ldd	r25, Z+3	; 0x03
    1460:	0e 94 4b 12 	call	0x2496	; 0x2496 <__cmpsf2>
    1464:	88 23       	and	r24, r24
    1466:	4c f4       	brge	.+18     	; 0x147a <Keypad_Scan+0x8f4>
		__ticks = 1;
    1468:	ce 01       	movw	r24, r28
    146a:	8e 59       	subi	r24, 0x9E	; 158
    146c:	9f 4f       	sbci	r25, 0xFF	; 255
    146e:	21 e0       	ldi	r18, 0x01	; 1
    1470:	30 e0       	ldi	r19, 0x00	; 0
    1472:	fc 01       	movw	r30, r24
    1474:	31 83       	std	Z+1, r19	; 0x01
    1476:	20 83       	st	Z, r18
    1478:	69 c0       	rjmp	.+210    	; 0x154c <Keypad_Scan+0x9c6>
	else if (__tmp > 65535)
    147a:	ce 01       	movw	r24, r28
    147c:	82 5a       	subi	r24, 0xA2	; 162
    147e:	9f 4f       	sbci	r25, 0xFF	; 255
    1480:	20 e0       	ldi	r18, 0x00	; 0
    1482:	3f ef       	ldi	r19, 0xFF	; 255
    1484:	4f e7       	ldi	r20, 0x7F	; 127
    1486:	57 e4       	ldi	r21, 0x47	; 71
    1488:	fc 01       	movw	r30, r24
    148a:	60 81       	ld	r22, Z
    148c:	71 81       	ldd	r23, Z+1	; 0x01
    148e:	82 81       	ldd	r24, Z+2	; 0x02
    1490:	93 81       	ldd	r25, Z+3	; 0x03
    1492:	0e 94 aa 13 	call	0x2754	; 0x2754 <__gesf2>
    1496:	18 16       	cp	r1, r24
    1498:	0c f0       	brlt	.+2      	; 0x149c <Keypad_Scan+0x916>
    149a:	46 c0       	rjmp	.+140    	; 0x1528 <Keypad_Scan+0x9a2>
	{
		//	__ticks = requested delay in 1/10 ms
		__ticks = (uint16_t) (__ms * 10.0);
    149c:	20 e0       	ldi	r18, 0x00	; 0
    149e:	30 e0       	ldi	r19, 0x00	; 0
    14a0:	40 e2       	ldi	r20, 0x20	; 32
    14a2:	51 e4       	ldi	r21, 0x41	; 65
    14a4:	6e 81       	ldd	r22, Y+6	; 0x06
    14a6:	7f 81       	ldd	r23, Y+7	; 0x07
    14a8:	88 85       	ldd	r24, Y+8	; 0x08
    14aa:	99 85       	ldd	r25, Y+9	; 0x09
    14ac:	0e 94 af 13 	call	0x275e	; 0x275e <__mulsf3>
    14b0:	dc 01       	movw	r26, r24
    14b2:	cb 01       	movw	r24, r22
    14b4:	8e 01       	movw	r16, r28
    14b6:	0e 59       	subi	r16, 0x9E	; 158
    14b8:	1f 4f       	sbci	r17, 0xFF	; 255
    14ba:	bc 01       	movw	r22, r24
    14bc:	cd 01       	movw	r24, r26
    14be:	0e 94 c7 12 	call	0x258e	; 0x258e <__fixunssfsi>
    14c2:	dc 01       	movw	r26, r24
    14c4:	cb 01       	movw	r24, r22
    14c6:	f8 01       	movw	r30, r16
    14c8:	91 83       	std	Z+1, r25	; 0x01
    14ca:	80 83       	st	Z, r24
    14cc:	24 c0       	rjmp	.+72     	; 0x1516 <Keypad_Scan+0x990>
    14ce:	ce 01       	movw	r24, r28
    14d0:	8c 59       	subi	r24, 0x9C	; 156
    14d2:	9f 4f       	sbci	r25, 0xFF	; 255
    14d4:	28 ec       	ldi	r18, 0xC8	; 200
    14d6:	30 e0       	ldi	r19, 0x00	; 0
    14d8:	fc 01       	movw	r30, r24
    14da:	31 83       	std	Z+1, r19	; 0x01
    14dc:	20 83       	st	Z, r18
    14de:	ce 01       	movw	r24, r28
    14e0:	8c 59       	subi	r24, 0x9C	; 156
    14e2:	9f 4f       	sbci	r25, 0xFF	; 255
    14e4:	fc 01       	movw	r30, r24
    14e6:	80 81       	ld	r24, Z
    14e8:	91 81       	ldd	r25, Z+1	; 0x01
    14ea:	01 97       	sbiw	r24, 0x01	; 1
    14ec:	f1 f7       	brne	.-4      	; 0x14ea <Keypad_Scan+0x964>
    14ee:	9e 01       	movw	r18, r28
    14f0:	2c 59       	subi	r18, 0x9C	; 156
    14f2:	3f 4f       	sbci	r19, 0xFF	; 255
    14f4:	f9 01       	movw	r30, r18
    14f6:	91 83       	std	Z+1, r25	; 0x01
    14f8:	80 83       	st	Z, r24
		while(__ticks)
		{
			// wait 1/10 ms
			_delay_loop_2(((F_CPU) / 4e3) / 10);
			__ticks --;
    14fa:	ce 01       	movw	r24, r28
    14fc:	8e 59       	subi	r24, 0x9E	; 158
    14fe:	9f 4f       	sbci	r25, 0xFF	; 255
    1500:	9e 01       	movw	r18, r28
    1502:	2e 59       	subi	r18, 0x9E	; 158
    1504:	3f 4f       	sbci	r19, 0xFF	; 255
    1506:	f9 01       	movw	r30, r18
    1508:	20 81       	ld	r18, Z
    150a:	31 81       	ldd	r19, Z+1	; 0x01
    150c:	21 50       	subi	r18, 0x01	; 1
    150e:	31 09       	sbc	r19, r1
    1510:	fc 01       	movw	r30, r24
    1512:	31 83       	std	Z+1, r19	; 0x01
    1514:	20 83       	st	Z, r18
		__ticks = 1;
	else if (__tmp > 65535)
	{
		//	__ticks = requested delay in 1/10 ms
		__ticks = (uint16_t) (__ms * 10.0);
		while(__ticks)
    1516:	ce 01       	movw	r24, r28
    1518:	8e 59       	subi	r24, 0x9E	; 158
    151a:	9f 4f       	sbci	r25, 0xFF	; 255
    151c:	fc 01       	movw	r30, r24
    151e:	80 81       	ld	r24, Z
    1520:	91 81       	ldd	r25, Z+1	; 0x01
    1522:	89 2b       	or	r24, r25
    1524:	a1 f6       	brne	.-88     	; 0x14ce <Keypad_Scan+0x948>
    1526:	2c c0       	rjmp	.+88     	; 0x1580 <Keypad_Scan+0x9fa>
			__ticks --;
		}
		return;
	}
	else
		__ticks = (uint16_t)__tmp;
    1528:	8e 01       	movw	r16, r28
    152a:	0e 59       	subi	r16, 0x9E	; 158
    152c:	1f 4f       	sbci	r17, 0xFF	; 255
    152e:	ce 01       	movw	r24, r28
    1530:	82 5a       	subi	r24, 0xA2	; 162
    1532:	9f 4f       	sbci	r25, 0xFF	; 255
    1534:	fc 01       	movw	r30, r24
    1536:	60 81       	ld	r22, Z
    1538:	71 81       	ldd	r23, Z+1	; 0x01
    153a:	82 81       	ldd	r24, Z+2	; 0x02
    153c:	93 81       	ldd	r25, Z+3	; 0x03
    153e:	0e 94 c7 12 	call	0x258e	; 0x258e <__fixunssfsi>
    1542:	dc 01       	movw	r26, r24
    1544:	cb 01       	movw	r24, r22
    1546:	f8 01       	movw	r30, r16
    1548:	91 83       	std	Z+1, r25	; 0x01
    154a:	80 83       	st	Z, r24
    154c:	ce 01       	movw	r24, r28
    154e:	8a 59       	subi	r24, 0x9A	; 154
    1550:	9f 4f       	sbci	r25, 0xFF	; 255
    1552:	9e 01       	movw	r18, r28
    1554:	2e 59       	subi	r18, 0x9E	; 158
    1556:	3f 4f       	sbci	r19, 0xFF	; 255
    1558:	f9 01       	movw	r30, r18
    155a:	20 81       	ld	r18, Z
    155c:	31 81       	ldd	r19, Z+1	; 0x01
    155e:	fc 01       	movw	r30, r24
    1560:	31 83       	std	Z+1, r19	; 0x01
    1562:	20 83       	st	Z, r18
    1564:	ce 01       	movw	r24, r28
    1566:	8a 59       	subi	r24, 0x9A	; 154
    1568:	9f 4f       	sbci	r25, 0xFF	; 255
    156a:	fc 01       	movw	r30, r24
    156c:	80 81       	ld	r24, Z
    156e:	91 81       	ldd	r25, Z+1	; 0x01
    1570:	01 97       	sbiw	r24, 0x01	; 1
    1572:	f1 f7       	brne	.-4      	; 0x1570 <Keypad_Scan+0x9ea>
    1574:	9e 01       	movw	r18, r28
    1576:	2a 59       	subi	r18, 0x9A	; 154
    1578:	3f 4f       	sbci	r19, 0xFF	; 255
    157a:	f9 01       	movw	r30, r18
    157c:	91 83       	std	Z+1, r25	; 0x01
    157e:	80 83       	st	Z, r24
    1580:	00 00       	nop
    1582:	83 e2       	ldi	r24, 0x23	; 35
    1584:	90 e0       	ldi	r25, 0x00	; 0
    1586:	fc 01       	movw	r30, r24
    1588:	80 81       	ld	r24, Z
    158a:	88 2f       	mov	r24, r24
    158c:	90 e0       	ldi	r25, 0x00	; 0
    158e:	81 70       	andi	r24, 0x01	; 1
    1590:	99 27       	eor	r25, r25
    1592:	89 2b       	or	r24, r25
    1594:	b1 f3       	breq	.-20     	; 0x1582 <Keypad_Scan+0x9fc>
    1596:	89 81       	ldd	r24, Y+1	; 0x01
    1598:	28 2f       	mov	r18, r24
    159a:	30 e0       	ldi	r19, 0x00	; 0
    159c:	c9 01       	movw	r24, r18
    159e:	88 0f       	add	r24, r24
    15a0:	99 1f       	adc	r25, r25
    15a2:	88 0f       	add	r24, r24
    15a4:	99 1f       	adc	r25, r25
    15a6:	82 0f       	add	r24, r18
    15a8:	93 1f       	adc	r25, r19
    15aa:	8c 5f       	subi	r24, 0xFC	; 252
    15ac:	9e 4f       	sbci	r25, 0xFE	; 254
    15ae:	fc 01       	movw	r30, r24
    15b0:	80 81       	ld	r24, Z
    15b2:	08 c0       	rjmp	.+16     	; 0x15c4 <Keypad_Scan+0xa3e>
	DDRA = 0x0F;  PORTA = 0xFF;
	DDRB &= ~(1<<PB0); PORTB |= (1<<PB0);
}

char Keypad_Scan() {
	for (uint8_t r = 0; r < 4; r++) {
    15b4:	89 81       	ldd	r24, Y+1	; 0x01
    15b6:	8f 5f       	subi	r24, 0xFF	; 255
    15b8:	89 83       	std	Y+1, r24	; 0x01
    15ba:	89 81       	ldd	r24, Y+1	; 0x01
    15bc:	84 30       	cpi	r24, 0x04	; 4
    15be:	08 f4       	brcc	.+2      	; 0x15c2 <Keypad_Scan+0xa3c>
    15c0:	f1 ca       	rjmp	.-2590   	; 0xba4 <Keypad_Scan+0x1e>
		if (!(PINA & (1 << PA5))) { _delay_ms(20); while(!(PINA & (1 << PA5))); return keys[r][1]; }
		if (!(PINA & (1 << PA6))) { _delay_ms(20); while(!(PINA & (1 << PA6))); return keys[r][2]; }
		if (!(PINA & (1 << PA7))) { _delay_ms(20); while(!(PINA & (1 << PA7))); return keys[r][3]; }
		if (!(PINB & (1 << PB0))) { _delay_ms(20); while(!(PINB & (1 << PB0))); return keys[r][4]; }
	}
	return 0;
    15c2:	80 e0       	ldi	r24, 0x00	; 0
}
    15c4:	c9 59       	subi	r28, 0x99	; 153
    15c6:	df 4f       	sbci	r29, 0xFF	; 255
    15c8:	0f b6       	in	r0, 0x3f	; 63
    15ca:	f8 94       	cli
    15cc:	de bf       	out	0x3e, r29	; 62
    15ce:	0f be       	out	0x3f, r0	; 63
    15d0:	cd bf       	out	0x3d, r28	; 61
    15d2:	df 91       	pop	r29
    15d4:	cf 91       	pop	r28
    15d6:	1f 91       	pop	r17
    15d8:	0f 91       	pop	r16
    15da:	08 95       	ret

000015dc <peek>:
// 4. Thu?t toán tính toán

const char* expr_ptr;
double parse_expression();

char peek() { return *expr_ptr; }
    15dc:	cf 93       	push	r28
    15de:	df 93       	push	r29
    15e0:	cd b7       	in	r28, 0x3d	; 61
    15e2:	de b7       	in	r29, 0x3e	; 62
    15e4:	80 91 ee 03 	lds	r24, 0x03EE	; 0x8003ee <expr_ptr>
    15e8:	90 91 ef 03 	lds	r25, 0x03EF	; 0x8003ef <expr_ptr+0x1>
    15ec:	fc 01       	movw	r30, r24
    15ee:	80 81       	ld	r24, Z
    15f0:	df 91       	pop	r29
    15f2:	cf 91       	pop	r28
    15f4:	08 95       	ret

000015f6 <get>:
char get()  { return *expr_ptr++; }
    15f6:	cf 93       	push	r28
    15f8:	df 93       	push	r29
    15fa:	cd b7       	in	r28, 0x3d	; 61
    15fc:	de b7       	in	r29, 0x3e	; 62
    15fe:	80 91 ee 03 	lds	r24, 0x03EE	; 0x8003ee <expr_ptr>
    1602:	90 91 ef 03 	lds	r25, 0x03EF	; 0x8003ef <expr_ptr+0x1>
    1606:	9c 01       	movw	r18, r24
    1608:	2f 5f       	subi	r18, 0xFF	; 255
    160a:	3f 4f       	sbci	r19, 0xFF	; 255
    160c:	30 93 ef 03 	sts	0x03EF, r19	; 0x8003ef <expr_ptr+0x1>
    1610:	20 93 ee 03 	sts	0x03EE, r18	; 0x8003ee <expr_ptr>
    1614:	fc 01       	movw	r30, r24
    1616:	80 81       	ld	r24, Z
    1618:	df 91       	pop	r29
    161a:	cf 91       	pop	r28
    161c:	08 95       	ret

0000161e <parse_factor>:

double parse_factor() {
    161e:	cf 93       	push	r28
    1620:	df 93       	push	r29
    1622:	cd b7       	in	r28, 0x3d	; 61
    1624:	de b7       	in	r29, 0x3e	; 62
    1626:	64 97       	sbiw	r28, 0x14	; 20
    1628:	0f b6       	in	r0, 0x3f	; 63
    162a:	f8 94       	cli
    162c:	de bf       	out	0x3e, r29	; 62
    162e:	0f be       	out	0x3f, r0	; 63
    1630:	cd bf       	out	0x3d, r28	; 61
	if (peek() >= '0' && peek() <= '9') {
    1632:	0e 94 ee 0a 	call	0x15dc	; 0x15dc <peek>
    1636:	80 33       	cpi	r24, 0x30	; 48
    1638:	78 f0       	brcs	.+30     	; 0x1658 <parse_factor+0x3a>
    163a:	0e 94 ee 0a 	call	0x15dc	; 0x15dc <peek>
    163e:	8a 33       	cpi	r24, 0x3A	; 58
    1640:	58 f4       	brcc	.+22     	; 0x1658 <parse_factor+0x3a>
		return strtod(expr_ptr, (char**)&expr_ptr);
    1642:	80 91 ee 03 	lds	r24, 0x03EE	; 0x8003ee <expr_ptr>
    1646:	90 91 ef 03 	lds	r25, 0x03EF	; 0x8003ef <expr_ptr+0x1>
    164a:	6e ee       	ldi	r22, 0xEE	; 238
    164c:	73 e0       	ldi	r23, 0x03	; 3
    164e:	0e 94 8c 16 	call	0x2d18	; 0x2d18 <strtod>
    1652:	dc 01       	movw	r26, r24
    1654:	cb 01       	movw	r24, r22
    1656:	16 c1       	rjmp	.+556    	; 0x1884 <parse_factor+0x266>
		} else if (peek() == '(') {
    1658:	0e 94 ee 0a 	call	0x15dc	; 0x15dc <peek>
    165c:	88 32       	cpi	r24, 0x28	; 40
    165e:	a9 f4       	brne	.+42     	; 0x168a <parse_factor+0x6c>
		get(); double result = parse_expression();
    1660:	0e 94 fb 0a 	call	0x15f6	; 0x15f6 <get>
    1664:	0e 94 c2 0c 	call	0x1984	; 0x1984 <parse_expression>
    1668:	dc 01       	movw	r26, r24
    166a:	cb 01       	movw	r24, r22
    166c:	89 83       	std	Y+1, r24	; 0x01
    166e:	9a 83       	std	Y+2, r25	; 0x02
    1670:	ab 83       	std	Y+3, r26	; 0x03
    1672:	bc 83       	std	Y+4, r27	; 0x04
		if (peek() == ')') get(); return result;
    1674:	0e 94 ee 0a 	call	0x15dc	; 0x15dc <peek>
    1678:	89 32       	cpi	r24, 0x29	; 41
    167a:	11 f4       	brne	.+4      	; 0x1680 <parse_factor+0x62>
    167c:	0e 94 fb 0a 	call	0x15f6	; 0x15f6 <get>
    1680:	89 81       	ldd	r24, Y+1	; 0x01
    1682:	9a 81       	ldd	r25, Y+2	; 0x02
    1684:	ab 81       	ldd	r26, Y+3	; 0x03
    1686:	bc 81       	ldd	r27, Y+4	; 0x04
    1688:	fd c0       	rjmp	.+506    	; 0x1884 <parse_factor+0x266>
		} else if (peek() == '-') { get(); return -parse_factor(); }
    168a:	0e 94 ee 0a 	call	0x15dc	; 0x15dc <peek>
    168e:	8d 32       	cpi	r24, 0x2D	; 45
    1690:	41 f4       	brne	.+16     	; 0x16a2 <parse_factor+0x84>
    1692:	0e 94 fb 0a 	call	0x15f6	; 0x15f6 <get>
    1696:	0e 94 0f 0b 	call	0x161e	; 0x161e <parse_factor>
    169a:	dc 01       	movw	r26, r24
    169c:	cb 01       	movw	r24, r22
    169e:	b0 58       	subi	r27, 0x80	; 128
    16a0:	f1 c0       	rjmp	.+482    	; 0x1884 <parse_factor+0x266>
		else if (strncmp(expr_ptr, "sin(", 4) == 0) {
    16a2:	80 91 ee 03 	lds	r24, 0x03EE	; 0x8003ee <expr_ptr>
    16a6:	90 91 ef 03 	lds	r25, 0x03EF	; 0x8003ef <expr_ptr+0x1>
    16aa:	44 e0       	ldi	r20, 0x04	; 4
    16ac:	50 e0       	ldi	r21, 0x00	; 0
    16ae:	64 e1       	ldi	r22, 0x14	; 20
    16b0:	71 e0       	ldi	r23, 0x01	; 1
    16b2:	0e 94 13 18 	call	0x3026	; 0x3026 <strncmp>
    16b6:	89 2b       	or	r24, r25
    16b8:	a1 f5       	brne	.+104    	; 0x1722 <parse_factor+0x104>
			expr_ptr += 4; double val = parse_expression();
    16ba:	80 91 ee 03 	lds	r24, 0x03EE	; 0x8003ee <expr_ptr>
    16be:	90 91 ef 03 	lds	r25, 0x03EF	; 0x8003ef <expr_ptr+0x1>
    16c2:	04 96       	adiw	r24, 0x04	; 4
    16c4:	90 93 ef 03 	sts	0x03EF, r25	; 0x8003ef <expr_ptr+0x1>
    16c8:	80 93 ee 03 	sts	0x03EE, r24	; 0x8003ee <expr_ptr>
    16cc:	0e 94 c2 0c 	call	0x1984	; 0x1984 <parse_expression>
    16d0:	dc 01       	movw	r26, r24
    16d2:	cb 01       	movw	r24, r22
    16d4:	8d 83       	std	Y+5, r24	; 0x05
    16d6:	9e 83       	std	Y+6, r25	; 0x06
    16d8:	af 83       	std	Y+7, r26	; 0x07
    16da:	b8 87       	std	Y+8, r27	; 0x08
			if (peek() == ')') get(); return sin(val * M_PI / 180.0);
    16dc:	0e 94 ee 0a 	call	0x15dc	; 0x15dc <peek>
    16e0:	89 32       	cpi	r24, 0x29	; 41
    16e2:	11 f4       	brne	.+4      	; 0x16e8 <parse_factor+0xca>
    16e4:	0e 94 fb 0a 	call	0x15f6	; 0x15f6 <get>
    16e8:	2b ed       	ldi	r18, 0xDB	; 219
    16ea:	3f e0       	ldi	r19, 0x0F	; 15
    16ec:	49 e4       	ldi	r20, 0x49	; 73
    16ee:	50 e4       	ldi	r21, 0x40	; 64
    16f0:	6d 81       	ldd	r22, Y+5	; 0x05
    16f2:	7e 81       	ldd	r23, Y+6	; 0x06
    16f4:	8f 81       	ldd	r24, Y+7	; 0x07
    16f6:	98 85       	ldd	r25, Y+8	; 0x08
    16f8:	0e 94 af 13 	call	0x275e	; 0x275e <__mulsf3>
    16fc:	dc 01       	movw	r26, r24
    16fe:	cb 01       	movw	r24, r22
    1700:	20 e0       	ldi	r18, 0x00	; 0
    1702:	30 e0       	ldi	r19, 0x00	; 0
    1704:	44 e3       	ldi	r20, 0x34	; 52
    1706:	53 e4       	ldi	r21, 0x43	; 67
    1708:	bc 01       	movw	r22, r24
    170a:	cd 01       	movw	r24, r26
    170c:	0e 94 55 12 	call	0x24aa	; 0x24aa <__divsf3>
    1710:	dc 01       	movw	r26, r24
    1712:	cb 01       	movw	r24, r22
    1714:	bc 01       	movw	r22, r24
    1716:	cd 01       	movw	r24, r26
    1718:	0e 94 6c 14 	call	0x28d8	; 0x28d8 <sin>
    171c:	dc 01       	movw	r26, r24
    171e:	cb 01       	movw	r24, r22
    1720:	b1 c0       	rjmp	.+354    	; 0x1884 <parse_factor+0x266>
			} else if (strncmp(expr_ptr, "cos(", 4) == 0) {
    1722:	80 91 ee 03 	lds	r24, 0x03EE	; 0x8003ee <expr_ptr>
    1726:	90 91 ef 03 	lds	r25, 0x03EF	; 0x8003ef <expr_ptr+0x1>
    172a:	44 e0       	ldi	r20, 0x04	; 4
    172c:	50 e0       	ldi	r21, 0x00	; 0
    172e:	69 e1       	ldi	r22, 0x19	; 25
    1730:	71 e0       	ldi	r23, 0x01	; 1
    1732:	0e 94 13 18 	call	0x3026	; 0x3026 <strncmp>
    1736:	89 2b       	or	r24, r25
    1738:	a1 f5       	brne	.+104    	; 0x17a2 <parse_factor+0x184>
			expr_ptr += 4; double val = parse_expression();
    173a:	80 91 ee 03 	lds	r24, 0x03EE	; 0x8003ee <expr_ptr>
    173e:	90 91 ef 03 	lds	r25, 0x03EF	; 0x8003ef <expr_ptr+0x1>
    1742:	04 96       	adiw	r24, 0x04	; 4
    1744:	90 93 ef 03 	sts	0x03EF, r25	; 0x8003ef <expr_ptr+0x1>
    1748:	80 93 ee 03 	sts	0x03EE, r24	; 0x8003ee <expr_ptr>
    174c:	0e 94 c2 0c 	call	0x1984	; 0x1984 <parse_expression>
    1750:	dc 01       	movw	r26, r24
    1752:	cb 01       	movw	r24, r22
    1754:	89 87       	std	Y+9, r24	; 0x09
    1756:	9a 87       	std	Y+10, r25	; 0x0a
    1758:	ab 87       	std	Y+11, r26	; 0x0b
    175a:	bc 87       	std	Y+12, r27	; 0x0c
			if (peek() == ')') get(); return cos(val * M_PI / 180.0);
    175c:	0e 94 ee 0a 	call	0x15dc	; 0x15dc <peek>
    1760:	89 32       	cpi	r24, 0x29	; 41
    1762:	11 f4       	brne	.+4      	; 0x1768 <parse_factor+0x14a>
    1764:	0e 94 fb 0a 	call	0x15f6	; 0x15f6 <get>
    1768:	2b ed       	ldi	r18, 0xDB	; 219
    176a:	3f e0       	ldi	r19, 0x0F	; 15
    176c:	49 e4       	ldi	r20, 0x49	; 73
    176e:	50 e4       	ldi	r21, 0x40	; 64
    1770:	69 85       	ldd	r22, Y+9	; 0x09
    1772:	7a 85       	ldd	r23, Y+10	; 0x0a
    1774:	8b 85       	ldd	r24, Y+11	; 0x0b
    1776:	9c 85       	ldd	r25, Y+12	; 0x0c
    1778:	0e 94 af 13 	call	0x275e	; 0x275e <__mulsf3>
    177c:	dc 01       	movw	r26, r24
    177e:	cb 01       	movw	r24, r22
    1780:	20 e0       	ldi	r18, 0x00	; 0
    1782:	30 e0       	ldi	r19, 0x00	; 0
    1784:	44 e3       	ldi	r20, 0x34	; 52
    1786:	53 e4       	ldi	r21, 0x43	; 67
    1788:	bc 01       	movw	r22, r24
    178a:	cd 01       	movw	r24, r26
    178c:	0e 94 55 12 	call	0x24aa	; 0x24aa <__divsf3>
    1790:	dc 01       	movw	r26, r24
    1792:	cb 01       	movw	r24, r22
    1794:	bc 01       	movw	r22, r24
    1796:	cd 01       	movw	r24, r26
    1798:	0e 94 50 12 	call	0x24a0	; 0x24a0 <cos>
    179c:	dc 01       	movw	r26, r24
    179e:	cb 01       	movw	r24, r22
    17a0:	71 c0       	rjmp	.+226    	; 0x1884 <parse_factor+0x266>
			} else if (strncmp(expr_ptr, "tan(", 4) == 0) {
    17a2:	80 91 ee 03 	lds	r24, 0x03EE	; 0x8003ee <expr_ptr>
    17a6:	90 91 ef 03 	lds	r25, 0x03EF	; 0x8003ef <expr_ptr+0x1>
    17aa:	44 e0       	ldi	r20, 0x04	; 4
    17ac:	50 e0       	ldi	r21, 0x00	; 0
    17ae:	6e e1       	ldi	r22, 0x1E	; 30
    17b0:	71 e0       	ldi	r23, 0x01	; 1
    17b2:	0e 94 13 18 	call	0x3026	; 0x3026 <strncmp>
    17b6:	89 2b       	or	r24, r25
    17b8:	a1 f5       	brne	.+104    	; 0x1822 <parse_factor+0x204>
			expr_ptr += 4; double val = parse_expression();
    17ba:	80 91 ee 03 	lds	r24, 0x03EE	; 0x8003ee <expr_ptr>
    17be:	90 91 ef 03 	lds	r25, 0x03EF	; 0x8003ef <expr_ptr+0x1>
    17c2:	04 96       	adiw	r24, 0x04	; 4
    17c4:	90 93 ef 03 	sts	0x03EF, r25	; 0x8003ef <expr_ptr+0x1>
    17c8:	80 93 ee 03 	sts	0x03EE, r24	; 0x8003ee <expr_ptr>
    17cc:	0e 94 c2 0c 	call	0x1984	; 0x1984 <parse_expression>
    17d0:	dc 01       	movw	r26, r24
    17d2:	cb 01       	movw	r24, r22
    17d4:	8d 87       	std	Y+13, r24	; 0x0d
    17d6:	9e 87       	std	Y+14, r25	; 0x0e
    17d8:	af 87       	std	Y+15, r26	; 0x0f
    17da:	b8 8b       	std	Y+16, r27	; 0x10
			if (peek() == ')') get(); return tan(val * M_PI / 180.0);
    17dc:	0e 94 ee 0a 	call	0x15dc	; 0x15dc <peek>
    17e0:	89 32       	cpi	r24, 0x29	; 41
    17e2:	11 f4       	brne	.+4      	; 0x17e8 <parse_factor+0x1ca>
    17e4:	0e 94 fb 0a 	call	0x15f6	; 0x15f6 <get>
    17e8:	2b ed       	ldi	r18, 0xDB	; 219
    17ea:	3f e0       	ldi	r19, 0x0F	; 15
    17ec:	49 e4       	ldi	r20, 0x49	; 73
    17ee:	50 e4       	ldi	r21, 0x40	; 64
    17f0:	6d 85       	ldd	r22, Y+13	; 0x0d
    17f2:	7e 85       	ldd	r23, Y+14	; 0x0e
    17f4:	8f 85       	ldd	r24, Y+15	; 0x0f
    17f6:	98 89       	ldd	r25, Y+16	; 0x10
    17f8:	0e 94 af 13 	call	0x275e	; 0x275e <__mulsf3>
    17fc:	dc 01       	movw	r26, r24
    17fe:	cb 01       	movw	r24, r22
    1800:	20 e0       	ldi	r18, 0x00	; 0
    1802:	30 e0       	ldi	r19, 0x00	; 0
    1804:	44 e3       	ldi	r20, 0x34	; 52
    1806:	53 e4       	ldi	r21, 0x43	; 67
    1808:	bc 01       	movw	r22, r24
    180a:	cd 01       	movw	r24, r26
    180c:	0e 94 55 12 	call	0x24aa	; 0x24aa <__divsf3>
    1810:	dc 01       	movw	r26, r24
    1812:	cb 01       	movw	r24, r22
    1814:	bc 01       	movw	r22, r24
    1816:	cd 01       	movw	r24, r26
    1818:	0e 94 ba 14 	call	0x2974	; 0x2974 <tan>
    181c:	dc 01       	movw	r26, r24
    181e:	cb 01       	movw	r24, r22
    1820:	31 c0       	rjmp	.+98     	; 0x1884 <parse_factor+0x266>
			} else if (strncmp(expr_ptr, "sqrt(", 5) == 0) {
    1822:	80 91 ee 03 	lds	r24, 0x03EE	; 0x8003ee <expr_ptr>
    1826:	90 91 ef 03 	lds	r25, 0x03EF	; 0x8003ef <expr_ptr+0x1>
    182a:	45 e0       	ldi	r20, 0x05	; 5
    182c:	50 e0       	ldi	r21, 0x00	; 0
    182e:	63 e2       	ldi	r22, 0x23	; 35
    1830:	71 e0       	ldi	r23, 0x01	; 1
    1832:	0e 94 13 18 	call	0x3026	; 0x3026 <strncmp>
    1836:	89 2b       	or	r24, r25
    1838:	11 f5       	brne	.+68     	; 0x187e <parse_factor+0x260>
			expr_ptr += 5; double val = parse_expression();
    183a:	80 91 ee 03 	lds	r24, 0x03EE	; 0x8003ee <expr_ptr>
    183e:	90 91 ef 03 	lds	r25, 0x03EF	; 0x8003ef <expr_ptr+0x1>
    1842:	05 96       	adiw	r24, 0x05	; 5
    1844:	90 93 ef 03 	sts	0x03EF, r25	; 0x8003ef <expr_ptr+0x1>
    1848:	80 93 ee 03 	sts	0x03EE, r24	; 0x8003ee <expr_ptr>
    184c:	0e 94 c2 0c 	call	0x1984	; 0x1984 <parse_expression>
    1850:	dc 01       	movw	r26, r24
    1852:	cb 01       	movw	r24, r22
    1854:	89 8b       	std	Y+17, r24	; 0x11
    1856:	9a 8b       	std	Y+18, r25	; 0x12
    1858:	ab 8b       	std	Y+19, r26	; 0x13
    185a:	bc 8b       	std	Y+20, r27	; 0x14
			if (peek() == ')') get(); return sqrt(val);
    185c:	0e 94 ee 0a 	call	0x15dc	; 0x15dc <peek>
    1860:	89 32       	cpi	r24, 0x29	; 41
    1862:	11 f4       	brne	.+4      	; 0x1868 <parse_factor+0x24a>
    1864:	0e 94 fb 0a 	call	0x15f6	; 0x15f6 <get>
    1868:	89 89       	ldd	r24, Y+17	; 0x11
    186a:	9a 89       	ldd	r25, Y+18	; 0x12
    186c:	ab 89       	ldd	r26, Y+19	; 0x13
    186e:	bc 89       	ldd	r27, Y+20	; 0x14
    1870:	bc 01       	movw	r22, r24
    1872:	cd 01       	movw	r24, r26
    1874:	0e 94 7a 14 	call	0x28f4	; 0x28f4 <sqrt>
    1878:	dc 01       	movw	r26, r24
    187a:	cb 01       	movw	r24, r22
    187c:	03 c0       	rjmp	.+6      	; 0x1884 <parse_factor+0x266>
		}
		return 0;
    187e:	80 e0       	ldi	r24, 0x00	; 0
    1880:	90 e0       	ldi	r25, 0x00	; 0
    1882:	dc 01       	movw	r26, r24
	}
    1884:	bc 01       	movw	r22, r24
    1886:	cd 01       	movw	r24, r26
    1888:	64 96       	adiw	r28, 0x14	; 20
    188a:	0f b6       	in	r0, 0x3f	; 63
    188c:	f8 94       	cli
    188e:	de bf       	out	0x3e, r29	; 62
    1890:	0f be       	out	0x3f, r0	; 63
    1892:	cd bf       	out	0x3d, r28	; 61
    1894:	df 91       	pop	r29
    1896:	cf 91       	pop	r28
    1898:	08 95       	ret

0000189a <parse_term>:

	double parse_term() {
    189a:	cf 93       	push	r28
    189c:	df 93       	push	r29
    189e:	00 d0       	rcall	.+0      	; 0x18a0 <parse_term+0x6>
    18a0:	00 d0       	rcall	.+0      	; 0x18a2 <parse_term+0x8>
    18a2:	cd b7       	in	r28, 0x3d	; 61
    18a4:	de b7       	in	r29, 0x3e	; 62
		double result = parse_factor();
    18a6:	0e 94 0f 0b 	call	0x161e	; 0x161e <parse_factor>
    18aa:	dc 01       	movw	r26, r24
    18ac:	cb 01       	movw	r24, r22
    18ae:	89 83       	std	Y+1, r24	; 0x01
    18b0:	9a 83       	std	Y+2, r25	; 0x02
    18b2:	ab 83       	std	Y+3, r26	; 0x03
    18b4:	bc 83       	std	Y+4, r27	; 0x04
		while (peek() == '*' || peek() == '/' || peek() == '^') {
    18b6:	4a c0       	rjmp	.+148    	; 0x194c <parse_term+0xb2>
			if (peek() == '*') { get(); result *= parse_factor(); }
    18b8:	0e 94 ee 0a 	call	0x15dc	; 0x15dc <peek>
    18bc:	8a 32       	cpi	r24, 0x2A	; 42
    18be:	a9 f4       	brne	.+42     	; 0x18ea <parse_term+0x50>
    18c0:	0e 94 fb 0a 	call	0x15f6	; 0x15f6 <get>
    18c4:	0e 94 0f 0b 	call	0x161e	; 0x161e <parse_factor>
    18c8:	dc 01       	movw	r26, r24
    18ca:	cb 01       	movw	r24, r22
    18cc:	9c 01       	movw	r18, r24
    18ce:	ad 01       	movw	r20, r26
    18d0:	69 81       	ldd	r22, Y+1	; 0x01
    18d2:	7a 81       	ldd	r23, Y+2	; 0x02
    18d4:	8b 81       	ldd	r24, Y+3	; 0x03
    18d6:	9c 81       	ldd	r25, Y+4	; 0x04
    18d8:	0e 94 af 13 	call	0x275e	; 0x275e <__mulsf3>
    18dc:	dc 01       	movw	r26, r24
    18de:	cb 01       	movw	r24, r22
    18e0:	89 83       	std	Y+1, r24	; 0x01
    18e2:	9a 83       	std	Y+2, r25	; 0x02
    18e4:	ab 83       	std	Y+3, r26	; 0x03
    18e6:	bc 83       	std	Y+4, r27	; 0x04
    18e8:	31 c0       	rjmp	.+98     	; 0x194c <parse_term+0xb2>
			else if (peek() == '/') { get(); result /= parse_factor(); }
    18ea:	0e 94 ee 0a 	call	0x15dc	; 0x15dc <peek>
    18ee:	8f 32       	cpi	r24, 0x2F	; 47
    18f0:	a9 f4       	brne	.+42     	; 0x191c <parse_term+0x82>
    18f2:	0e 94 fb 0a 	call	0x15f6	; 0x15f6 <get>
    18f6:	0e 94 0f 0b 	call	0x161e	; 0x161e <parse_factor>
    18fa:	dc 01       	movw	r26, r24
    18fc:	cb 01       	movw	r24, r22
    18fe:	9c 01       	movw	r18, r24
    1900:	ad 01       	movw	r20, r26
    1902:	69 81       	ldd	r22, Y+1	; 0x01
    1904:	7a 81       	ldd	r23, Y+2	; 0x02
    1906:	8b 81       	ldd	r24, Y+3	; 0x03
    1908:	9c 81       	ldd	r25, Y+4	; 0x04
    190a:	0e 94 55 12 	call	0x24aa	; 0x24aa <__divsf3>
    190e:	dc 01       	movw	r26, r24
    1910:	cb 01       	movw	r24, r22
    1912:	89 83       	std	Y+1, r24	; 0x01
    1914:	9a 83       	std	Y+2, r25	; 0x02
    1916:	ab 83       	std	Y+3, r26	; 0x03
    1918:	bc 83       	std	Y+4, r27	; 0x04
    191a:	18 c0       	rjmp	.+48     	; 0x194c <parse_term+0xb2>
			else if (peek() == '^') { get(); result = pow(result, parse_factor()); }
    191c:	0e 94 ee 0a 	call	0x15dc	; 0x15dc <peek>
    1920:	8e 35       	cpi	r24, 0x5E	; 94
    1922:	a1 f4       	brne	.+40     	; 0x194c <parse_term+0xb2>
    1924:	0e 94 fb 0a 	call	0x15f6	; 0x15f6 <get>
    1928:	0e 94 0f 0b 	call	0x161e	; 0x161e <parse_factor>
    192c:	9b 01       	movw	r18, r22
    192e:	ac 01       	movw	r20, r24
    1930:	89 81       	ldd	r24, Y+1	; 0x01
    1932:	9a 81       	ldd	r25, Y+2	; 0x02
    1934:	ab 81       	ldd	r26, Y+3	; 0x03
    1936:	bc 81       	ldd	r27, Y+4	; 0x04
    1938:	bc 01       	movw	r22, r24
    193a:	cd 01       	movw	r24, r26
    193c:	0e 94 1c 14 	call	0x2838	; 0x2838 <pow>
    1940:	dc 01       	movw	r26, r24
    1942:	cb 01       	movw	r24, r22
    1944:	89 83       	std	Y+1, r24	; 0x01
    1946:	9a 83       	std	Y+2, r25	; 0x02
    1948:	ab 83       	std	Y+3, r26	; 0x03
    194a:	bc 83       	std	Y+4, r27	; 0x04
		return 0;
	}

	double parse_term() {
		double result = parse_factor();
		while (peek() == '*' || peek() == '/' || peek() == '^') {
    194c:	0e 94 ee 0a 	call	0x15dc	; 0x15dc <peek>
    1950:	8a 32       	cpi	r24, 0x2A	; 42
    1952:	09 f4       	brne	.+2      	; 0x1956 <parse_term+0xbc>
    1954:	b1 cf       	rjmp	.-158    	; 0x18b8 <parse_term+0x1e>
    1956:	0e 94 ee 0a 	call	0x15dc	; 0x15dc <peek>
    195a:	8f 32       	cpi	r24, 0x2F	; 47
    195c:	09 f4       	brne	.+2      	; 0x1960 <parse_term+0xc6>
    195e:	ac cf       	rjmp	.-168    	; 0x18b8 <parse_term+0x1e>
    1960:	0e 94 ee 0a 	call	0x15dc	; 0x15dc <peek>
    1964:	8e 35       	cpi	r24, 0x5E	; 94
    1966:	09 f4       	brne	.+2      	; 0x196a <parse_term+0xd0>
    1968:	a7 cf       	rjmp	.-178    	; 0x18b8 <parse_term+0x1e>
			if (peek() == '*') { get(); result *= parse_factor(); }
			else if (peek() == '/') { get(); result /= parse_factor(); }
			else if (peek() == '^') { get(); result = pow(result, parse_factor()); }
		}
		return result;
    196a:	89 81       	ldd	r24, Y+1	; 0x01
    196c:	9a 81       	ldd	r25, Y+2	; 0x02
    196e:	ab 81       	ldd	r26, Y+3	; 0x03
    1970:	bc 81       	ldd	r27, Y+4	; 0x04
	}
    1972:	bc 01       	movw	r22, r24
    1974:	cd 01       	movw	r24, r26
    1976:	0f 90       	pop	r0
    1978:	0f 90       	pop	r0
    197a:	0f 90       	pop	r0
    197c:	0f 90       	pop	r0
    197e:	df 91       	pop	r29
    1980:	cf 91       	pop	r28
    1982:	08 95       	ret

00001984 <parse_expression>:

	double parse_expression() {
    1984:	cf 93       	push	r28
    1986:	df 93       	push	r29
    1988:	00 d0       	rcall	.+0      	; 0x198a <parse_expression+0x6>
    198a:	00 d0       	rcall	.+0      	; 0x198c <parse_expression+0x8>
    198c:	cd b7       	in	r28, 0x3d	; 61
    198e:	de b7       	in	r29, 0x3e	; 62
		double result = parse_term();
    1990:	0e 94 4d 0c 	call	0x189a	; 0x189a <parse_term>
    1994:	dc 01       	movw	r26, r24
    1996:	cb 01       	movw	r24, r22
    1998:	89 83       	std	Y+1, r24	; 0x01
    199a:	9a 83       	std	Y+2, r25	; 0x02
    199c:	ab 83       	std	Y+3, r26	; 0x03
    199e:	bc 83       	std	Y+4, r27	; 0x04
		while (peek() == '+' || peek() == '-') {
    19a0:	31 c0       	rjmp	.+98     	; 0x1a04 <parse_expression+0x80>
			if (peek() == '+') { get(); result += parse_term(); }
    19a2:	0e 94 ee 0a 	call	0x15dc	; 0x15dc <peek>
    19a6:	8b 32       	cpi	r24, 0x2B	; 43
    19a8:	a9 f4       	brne	.+42     	; 0x19d4 <parse_expression+0x50>
    19aa:	0e 94 fb 0a 	call	0x15f6	; 0x15f6 <get>
    19ae:	0e 94 4d 0c 	call	0x189a	; 0x189a <parse_term>
    19b2:	dc 01       	movw	r26, r24
    19b4:	cb 01       	movw	r24, r22
    19b6:	9c 01       	movw	r18, r24
    19b8:	ad 01       	movw	r20, r26
    19ba:	69 81       	ldd	r22, Y+1	; 0x01
    19bc:	7a 81       	ldd	r23, Y+2	; 0x02
    19be:	8b 81       	ldd	r24, Y+3	; 0x03
    19c0:	9c 81       	ldd	r25, Y+4	; 0x04
    19c2:	0e 94 df 11 	call	0x23be	; 0x23be <__addsf3>
    19c6:	dc 01       	movw	r26, r24
    19c8:	cb 01       	movw	r24, r22
    19ca:	89 83       	std	Y+1, r24	; 0x01
    19cc:	9a 83       	std	Y+2, r25	; 0x02
    19ce:	ab 83       	std	Y+3, r26	; 0x03
    19d0:	bc 83       	std	Y+4, r27	; 0x04
    19d2:	18 c0       	rjmp	.+48     	; 0x1a04 <parse_expression+0x80>
			else if (peek() == '-') { get(); result -= parse_term(); }
    19d4:	0e 94 ee 0a 	call	0x15dc	; 0x15dc <peek>
    19d8:	8d 32       	cpi	r24, 0x2D	; 45
    19da:	a1 f4       	brne	.+40     	; 0x1a04 <parse_expression+0x80>
    19dc:	0e 94 fb 0a 	call	0x15f6	; 0x15f6 <get>
    19e0:	0e 94 4d 0c 	call	0x189a	; 0x189a <parse_term>
    19e4:	dc 01       	movw	r26, r24
    19e6:	cb 01       	movw	r24, r22
    19e8:	9c 01       	movw	r18, r24
    19ea:	ad 01       	movw	r20, r26
    19ec:	69 81       	ldd	r22, Y+1	; 0x01
    19ee:	7a 81       	ldd	r23, Y+2	; 0x02
    19f0:	8b 81       	ldd	r24, Y+3	; 0x03
    19f2:	9c 81       	ldd	r25, Y+4	; 0x04
    19f4:	0e 94 de 11 	call	0x23bc	; 0x23bc <__subsf3>
    19f8:	dc 01       	movw	r26, r24
    19fa:	cb 01       	movw	r24, r22
    19fc:	89 83       	std	Y+1, r24	; 0x01
    19fe:	9a 83       	std	Y+2, r25	; 0x02
    1a00:	ab 83       	std	Y+3, r26	; 0x03
    1a02:	bc 83       	std	Y+4, r27	; 0x04
		return result;
	}

	double parse_expression() {
		double result = parse_term();
		while (peek() == '+' || peek() == '-') {
    1a04:	0e 94 ee 0a 	call	0x15dc	; 0x15dc <peek>
    1a08:	8b 32       	cpi	r24, 0x2B	; 43
    1a0a:	59 f2       	breq	.-106    	; 0x19a2 <parse_expression+0x1e>
    1a0c:	0e 94 ee 0a 	call	0x15dc	; 0x15dc <peek>
    1a10:	8d 32       	cpi	r24, 0x2D	; 45
    1a12:	39 f2       	breq	.-114    	; 0x19a2 <parse_expression+0x1e>
			if (peek() == '+') { get(); result += parse_term(); }
			else if (peek() == '-') { get(); result -= parse_term(); }
		}
		return result;
    1a14:	89 81       	ldd	r24, Y+1	; 0x01
    1a16:	9a 81       	ldd	r25, Y+2	; 0x02
    1a18:	ab 81       	ldd	r26, Y+3	; 0x03
    1a1a:	bc 81       	ldd	r27, Y+4	; 0x04
	}
    1a1c:	bc 01       	movw	r22, r24
    1a1e:	cd 01       	movw	r24, r26
    1a20:	0f 90       	pop	r0
    1a22:	0f 90       	pop	r0
    1a24:	0f 90       	pop	r0
    1a26:	0f 90       	pop	r0
    1a28:	df 91       	pop	r29
    1a2a:	cf 91       	pop	r28
    1a2c:	08 95       	ret

00001a2e <evaluate>:

	double evaluate(const char* expr) {
    1a2e:	cf 93       	push	r28
    1a30:	df 93       	push	r29
    1a32:	00 d0       	rcall	.+0      	; 0x1a34 <evaluate+0x6>
    1a34:	cd b7       	in	r28, 0x3d	; 61
    1a36:	de b7       	in	r29, 0x3e	; 62
    1a38:	9a 83       	std	Y+2, r25	; 0x02
    1a3a:	89 83       	std	Y+1, r24	; 0x01
		expr_ptr = expr;
    1a3c:	89 81       	ldd	r24, Y+1	; 0x01
    1a3e:	9a 81       	ldd	r25, Y+2	; 0x02
    1a40:	90 93 ef 03 	sts	0x03EF, r25	; 0x8003ef <expr_ptr+0x1>
    1a44:	80 93 ee 03 	sts	0x03EE, r24	; 0x8003ee <expr_ptr>
		return parse_expression();
    1a48:	0e 94 c2 0c 	call	0x1984	; 0x1984 <parse_expression>
    1a4c:	dc 01       	movw	r26, r24
    1a4e:	cb 01       	movw	r24, r22
	}
    1a50:	bc 01       	movw	r22, r24
    1a52:	cd 01       	movw	r24, r26
    1a54:	0f 90       	pop	r0
    1a56:	0f 90       	pop	r0
    1a58:	df 91       	pop	r29
    1a5a:	cf 91       	pop	r28
    1a5c:	08 95       	ret

00001a5e <main>:

	// 5. Ch??ng trình chính

	typedef enum { STATE_NORMAL, STATE_M1, STATE_M2, STATE_M3 } CalcState;

	int main(void) {
    1a5e:	cf 92       	push	r12
    1a60:	df 92       	push	r13
    1a62:	ef 92       	push	r14
    1a64:	ff 92       	push	r15
    1a66:	0f 93       	push	r16
    1a68:	1f 93       	push	r17
    1a6a:	cf 93       	push	r28
    1a6c:	df 93       	push	r29
    1a6e:	cd b7       	in	r28, 0x3d	; 61
    1a70:	de b7       	in	r29, 0x3e	; 62
    1a72:	cf 57       	subi	r28, 0x7F	; 127
    1a74:	d1 09       	sbc	r29, r1
    1a76:	0f b6       	in	r0, 0x3f	; 63
    1a78:	f8 94       	cli
    1a7a:	de bf       	out	0x3e, r29	; 62
    1a7c:	0f be       	out	0x3f, r0	; 63
    1a7e:	cd bf       	out	0x3d, r28	; 61
		MCUCR = (1<<JTD);
    1a80:	85 e5       	ldi	r24, 0x55	; 85
    1a82:	90 e0       	ldi	r25, 0x00	; 0
    1a84:	20 e8       	ldi	r18, 0x80	; 128
    1a86:	fc 01       	movw	r30, r24
    1a88:	20 83       	st	Z, r18
		MCUCR = (1<<JTD);
    1a8a:	85 e5       	ldi	r24, 0x55	; 85
    1a8c:	90 e0       	ldi	r25, 0x00	; 0
    1a8e:	20 e8       	ldi	r18, 0x80	; 128
    1a90:	fc 01       	movw	r30, r24
    1a92:	20 83       	st	Z, r18
		
		GLCD_Init();
    1a94:	0e 94 fb 03 	call	0x7f6	; 0x7f6 <GLCD_Init>
		Keypad_Init();
    1a98:	0e 94 9f 05 	call	0xb3e	; 0xb3e <Keypad_Init>
		
		GLCD_Clear();
    1a9c:	0e 94 ce 04 	call	0x99c	; 0x99c <GLCD_Clear>
		GLCD_SetCursor(3, 15); GLCD_String("CASIO Fx");
    1aa0:	6f e0       	ldi	r22, 0x0F	; 15
    1aa2:	83 e0       	ldi	r24, 0x03	; 3
    1aa4:	0e 94 9f 04 	call	0x93e	; 0x93e <GLCD_SetCursor>
    1aa8:	89 e2       	ldi	r24, 0x29	; 41
    1aaa:	91 e0       	ldi	r25, 0x01	; 1
    1aac:	0e 94 72 05 	call	0xae4	; 0xae4 <GLCD_String>
		GLCD_SetCursor(5, 30); GLCD_String("Loading...");
    1ab0:	6e e1       	ldi	r22, 0x1E	; 30
    1ab2:	85 e0       	ldi	r24, 0x05	; 5
    1ab4:	0e 94 9f 04 	call	0x93e	; 0x93e <GLCD_SetCursor>
    1ab8:	82 e3       	ldi	r24, 0x32	; 50
    1aba:	91 e0       	ldi	r25, 0x01	; 1
    1abc:	0e 94 72 05 	call	0xae4	; 0xae4 <GLCD_String>
    1ac0:	80 e0       	ldi	r24, 0x00	; 0
    1ac2:	90 e0       	ldi	r25, 0x00	; 0
    1ac4:	aa e7       	ldi	r26, 0x7A	; 122
    1ac6:	b4 e4       	ldi	r27, 0x44	; 68
    1ac8:	8e a3       	std	Y+38, r24	; 0x26
    1aca:	9f a3       	std	Y+39, r25	; 0x27
    1acc:	a8 a7       	std	Y+40, r26	; 0x28
    1ace:	b9 a7       	std	Y+41, r27	; 0x29

	__builtin_avr_delay_cycles(__ticks_dc);

#else
	uint16_t __ticks;
	__tmp = ((F_CPU) / 4e3) * __ms;
    1ad0:	20 e0       	ldi	r18, 0x00	; 0
    1ad2:	30 e0       	ldi	r19, 0x00	; 0
    1ad4:	4a ef       	ldi	r20, 0xFA	; 250
    1ad6:	54 e4       	ldi	r21, 0x44	; 68
    1ad8:	6e a1       	ldd	r22, Y+38	; 0x26
    1ada:	7f a1       	ldd	r23, Y+39	; 0x27
    1adc:	88 a5       	ldd	r24, Y+40	; 0x28
    1ade:	99 a5       	ldd	r25, Y+41	; 0x29
    1ae0:	0e 94 af 13 	call	0x275e	; 0x275e <__mulsf3>
    1ae4:	dc 01       	movw	r26, r24
    1ae6:	cb 01       	movw	r24, r22
    1ae8:	8a a7       	std	Y+42, r24	; 0x2a
    1aea:	9b a7       	std	Y+43, r25	; 0x2b
    1aec:	ac a7       	std	Y+44, r26	; 0x2c
    1aee:	bd a7       	std	Y+45, r27	; 0x2d
	if (__tmp < 1.0)
    1af0:	20 e0       	ldi	r18, 0x00	; 0
    1af2:	30 e0       	ldi	r19, 0x00	; 0
    1af4:	40 e8       	ldi	r20, 0x80	; 128
    1af6:	5f e3       	ldi	r21, 0x3F	; 63
    1af8:	6a a5       	ldd	r22, Y+42	; 0x2a
    1afa:	7b a5       	ldd	r23, Y+43	; 0x2b
    1afc:	8c a5       	ldd	r24, Y+44	; 0x2c
    1afe:	9d a5       	ldd	r25, Y+45	; 0x2d
    1b00:	0e 94 4b 12 	call	0x2496	; 0x2496 <__cmpsf2>
    1b04:	88 23       	and	r24, r24
    1b06:	2c f4       	brge	.+10     	; 0x1b12 <main+0xb4>
		__ticks = 1;
    1b08:	81 e0       	ldi	r24, 0x01	; 1
    1b0a:	90 e0       	ldi	r25, 0x00	; 0
    1b0c:	9f a7       	std	Y+47, r25	; 0x2f
    1b0e:	8e a7       	std	Y+46, r24	; 0x2e
    1b10:	3f c0       	rjmp	.+126    	; 0x1b90 <main+0x132>
	else if (__tmp > 65535)
    1b12:	20 e0       	ldi	r18, 0x00	; 0
    1b14:	3f ef       	ldi	r19, 0xFF	; 255
    1b16:	4f e7       	ldi	r20, 0x7F	; 127
    1b18:	57 e4       	ldi	r21, 0x47	; 71
    1b1a:	6a a5       	ldd	r22, Y+42	; 0x2a
    1b1c:	7b a5       	ldd	r23, Y+43	; 0x2b
    1b1e:	8c a5       	ldd	r24, Y+44	; 0x2c
    1b20:	9d a5       	ldd	r25, Y+45	; 0x2d
    1b22:	0e 94 aa 13 	call	0x2754	; 0x2754 <__gesf2>
    1b26:	18 16       	cp	r1, r24
    1b28:	4c f5       	brge	.+82     	; 0x1b7c <main+0x11e>
	{
		//	__ticks = requested delay in 1/10 ms
		__ticks = (uint16_t) (__ms * 10.0);
    1b2a:	20 e0       	ldi	r18, 0x00	; 0
    1b2c:	30 e0       	ldi	r19, 0x00	; 0
    1b2e:	40 e2       	ldi	r20, 0x20	; 32
    1b30:	51 e4       	ldi	r21, 0x41	; 65
    1b32:	6e a1       	ldd	r22, Y+38	; 0x26
    1b34:	7f a1       	ldd	r23, Y+39	; 0x27
    1b36:	88 a5       	ldd	r24, Y+40	; 0x28
    1b38:	99 a5       	ldd	r25, Y+41	; 0x29
    1b3a:	0e 94 af 13 	call	0x275e	; 0x275e <__mulsf3>
    1b3e:	dc 01       	movw	r26, r24
    1b40:	cb 01       	movw	r24, r22
    1b42:	bc 01       	movw	r22, r24
    1b44:	cd 01       	movw	r24, r26
    1b46:	0e 94 c7 12 	call	0x258e	; 0x258e <__fixunssfsi>
    1b4a:	dc 01       	movw	r26, r24
    1b4c:	cb 01       	movw	r24, r22
    1b4e:	9f a7       	std	Y+47, r25	; 0x2f
    1b50:	8e a7       	std	Y+46, r24	; 0x2e
    1b52:	0f c0       	rjmp	.+30     	; 0x1b72 <main+0x114>
    1b54:	88 ec       	ldi	r24, 0xC8	; 200
    1b56:	90 e0       	ldi	r25, 0x00	; 0
    1b58:	99 ab       	std	Y+49, r25	; 0x31
    1b5a:	88 ab       	std	Y+48, r24	; 0x30
    1b5c:	88 a9       	ldd	r24, Y+48	; 0x30
    1b5e:	99 a9       	ldd	r25, Y+49	; 0x31
    1b60:	01 97       	sbiw	r24, 0x01	; 1
    1b62:	f1 f7       	brne	.-4      	; 0x1b60 <main+0x102>
    1b64:	99 ab       	std	Y+49, r25	; 0x31
    1b66:	88 ab       	std	Y+48, r24	; 0x30
		while(__ticks)
		{
			// wait 1/10 ms
			_delay_loop_2(((F_CPU) / 4e3) / 10);
			__ticks --;
    1b68:	8e a5       	ldd	r24, Y+46	; 0x2e
    1b6a:	9f a5       	ldd	r25, Y+47	; 0x2f
    1b6c:	01 97       	sbiw	r24, 0x01	; 1
    1b6e:	9f a7       	std	Y+47, r25	; 0x2f
    1b70:	8e a7       	std	Y+46, r24	; 0x2e
		__ticks = 1;
	else if (__tmp > 65535)
	{
		//	__ticks = requested delay in 1/10 ms
		__ticks = (uint16_t) (__ms * 10.0);
		while(__ticks)
    1b72:	8e a5       	ldd	r24, Y+46	; 0x2e
    1b74:	9f a5       	ldd	r25, Y+47	; 0x2f
    1b76:	89 2b       	or	r24, r25
    1b78:	69 f7       	brne	.-38     	; 0x1b54 <main+0xf6>
    1b7a:	14 c0       	rjmp	.+40     	; 0x1ba4 <main+0x146>
			__ticks --;
		}
		return;
	}
	else
		__ticks = (uint16_t)__tmp;
    1b7c:	6a a5       	ldd	r22, Y+42	; 0x2a
    1b7e:	7b a5       	ldd	r23, Y+43	; 0x2b
    1b80:	8c a5       	ldd	r24, Y+44	; 0x2c
    1b82:	9d a5       	ldd	r25, Y+45	; 0x2d
    1b84:	0e 94 c7 12 	call	0x258e	; 0x258e <__fixunssfsi>
    1b88:	dc 01       	movw	r26, r24
    1b8a:	cb 01       	movw	r24, r22
    1b8c:	9f a7       	std	Y+47, r25	; 0x2f
    1b8e:	8e a7       	std	Y+46, r24	; 0x2e
    1b90:	8e a5       	ldd	r24, Y+46	; 0x2e
    1b92:	9f a5       	ldd	r25, Y+47	; 0x2f
    1b94:	9b ab       	std	Y+51, r25	; 0x33
    1b96:	8a ab       	std	Y+50, r24	; 0x32
    1b98:	8a a9       	ldd	r24, Y+50	; 0x32
    1b9a:	9b a9       	ldd	r25, Y+51	; 0x33
    1b9c:	01 97       	sbiw	r24, 0x01	; 1
    1b9e:	f1 f7       	brne	.-4      	; 0x1b9c <main+0x13e>
    1ba0:	9b ab       	std	Y+51, r25	; 0x33
    1ba2:	8a ab       	std	Y+50, r24	; 0x32
		_delay_ms(1000);
		GLCD_Clear();
    1ba4:	0e 94 ce 04 	call	0x99c	; 0x99c <GLCD_Clear>

		CalcState state = STATE_NORMAL;
    1ba8:	19 82       	std	Y+1, r1	; 0x01
		char buffer[60] = "";
    1baa:	1d aa       	std	Y+53, r1	; 0x35
    1bac:	1c aa       	std	Y+52, r1	; 0x34
    1bae:	2a e3       	ldi	r18, 0x3A	; 58
    1bb0:	ce 01       	movw	r24, r28
    1bb2:	c6 96       	adiw	r24, 0x36	; 54
    1bb4:	fc 01       	movw	r30, r24
    1bb6:	32 2f       	mov	r19, r18
    1bb8:	11 92       	st	Z+, r1
    1bba:	3a 95       	dec	r19
    1bbc:	e9 f7       	brne	.-6      	; 0x1bb8 <main+0x15a>
		uint8_t b_idx = 0;
    1bbe:	1a 82       	std	Y+2, r1	; 0x02
		double ans = 0.0;
    1bc0:	1b 82       	std	Y+3, r1	; 0x03
    1bc2:	1c 82       	std	Y+4, r1	; 0x04
    1bc4:	1d 82       	std	Y+5, r1	; 0x05
    1bc6:	1e 82       	std	Y+6, r1	; 0x06
		char display_str[16];
		
		uint8_t is_shift_active = 0; // Theo dõi SHIFT
    1bc8:	1f 82       	std	Y+7, r1	; 0x07
		uint8_t eq_step = 0;
    1bca:	18 86       	std	Y+8, r1	; 0x08
		double a_val = 0, b_val = 0, c_val = 0;
    1bcc:	19 86       	std	Y+9, r1	; 0x09
    1bce:	1a 86       	std	Y+10, r1	; 0x0a
    1bd0:	1b 86       	std	Y+11, r1	; 0x0b
    1bd2:	1c 86       	std	Y+12, r1	; 0x0c
    1bd4:	1d 86       	std	Y+13, r1	; 0x0d
    1bd6:	1e 86       	std	Y+14, r1	; 0x0e
    1bd8:	1f 86       	std	Y+15, r1	; 0x0f
    1bda:	18 8a       	std	Y+16, r1	; 0x10
    1bdc:	19 8a       	std	Y+17, r1	; 0x11
    1bde:	1a 8a       	std	Y+18, r1	; 0x12
    1be0:	1b 8a       	std	Y+19, r1	; 0x13
    1be2:	1c 8a       	std	Y+20, r1	; 0x14

		while (1) {
			char key = Keypad_Scan();
    1be4:	0e 94 c3 05 	call	0xb86	; 0xb86 <Keypad_Scan>
    1be8:	8d 8b       	std	Y+21, r24	; 0x15
			
			if (key != 0) {
    1bea:	8d 89       	ldd	r24, Y+21	; 0x15
    1bec:	88 23       	and	r24, r24
    1bee:	d1 f3       	breq	.-12     	; 0x1be4 <main+0x186>
				
				// SHIFT
				if (key == 'S') {
    1bf0:	8d 89       	ldd	r24, Y+21	; 0x15
    1bf2:	83 35       	cpi	r24, 0x53	; 83
    1bf4:	59 f4       	brne	.+22     	; 0x1c0c <main+0x1ae>
					is_shift_active = 1;
    1bf6:	81 e0       	ldi	r24, 0x01	; 1
    1bf8:	8f 83       	std	Y+7, r24	; 0x07
					GLCD_SetCursor(0, 100); GLCD_String("[SHIFT]"); // Hi?n th? SHIFT
    1bfa:	64 e6       	ldi	r22, 0x64	; 100
    1bfc:	80 e0       	ldi	r24, 0x00	; 0
    1bfe:	0e 94 9f 04 	call	0x93e	; 0x93e <GLCD_SetCursor>
    1c02:	8d e3       	ldi	r24, 0x3D	; 61
    1c04:	91 e0       	ldi	r25, 0x01	; 1
    1c06:	0e 94 72 05 	call	0xae4	; 0xae4 <GLCD_String>
					continue; // Thoát vòng l?p
    1c0a:	d7 c3       	rjmp	.+1966   	; 0x23ba <main+0x95c>
				}

				// Menu ch?c n?ng
				if (is_shift_active == 1) {
    1c0c:	8f 81       	ldd	r24, Y+7	; 0x07
    1c0e:	81 30       	cpi	r24, 0x01	; 1
    1c10:	09 f0       	breq	.+2      	; 0x1c14 <main+0x1b6>
    1c12:	54 c0       	rjmp	.+168    	; 0x1cbc <main+0x25e>
					is_shift_active = 0;
    1c14:	1f 82       	std	Y+7, r1	; 0x07
					GLCD_SetCursor(0, 100); GLCD_String("   "); // Xóa h?t ch?
    1c16:	64 e6       	ldi	r22, 0x64	; 100
    1c18:	80 e0       	ldi	r24, 0x00	; 0
    1c1a:	0e 94 9f 04 	call	0x93e	; 0x93e <GLCD_SetCursor>
    1c1e:	85 e4       	ldi	r24, 0x45	; 69
    1c20:	91 e0       	ldi	r25, 0x01	; 1
    1c22:	0e 94 72 05 	call	0xae4	; 0xae4 <GLCD_String>
					
					if (key == '1') {
    1c26:	8d 89       	ldd	r24, Y+21	; 0x15
    1c28:	81 33       	cpi	r24, 0x31	; 49
    1c2a:	a9 f4       	brne	.+42     	; 0x1c56 <main+0x1f8>
						state = STATE_M1; GLCD_Clear();
    1c2c:	81 e0       	ldi	r24, 0x01	; 1
    1c2e:	89 83       	std	Y+1, r24	; 0x01
    1c30:	0e 94 ce 04 	call	0x99c	; 0x99c <GLCD_Clear>
						GLCD_SetCursor(0,0); GLCD_String("M1: PHEP TOAN");
    1c34:	60 e0       	ldi	r22, 0x00	; 0
    1c36:	80 e0       	ldi	r24, 0x00	; 0
    1c38:	0e 94 9f 04 	call	0x93e	; 0x93e <GLCD_SetCursor>
    1c3c:	89 e4       	ldi	r24, 0x49	; 73
    1c3e:	91 e0       	ldi	r25, 0x01	; 1
    1c40:	0e 94 72 05 	call	0xae4	; 0xae4 <GLCD_String>
						GLCD_SetCursor(2,0); GLCD_String("1:(  2:)  3:^  4:v");
    1c44:	60 e0       	ldi	r22, 0x00	; 0
    1c46:	82 e0       	ldi	r24, 0x02	; 2
    1c48:	0e 94 9f 04 	call	0x93e	; 0x93e <GLCD_SetCursor>
    1c4c:	87 e5       	ldi	r24, 0x57	; 87
    1c4e:	91 e0       	ldi	r25, 0x01	; 1
    1c50:	0e 94 72 05 	call	0xae4	; 0xae4 <GLCD_String>
						continue;
    1c54:	b2 c3       	rjmp	.+1892   	; 0x23ba <main+0x95c>
					}
					else if (key == '2') {
    1c56:	8d 89       	ldd	r24, Y+21	; 0x15
    1c58:	82 33       	cpi	r24, 0x32	; 50
    1c5a:	a9 f4       	brne	.+42     	; 0x1c86 <main+0x228>
						state = STATE_M2; GLCD_Clear();
    1c5c:	82 e0       	ldi	r24, 0x02	; 2
    1c5e:	89 83       	std	Y+1, r24	; 0x01
    1c60:	0e 94 ce 04 	call	0x99c	; 0x99c <GLCD_Clear>
						GLCD_SetCursor(0,0); GLCD_String("M2: LUONG GIAC");
    1c64:	60 e0       	ldi	r22, 0x00	; 0
    1c66:	80 e0       	ldi	r24, 0x00	; 0
    1c68:	0e 94 9f 04 	call	0x93e	; 0x93e <GLCD_SetCursor>
    1c6c:	8a e6       	ldi	r24, 0x6A	; 106
    1c6e:	91 e0       	ldi	r25, 0x01	; 1
    1c70:	0e 94 72 05 	call	0xae4	; 0xae4 <GLCD_String>
						GLCD_SetCursor(2,0); GLCD_String("1:sin( 2:cos( 3:tan(");
    1c74:	60 e0       	ldi	r22, 0x00	; 0
    1c76:	82 e0       	ldi	r24, 0x02	; 2
    1c78:	0e 94 9f 04 	call	0x93e	; 0x93e <GLCD_SetCursor>
    1c7c:	89 e7       	ldi	r24, 0x79	; 121
    1c7e:	91 e0       	ldi	r25, 0x01	; 1
    1c80:	0e 94 72 05 	call	0xae4	; 0xae4 <GLCD_String>
						continue;
    1c84:	9a c3       	rjmp	.+1844   	; 0x23ba <main+0x95c>
					}
					else if (key == '3') {
    1c86:	8d 89       	ldd	r24, Y+21	; 0x15
    1c88:	83 33       	cpi	r24, 0x33	; 51
    1c8a:	c1 f4       	brne	.+48     	; 0x1cbc <main+0x25e>
						state = STATE_M3; eq_step = 0; b_idx = 0; buffer[0] = '\0';
    1c8c:	83 e0       	ldi	r24, 0x03	; 3
    1c8e:	89 83       	std	Y+1, r24	; 0x01
    1c90:	18 86       	std	Y+8, r1	; 0x08
    1c92:	1a 82       	std	Y+2, r1	; 0x02
    1c94:	1c aa       	std	Y+52, r1	; 0x34
						GLCD_Clear();
    1c96:	0e 94 ce 04 	call	0x99c	; 0x99c <GLCD_Clear>
						GLCD_SetCursor(0,0); GLCD_String("M3: PT BAC 2");
    1c9a:	60 e0       	ldi	r22, 0x00	; 0
    1c9c:	80 e0       	ldi	r24, 0x00	; 0
    1c9e:	0e 94 9f 04 	call	0x93e	; 0x93e <GLCD_SetCursor>
    1ca2:	8e e8       	ldi	r24, 0x8E	; 142
    1ca4:	91 e0       	ldi	r25, 0x01	; 1
    1ca6:	0e 94 72 05 	call	0xae4	; 0xae4 <GLCD_String>
						GLCD_SetCursor(2,0); GLCD_String("Nhap a = ");
    1caa:	60 e0       	ldi	r22, 0x00	; 0
    1cac:	82 e0       	ldi	r24, 0x02	; 2
    1cae:	0e 94 9f 04 	call	0x93e	; 0x93e <GLCD_SetCursor>
    1cb2:	8b e9       	ldi	r24, 0x9B	; 155
    1cb4:	91 e0       	ldi	r25, 0x01	; 1
    1cb6:	0e 94 72 05 	call	0xae4	; 0xae4 <GLCD_String>
						continue;
    1cba:	7f c3       	rjmp	.+1790   	; 0x23ba <main+0x95c>
					}
					// N?u b?m SHIFT, b?m linh tinh s? quay v? bình th??ng
				}

				// Tr?ng thái BÌNH TH??NG
				if (state == STATE_NORMAL) {
    1cbc:	89 81       	ldd	r24, Y+1	; 0x01
    1cbe:	88 23       	and	r24, r24
    1cc0:	09 f0       	breq	.+2      	; 0x1cc4 <main+0x266>
    1cc2:	a6 c0       	rjmp	.+332    	; 0x1e10 <main+0x3b2>
					if (key == 'C') { // AC
    1cc4:	8d 89       	ldd	r24, Y+21	; 0x15
    1cc6:	83 34       	cpi	r24, 0x43	; 67
    1cc8:	29 f4       	brne	.+10     	; 0x1cd4 <main+0x276>
						b_idx = 0; buffer[0] = '\0'; GLCD_Clear();
    1cca:	1a 82       	std	Y+2, r1	; 0x02
    1ccc:	1c aa       	std	Y+52, r1	; 0x34
    1cce:	0e 94 ce 04 	call	0x99c	; 0x99c <GLCD_Clear>
    1cd2:	88 cf       	rjmp	.-240    	; 0x1be4 <main+0x186>
					}
					else if (key == 'D') { // DEL
    1cd4:	8d 89       	ldd	r24, Y+21	; 0x15
    1cd6:	84 34       	cpi	r24, 0x44	; 68
    1cd8:	e1 f4       	brne	.+56     	; 0x1d12 <main+0x2b4>
						if (b_idx > 0) {
    1cda:	8a 81       	ldd	r24, Y+2	; 0x02
    1cdc:	88 23       	and	r24, r24
    1cde:	09 f4       	brne	.+2      	; 0x1ce2 <main+0x284>
    1ce0:	81 cf       	rjmp	.-254    	; 0x1be4 <main+0x186>
							b_idx--; buffer[b_idx] = '\0';
    1ce2:	8a 81       	ldd	r24, Y+2	; 0x02
    1ce4:	81 50       	subi	r24, 0x01	; 1
    1ce6:	8a 83       	std	Y+2, r24	; 0x02
    1ce8:	8a 81       	ldd	r24, Y+2	; 0x02
    1cea:	88 2f       	mov	r24, r24
    1cec:	90 e0       	ldi	r25, 0x00	; 0
    1cee:	9e 01       	movw	r18, r28
    1cf0:	2c 5c       	subi	r18, 0xCC	; 204
    1cf2:	3f 4f       	sbci	r19, 0xFF	; 255
    1cf4:	82 0f       	add	r24, r18
    1cf6:	93 1f       	adc	r25, r19
    1cf8:	fc 01       	movw	r30, r24
    1cfa:	10 82       	st	Z, r1
							GLCD_Clear(); GLCD_SetCursor(0,0); GLCD_String(buffer);
    1cfc:	0e 94 ce 04 	call	0x99c	; 0x99c <GLCD_Clear>
    1d00:	60 e0       	ldi	r22, 0x00	; 0
    1d02:	80 e0       	ldi	r24, 0x00	; 0
    1d04:	0e 94 9f 04 	call	0x93e	; 0x93e <GLCD_SetCursor>
    1d08:	ce 01       	movw	r24, r28
    1d0a:	c4 96       	adiw	r24, 0x34	; 52
    1d0c:	0e 94 72 05 	call	0xae4	; 0xae4 <GLCD_String>
    1d10:	69 cf       	rjmp	.-302    	; 0x1be4 <main+0x186>
						}
					}
					else if (key == '=') { // B?ng
    1d12:	8d 89       	ldd	r24, Y+21	; 0x15
    1d14:	8d 33       	cpi	r24, 0x3D	; 61
    1d16:	61 f5       	brne	.+88     	; 0x1d70 <main+0x312>
						ans = evaluate(buffer);
    1d18:	ce 01       	movw	r24, r28
    1d1a:	c4 96       	adiw	r24, 0x34	; 52
    1d1c:	0e 94 17 0d 	call	0x1a2e	; 0x1a2e <evaluate>
    1d20:	dc 01       	movw	r26, r24
    1d22:	cb 01       	movw	r24, r22
    1d24:	8b 83       	std	Y+3, r24	; 0x03
    1d26:	9c 83       	std	Y+4, r25	; 0x04
    1d28:	ad 83       	std	Y+5, r26	; 0x05
    1d2a:	be 83       	std	Y+6, r27	; 0x06
						GLCD_SetCursor(3, 0); GLCD_String("=                   ");
    1d2c:	60 e0       	ldi	r22, 0x00	; 0
    1d2e:	83 e0       	ldi	r24, 0x03	; 3
    1d30:	0e 94 9f 04 	call	0x93e	; 0x93e <GLCD_SetCursor>
    1d34:	85 ea       	ldi	r24, 0xA5	; 165
    1d36:	91 e0       	ldi	r25, 0x01	; 1
    1d38:	0e 94 72 05 	call	0xae4	; 0xae4 <GLCD_String>
						GLCD_SetCursor(4, 0);
    1d3c:	60 e0       	ldi	r22, 0x00	; 0
    1d3e:	84 e0       	ldi	r24, 0x04	; 4
    1d40:	0e 94 9f 04 	call	0x93e	; 0x93e <GLCD_SetCursor>
						dtostrf(ans, 8, 3, display_str); GLCD_String(display_str);
    1d44:	9e 01       	movw	r18, r28
    1d46:	20 59       	subi	r18, 0x90	; 144
    1d48:	3f 4f       	sbci	r19, 0xFF	; 255
    1d4a:	8b 81       	ldd	r24, Y+3	; 0x03
    1d4c:	9c 81       	ldd	r25, Y+4	; 0x04
    1d4e:	ad 81       	ldd	r26, Y+5	; 0x05
    1d50:	be 81       	ldd	r27, Y+6	; 0x06
    1d52:	89 01       	movw	r16, r18
    1d54:	23 e0       	ldi	r18, 0x03	; 3
    1d56:	48 e0       	ldi	r20, 0x08	; 8
    1d58:	bc 01       	movw	r22, r24
    1d5a:	cd 01       	movw	r24, r26
    1d5c:	0e 94 6c 16 	call	0x2cd8	; 0x2cd8 <dtostrf>
    1d60:	ce 01       	movw	r24, r28
    1d62:	80 59       	subi	r24, 0x90	; 144
    1d64:	9f 4f       	sbci	r25, 0xFF	; 255
    1d66:	0e 94 72 05 	call	0xae4	; 0xae4 <GLCD_String>
						b_idx = 0; buffer[0] = '\0';
    1d6a:	1a 82       	std	Y+2, r1	; 0x02
    1d6c:	1c aa       	std	Y+52, r1	; 0x34
    1d6e:	3a cf       	rjmp	.-396    	; 0x1be4 <main+0x186>
					}
					else if (key == 'A') { // ANS
    1d70:	8d 89       	ldd	r24, Y+21	; 0x15
    1d72:	81 34       	cpi	r24, 0x41	; 65
    1d74:	31 f5       	brne	.+76     	; 0x1dc2 <main+0x364>
						dtostrf(ans, 4, 2, display_str);
    1d76:	9e 01       	movw	r18, r28
    1d78:	20 59       	subi	r18, 0x90	; 144
    1d7a:	3f 4f       	sbci	r19, 0xFF	; 255
    1d7c:	8b 81       	ldd	r24, Y+3	; 0x03
    1d7e:	9c 81       	ldd	r25, Y+4	; 0x04
    1d80:	ad 81       	ldd	r26, Y+5	; 0x05
    1d82:	be 81       	ldd	r27, Y+6	; 0x06
    1d84:	89 01       	movw	r16, r18
    1d86:	22 e0       	ldi	r18, 0x02	; 2
    1d88:	44 e0       	ldi	r20, 0x04	; 4
    1d8a:	bc 01       	movw	r22, r24
    1d8c:	cd 01       	movw	r24, r26
    1d8e:	0e 94 6c 16 	call	0x2cd8	; 0x2cd8 <dtostrf>
						strcat(buffer, display_str);
    1d92:	9e 01       	movw	r18, r28
    1d94:	20 59       	subi	r18, 0x90	; 144
    1d96:	3f 4f       	sbci	r19, 0xFF	; 255
    1d98:	ce 01       	movw	r24, r28
    1d9a:	c4 96       	adiw	r24, 0x34	; 52
    1d9c:	b9 01       	movw	r22, r18
    1d9e:	0e 94 ff 17 	call	0x2ffe	; 0x2ffe <strcat>
						b_idx = strlen(buffer);
    1da2:	ce 01       	movw	r24, r28
    1da4:	c4 96       	adiw	r24, 0x34	; 52
    1da6:	0e 94 0a 18 	call	0x3014	; 0x3014 <strlen>
    1daa:	8a 83       	std	Y+2, r24	; 0x02
						GLCD_Clear(); GLCD_SetCursor(0,0); GLCD_String(buffer);
    1dac:	0e 94 ce 04 	call	0x99c	; 0x99c <GLCD_Clear>
    1db0:	60 e0       	ldi	r22, 0x00	; 0
    1db2:	80 e0       	ldi	r24, 0x00	; 0
    1db4:	0e 94 9f 04 	call	0x93e	; 0x93e <GLCD_SetCursor>
    1db8:	ce 01       	movw	r24, r28
    1dba:	c4 96       	adiw	r24, 0x34	; 52
    1dbc:	0e 94 72 05 	call	0xae4	; 0xae4 <GLCD_String>
    1dc0:	11 cf       	rjmp	.-478    	; 0x1be4 <main+0x186>
					}
					else { // Các phím s?, d?u
						if (b_idx < 55) {
    1dc2:	8a 81       	ldd	r24, Y+2	; 0x02
    1dc4:	87 33       	cpi	r24, 0x37	; 55
    1dc6:	08 f0       	brcs	.+2      	; 0x1dca <main+0x36c>
    1dc8:	0d cf       	rjmp	.-486    	; 0x1be4 <main+0x186>
							buffer[b_idx++] = key; buffer[b_idx] = '\0';
    1dca:	8a 81       	ldd	r24, Y+2	; 0x02
    1dcc:	91 e0       	ldi	r25, 0x01	; 1
    1dce:	98 0f       	add	r25, r24
    1dd0:	9a 83       	std	Y+2, r25	; 0x02
    1dd2:	88 2f       	mov	r24, r24
    1dd4:	90 e0       	ldi	r25, 0x00	; 0
    1dd6:	9e 01       	movw	r18, r28
    1dd8:	2c 5c       	subi	r18, 0xCC	; 204
    1dda:	3f 4f       	sbci	r19, 0xFF	; 255
    1ddc:	82 0f       	add	r24, r18
    1dde:	93 1f       	adc	r25, r19
    1de0:	2d 89       	ldd	r18, Y+21	; 0x15
    1de2:	fc 01       	movw	r30, r24
    1de4:	20 83       	st	Z, r18
    1de6:	8a 81       	ldd	r24, Y+2	; 0x02
    1de8:	88 2f       	mov	r24, r24
    1dea:	90 e0       	ldi	r25, 0x00	; 0
    1dec:	9e 01       	movw	r18, r28
    1dee:	2c 5c       	subi	r18, 0xCC	; 204
    1df0:	3f 4f       	sbci	r19, 0xFF	; 255
    1df2:	82 0f       	add	r24, r18
    1df4:	93 1f       	adc	r25, r19
    1df6:	fc 01       	movw	r30, r24
    1df8:	10 82       	st	Z, r1
							GLCD_Clear(); GLCD_SetCursor(0,0); GLCD_String(buffer);
    1dfa:	0e 94 ce 04 	call	0x99c	; 0x99c <GLCD_Clear>
    1dfe:	60 e0       	ldi	r22, 0x00	; 0
    1e00:	80 e0       	ldi	r24, 0x00	; 0
    1e02:	0e 94 9f 04 	call	0x93e	; 0x93e <GLCD_SetCursor>
    1e06:	ce 01       	movw	r24, r28
    1e08:	c4 96       	adiw	r24, 0x34	; 52
    1e0a:	0e 94 72 05 	call	0xae4	; 0xae4 <GLCD_String>
    1e0e:	ea ce       	rjmp	.-556    	; 0x1be4 <main+0x186>
						}
					}
				}
				
				// SHIFT + 1
				else if (state == STATE_M1) {
    1e10:	89 81       	ldd	r24, Y+1	; 0x01
    1e12:	81 30       	cpi	r24, 0x01	; 1
    1e14:	09 f0       	breq	.+2      	; 0x1e18 <main+0x3ba>
    1e16:	77 c0       	rjmp	.+238    	; 0x1f06 <main+0x4a8>
					if (key == '1') strcat(buffer, "(");
    1e18:	8d 89       	ldd	r24, Y+21	; 0x15
    1e1a:	81 33       	cpi	r24, 0x31	; 49
    1e1c:	b1 f4       	brne	.+44     	; 0x1e4a <main+0x3ec>
    1e1e:	ce 01       	movw	r24, r28
    1e20:	c4 96       	adiw	r24, 0x34	; 52
    1e22:	9c 01       	movw	r18, r24
    1e24:	f9 01       	movw	r30, r18
    1e26:	01 90       	ld	r0, Z+
    1e28:	00 20       	and	r0, r0
    1e2a:	e9 f7       	brne	.-6      	; 0x1e26 <main+0x3c8>
    1e2c:	cf 01       	movw	r24, r30
    1e2e:	01 97       	sbiw	r24, 0x01	; 1
    1e30:	82 1b       	sub	r24, r18
    1e32:	93 0b       	sbc	r25, r19
    1e34:	9e 01       	movw	r18, r28
    1e36:	2c 5c       	subi	r18, 0xCC	; 204
    1e38:	3f 4f       	sbci	r19, 0xFF	; 255
    1e3a:	82 0f       	add	r24, r18
    1e3c:	93 1f       	adc	r25, r19
    1e3e:	28 e2       	ldi	r18, 0x28	; 40
    1e40:	30 e0       	ldi	r19, 0x00	; 0
    1e42:	fc 01       	movw	r30, r24
    1e44:	31 83       	std	Z+1, r19	; 0x01
    1e46:	20 83       	st	Z, r18
    1e48:	4d c0       	rjmp	.+154    	; 0x1ee4 <main+0x486>
					else if (key == '2') strcat(buffer, ")");
    1e4a:	8d 89       	ldd	r24, Y+21	; 0x15
    1e4c:	82 33       	cpi	r24, 0x32	; 50
    1e4e:	b1 f4       	brne	.+44     	; 0x1e7c <main+0x41e>
    1e50:	ce 01       	movw	r24, r28
    1e52:	c4 96       	adiw	r24, 0x34	; 52
    1e54:	9c 01       	movw	r18, r24
    1e56:	f9 01       	movw	r30, r18
    1e58:	01 90       	ld	r0, Z+
    1e5a:	00 20       	and	r0, r0
    1e5c:	e9 f7       	brne	.-6      	; 0x1e58 <main+0x3fa>
    1e5e:	cf 01       	movw	r24, r30
    1e60:	01 97       	sbiw	r24, 0x01	; 1
    1e62:	82 1b       	sub	r24, r18
    1e64:	93 0b       	sbc	r25, r19
    1e66:	9e 01       	movw	r18, r28
    1e68:	2c 5c       	subi	r18, 0xCC	; 204
    1e6a:	3f 4f       	sbci	r19, 0xFF	; 255
    1e6c:	82 0f       	add	r24, r18
    1e6e:	93 1f       	adc	r25, r19
    1e70:	29 e2       	ldi	r18, 0x29	; 41
    1e72:	30 e0       	ldi	r19, 0x00	; 0
    1e74:	fc 01       	movw	r30, r24
    1e76:	31 83       	std	Z+1, r19	; 0x01
    1e78:	20 83       	st	Z, r18
    1e7a:	34 c0       	rjmp	.+104    	; 0x1ee4 <main+0x486>
					else if (key == '3') strcat(buffer, "^");
    1e7c:	8d 89       	ldd	r24, Y+21	; 0x15
    1e7e:	83 33       	cpi	r24, 0x33	; 51
    1e80:	b1 f4       	brne	.+44     	; 0x1eae <main+0x450>
    1e82:	ce 01       	movw	r24, r28
    1e84:	c4 96       	adiw	r24, 0x34	; 52
    1e86:	9c 01       	movw	r18, r24
    1e88:	f9 01       	movw	r30, r18
    1e8a:	01 90       	ld	r0, Z+
    1e8c:	00 20       	and	r0, r0
    1e8e:	e9 f7       	brne	.-6      	; 0x1e8a <main+0x42c>
    1e90:	cf 01       	movw	r24, r30
    1e92:	01 97       	sbiw	r24, 0x01	; 1
    1e94:	82 1b       	sub	r24, r18
    1e96:	93 0b       	sbc	r25, r19
    1e98:	9e 01       	movw	r18, r28
    1e9a:	2c 5c       	subi	r18, 0xCC	; 204
    1e9c:	3f 4f       	sbci	r19, 0xFF	; 255
    1e9e:	82 0f       	add	r24, r18
    1ea0:	93 1f       	adc	r25, r19
    1ea2:	2e e5       	ldi	r18, 0x5E	; 94
    1ea4:	30 e0       	ldi	r19, 0x00	; 0
    1ea6:	fc 01       	movw	r30, r24
    1ea8:	31 83       	std	Z+1, r19	; 0x01
    1eaa:	20 83       	st	Z, r18
    1eac:	1b c0       	rjmp	.+54     	; 0x1ee4 <main+0x486>
					else if (key == '4') strcat(buffer, "sqrt(");
    1eae:	8d 89       	ldd	r24, Y+21	; 0x15
    1eb0:	84 33       	cpi	r24, 0x34	; 52
    1eb2:	c1 f4       	brne	.+48     	; 0x1ee4 <main+0x486>
    1eb4:	ce 01       	movw	r24, r28
    1eb6:	c4 96       	adiw	r24, 0x34	; 52
    1eb8:	9c 01       	movw	r18, r24
    1eba:	f9 01       	movw	r30, r18
    1ebc:	01 90       	ld	r0, Z+
    1ebe:	00 20       	and	r0, r0
    1ec0:	e9 f7       	brne	.-6      	; 0x1ebc <main+0x45e>
    1ec2:	cf 01       	movw	r24, r30
    1ec4:	01 97       	sbiw	r24, 0x01	; 1
    1ec6:	82 1b       	sub	r24, r18
    1ec8:	93 0b       	sbc	r25, r19
    1eca:	9e 01       	movw	r18, r28
    1ecc:	2c 5c       	subi	r18, 0xCC	; 204
    1ece:	3f 4f       	sbci	r19, 0xFF	; 255
    1ed0:	82 0f       	add	r24, r18
    1ed2:	93 1f       	adc	r25, r19
    1ed4:	26 e0       	ldi	r18, 0x06	; 6
    1ed6:	e3 e2       	ldi	r30, 0x23	; 35
    1ed8:	f1 e0       	ldi	r31, 0x01	; 1
    1eda:	dc 01       	movw	r26, r24
    1edc:	01 90       	ld	r0, Z+
    1ede:	0d 92       	st	X+, r0
    1ee0:	2a 95       	dec	r18
    1ee2:	e1 f7       	brne	.-8      	; 0x1edc <main+0x47e>
					
					b_idx = strlen(buffer); state = STATE_NORMAL;
    1ee4:	ce 01       	movw	r24, r28
    1ee6:	c4 96       	adiw	r24, 0x34	; 52
    1ee8:	0e 94 0a 18 	call	0x3014	; 0x3014 <strlen>
    1eec:	8a 83       	std	Y+2, r24	; 0x02
    1eee:	19 82       	std	Y+1, r1	; 0x01
					GLCD_Clear(); GLCD_SetCursor(0,0); GLCD_String(buffer);
    1ef0:	0e 94 ce 04 	call	0x99c	; 0x99c <GLCD_Clear>
    1ef4:	60 e0       	ldi	r22, 0x00	; 0
    1ef6:	80 e0       	ldi	r24, 0x00	; 0
    1ef8:	0e 94 9f 04 	call	0x93e	; 0x93e <GLCD_SetCursor>
    1efc:	ce 01       	movw	r24, r28
    1efe:	c4 96       	adiw	r24, 0x34	; 52
    1f00:	0e 94 72 05 	call	0xae4	; 0xae4 <GLCD_String>
    1f04:	6f ce       	rjmp	.-802    	; 0x1be4 <main+0x186>
				}
				
				// SHIFT + 2
				else if (state == STATE_M2) {
    1f06:	89 81       	ldd	r24, Y+1	; 0x01
    1f08:	82 30       	cpi	r24, 0x02	; 2
    1f0a:	09 f0       	breq	.+2      	; 0x1f0e <main+0x4b0>
    1f0c:	64 c0       	rjmp	.+200    	; 0x1fd6 <main+0x578>
					if (key == '1') strcat(buffer, "sin(");
    1f0e:	8d 89       	ldd	r24, Y+21	; 0x15
    1f10:	81 33       	cpi	r24, 0x31	; 49
    1f12:	c9 f4       	brne	.+50     	; 0x1f46 <main+0x4e8>
    1f14:	ce 01       	movw	r24, r28
    1f16:	c4 96       	adiw	r24, 0x34	; 52
    1f18:	9c 01       	movw	r18, r24
    1f1a:	f9 01       	movw	r30, r18
    1f1c:	01 90       	ld	r0, Z+
    1f1e:	00 20       	and	r0, r0
    1f20:	e9 f7       	brne	.-6      	; 0x1f1c <main+0x4be>
    1f22:	cf 01       	movw	r24, r30
    1f24:	01 97       	sbiw	r24, 0x01	; 1
    1f26:	82 1b       	sub	r24, r18
    1f28:	93 0b       	sbc	r25, r19
    1f2a:	9e 01       	movw	r18, r28
    1f2c:	2c 5c       	subi	r18, 0xCC	; 204
    1f2e:	3f 4f       	sbci	r19, 0xFF	; 255
    1f30:	82 0f       	add	r24, r18
    1f32:	93 1f       	adc	r25, r19
    1f34:	25 e0       	ldi	r18, 0x05	; 5
    1f36:	e4 e1       	ldi	r30, 0x14	; 20
    1f38:	f1 e0       	ldi	r31, 0x01	; 1
    1f3a:	dc 01       	movw	r26, r24
    1f3c:	01 90       	ld	r0, Z+
    1f3e:	0d 92       	st	X+, r0
    1f40:	2a 95       	dec	r18
    1f42:	e1 f7       	brne	.-8      	; 0x1f3c <main+0x4de>
    1f44:	37 c0       	rjmp	.+110    	; 0x1fb4 <main+0x556>
					else if (key == '2') strcat(buffer, "cos(");
    1f46:	8d 89       	ldd	r24, Y+21	; 0x15
    1f48:	82 33       	cpi	r24, 0x32	; 50
    1f4a:	c9 f4       	brne	.+50     	; 0x1f7e <main+0x520>
    1f4c:	ce 01       	movw	r24, r28
    1f4e:	c4 96       	adiw	r24, 0x34	; 52
    1f50:	9c 01       	movw	r18, r24
    1f52:	f9 01       	movw	r30, r18
    1f54:	01 90       	ld	r0, Z+
    1f56:	00 20       	and	r0, r0
    1f58:	e9 f7       	brne	.-6      	; 0x1f54 <main+0x4f6>
    1f5a:	cf 01       	movw	r24, r30
    1f5c:	01 97       	sbiw	r24, 0x01	; 1
    1f5e:	82 1b       	sub	r24, r18
    1f60:	93 0b       	sbc	r25, r19
    1f62:	9e 01       	movw	r18, r28
    1f64:	2c 5c       	subi	r18, 0xCC	; 204
    1f66:	3f 4f       	sbci	r19, 0xFF	; 255
    1f68:	82 0f       	add	r24, r18
    1f6a:	93 1f       	adc	r25, r19
    1f6c:	25 e0       	ldi	r18, 0x05	; 5
    1f6e:	e9 e1       	ldi	r30, 0x19	; 25
    1f70:	f1 e0       	ldi	r31, 0x01	; 1
    1f72:	dc 01       	movw	r26, r24
    1f74:	01 90       	ld	r0, Z+
    1f76:	0d 92       	st	X+, r0
    1f78:	2a 95       	dec	r18
    1f7a:	e1 f7       	brne	.-8      	; 0x1f74 <main+0x516>
    1f7c:	1b c0       	rjmp	.+54     	; 0x1fb4 <main+0x556>
					else if (key == '3') strcat(buffer, "tan(");
    1f7e:	8d 89       	ldd	r24, Y+21	; 0x15
    1f80:	83 33       	cpi	r24, 0x33	; 51
    1f82:	c1 f4       	brne	.+48     	; 0x1fb4 <main+0x556>
    1f84:	ce 01       	movw	r24, r28
    1f86:	c4 96       	adiw	r24, 0x34	; 52
    1f88:	9c 01       	movw	r18, r24
    1f8a:	f9 01       	movw	r30, r18
    1f8c:	01 90       	ld	r0, Z+
    1f8e:	00 20       	and	r0, r0
    1f90:	e9 f7       	brne	.-6      	; 0x1f8c <main+0x52e>
    1f92:	cf 01       	movw	r24, r30
    1f94:	01 97       	sbiw	r24, 0x01	; 1
    1f96:	82 1b       	sub	r24, r18
    1f98:	93 0b       	sbc	r25, r19
    1f9a:	9e 01       	movw	r18, r28
    1f9c:	2c 5c       	subi	r18, 0xCC	; 204
    1f9e:	3f 4f       	sbci	r19, 0xFF	; 255
    1fa0:	82 0f       	add	r24, r18
    1fa2:	93 1f       	adc	r25, r19
    1fa4:	25 e0       	ldi	r18, 0x05	; 5
    1fa6:	ee e1       	ldi	r30, 0x1E	; 30
    1fa8:	f1 e0       	ldi	r31, 0x01	; 1
    1faa:	dc 01       	movw	r26, r24
    1fac:	01 90       	ld	r0, Z+
    1fae:	0d 92       	st	X+, r0
    1fb0:	2a 95       	dec	r18
    1fb2:	e1 f7       	brne	.-8      	; 0x1fac <main+0x54e>
					
					b_idx = strlen(buffer); state = STATE_NORMAL;
    1fb4:	ce 01       	movw	r24, r28
    1fb6:	c4 96       	adiw	r24, 0x34	; 52
    1fb8:	0e 94 0a 18 	call	0x3014	; 0x3014 <strlen>
    1fbc:	8a 83       	std	Y+2, r24	; 0x02
    1fbe:	19 82       	std	Y+1, r1	; 0x01
					GLCD_Clear(); GLCD_SetCursor(0,0); GLCD_String(buffer);
    1fc0:	0e 94 ce 04 	call	0x99c	; 0x99c <GLCD_Clear>
    1fc4:	60 e0       	ldi	r22, 0x00	; 0
    1fc6:	80 e0       	ldi	r24, 0x00	; 0
    1fc8:	0e 94 9f 04 	call	0x93e	; 0x93e <GLCD_SetCursor>
    1fcc:	ce 01       	movw	r24, r28
    1fce:	c4 96       	adiw	r24, 0x34	; 52
    1fd0:	0e 94 72 05 	call	0xae4	; 0xae4 <GLCD_String>
    1fd4:	07 ce       	rjmp	.-1010   	; 0x1be4 <main+0x186>
				}

				// SHIFT + 3
				else if (state == STATE_M3) {
    1fd6:	89 81       	ldd	r24, Y+1	; 0x01
    1fd8:	83 30       	cpi	r24, 0x03	; 3
    1fda:	09 f0       	breq	.+2      	; 0x1fde <main+0x580>
    1fdc:	03 ce       	rjmp	.-1018   	; 0x1be4 <main+0x186>
					if (key == 'C') { // Thoát
    1fde:	8d 89       	ldd	r24, Y+21	; 0x15
    1fe0:	83 34       	cpi	r24, 0x43	; 67
    1fe2:	31 f4       	brne	.+12     	; 0x1ff0 <main+0x592>
						state = STATE_NORMAL; b_idx = 0; buffer[0]='\0'; GLCD_Clear();
    1fe4:	19 82       	std	Y+1, r1	; 0x01
    1fe6:	1a 82       	std	Y+2, r1	; 0x02
    1fe8:	1c aa       	std	Y+52, r1	; 0x34
    1fea:	0e 94 ce 04 	call	0x99c	; 0x99c <GLCD_Clear>
    1fee:	fa cd       	rjmp	.-1036   	; 0x1be4 <main+0x186>
					}
					else if (key == 'D') { // DEL trong b?c 2
    1ff0:	8d 89       	ldd	r24, Y+21	; 0x15
    1ff2:	84 34       	cpi	r24, 0x44	; 68
    1ff4:	f9 f4       	brne	.+62     	; 0x2034 <main+0x5d6>
						if (b_idx > 0) {
    1ff6:	8a 81       	ldd	r24, Y+2	; 0x02
    1ff8:	88 23       	and	r24, r24
    1ffa:	09 f4       	brne	.+2      	; 0x1ffe <main+0x5a0>
    1ffc:	f3 cd       	rjmp	.-1050   	; 0x1be4 <main+0x186>
							b_idx--; buffer[b_idx] = '\0';
    1ffe:	8a 81       	ldd	r24, Y+2	; 0x02
    2000:	81 50       	subi	r24, 0x01	; 1
    2002:	8a 83       	std	Y+2, r24	; 0x02
    2004:	8a 81       	ldd	r24, Y+2	; 0x02
    2006:	88 2f       	mov	r24, r24
    2008:	90 e0       	ldi	r25, 0x00	; 0
    200a:	9e 01       	movw	r18, r28
    200c:	2c 5c       	subi	r18, 0xCC	; 204
    200e:	3f 4f       	sbci	r19, 0xFF	; 255
    2010:	82 0f       	add	r24, r18
    2012:	93 1f       	adc	r25, r19
    2014:	fc 01       	movw	r30, r24
    2016:	10 82       	st	Z, r1
							GLCD_SetCursor(2 + eq_step, 54); // Xóa trên màn hình GLCD
    2018:	88 85       	ldd	r24, Y+8	; 0x08
    201a:	8e 5f       	subi	r24, 0xFE	; 254
    201c:	66 e3       	ldi	r22, 0x36	; 54
    201e:	0e 94 9f 04 	call	0x93e	; 0x93e <GLCD_SetCursor>
							GLCD_String(buffer); GLCD_String("  ");
    2022:	ce 01       	movw	r24, r28
    2024:	c4 96       	adiw	r24, 0x34	; 52
    2026:	0e 94 72 05 	call	0xae4	; 0xae4 <GLCD_String>
    202a:	8a eb       	ldi	r24, 0xBA	; 186
    202c:	91 e0       	ldi	r25, 0x01	; 1
    202e:	0e 94 72 05 	call	0xae4	; 0xae4 <GLCD_String>
    2032:	d8 cd       	rjmp	.-1104   	; 0x1be4 <main+0x186>
						}
					}
					else if (key == '=') { // Nh?p
    2034:	8d 89       	ldd	r24, Y+21	; 0x15
    2036:	8d 33       	cpi	r24, 0x3D	; 61
    2038:	09 f0       	breq	.+2      	; 0x203c <main+0x5de>
    203a:	8d c1       	rjmp	.+794    	; 0x2356 <main+0x8f8>
						if (eq_step == 0) {
    203c:	88 85       	ldd	r24, Y+8	; 0x08
    203e:	88 23       	and	r24, r24
    2040:	b9 f4       	brne	.+46     	; 0x2070 <main+0x612>
							a_val = atof(buffer); eq_step = 1; b_idx = 0; buffer[0] = '\0';
    2042:	ce 01       	movw	r24, r28
    2044:	c4 96       	adiw	r24, 0x34	; 52
    2046:	0e 94 da 17 	call	0x2fb4	; 0x2fb4 <atof>
    204a:	dc 01       	movw	r26, r24
    204c:	cb 01       	movw	r24, r22
    204e:	89 87       	std	Y+9, r24	; 0x09
    2050:	9a 87       	std	Y+10, r25	; 0x0a
    2052:	ab 87       	std	Y+11, r26	; 0x0b
    2054:	bc 87       	std	Y+12, r27	; 0x0c
    2056:	81 e0       	ldi	r24, 0x01	; 1
    2058:	88 87       	std	Y+8, r24	; 0x08
    205a:	1a 82       	std	Y+2, r1	; 0x02
    205c:	1c aa       	std	Y+52, r1	; 0x34
							GLCD_SetCursor(3, 0); GLCD_String("Nhap b = ");
    205e:	60 e0       	ldi	r22, 0x00	; 0
    2060:	83 e0       	ldi	r24, 0x03	; 3
    2062:	0e 94 9f 04 	call	0x93e	; 0x93e <GLCD_SetCursor>
    2066:	8d eb       	ldi	r24, 0xBD	; 189
    2068:	91 e0       	ldi	r25, 0x01	; 1
    206a:	0e 94 72 05 	call	0xae4	; 0xae4 <GLCD_String>
    206e:	ba cd       	rjmp	.-1164   	; 0x1be4 <main+0x186>
						}
						else if (eq_step == 1) {
    2070:	88 85       	ldd	r24, Y+8	; 0x08
    2072:	81 30       	cpi	r24, 0x01	; 1
    2074:	b9 f4       	brne	.+46     	; 0x20a4 <main+0x646>
							b_val = atof(buffer); eq_step = 2; b_idx = 0; buffer[0] = '\0';
    2076:	ce 01       	movw	r24, r28
    2078:	c4 96       	adiw	r24, 0x34	; 52
    207a:	0e 94 da 17 	call	0x2fb4	; 0x2fb4 <atof>
    207e:	dc 01       	movw	r26, r24
    2080:	cb 01       	movw	r24, r22
    2082:	8d 87       	std	Y+13, r24	; 0x0d
    2084:	9e 87       	std	Y+14, r25	; 0x0e
    2086:	af 87       	std	Y+15, r26	; 0x0f
    2088:	b8 8b       	std	Y+16, r27	; 0x10
    208a:	82 e0       	ldi	r24, 0x02	; 2
    208c:	88 87       	std	Y+8, r24	; 0x08
    208e:	1a 82       	std	Y+2, r1	; 0x02
    2090:	1c aa       	std	Y+52, r1	; 0x34
							GLCD_SetCursor(4, 0); GLCD_String("Nhap c = ");
    2092:	60 e0       	ldi	r22, 0x00	; 0
    2094:	84 e0       	ldi	r24, 0x04	; 4
    2096:	0e 94 9f 04 	call	0x93e	; 0x93e <GLCD_SetCursor>
    209a:	87 ec       	ldi	r24, 0xC7	; 199
    209c:	91 e0       	ldi	r25, 0x01	; 1
    209e:	0e 94 72 05 	call	0xae4	; 0xae4 <GLCD_String>
    20a2:	a0 cd       	rjmp	.-1216   	; 0x1be4 <main+0x186>
						}
						else if (eq_step == 2) {
    20a4:	88 85       	ldd	r24, Y+8	; 0x08
    20a6:	82 30       	cpi	r24, 0x02	; 2
    20a8:	09 f0       	breq	.+2      	; 0x20ac <main+0x64e>
    20aa:	4b c1       	rjmp	.+662    	; 0x2342 <main+0x8e4>
							c_val = atof(buffer); GLCD_Clear();
    20ac:	ce 01       	movw	r24, r28
    20ae:	c4 96       	adiw	r24, 0x34	; 52
    20b0:	0e 94 da 17 	call	0x2fb4	; 0x2fb4 <atof>
    20b4:	dc 01       	movw	r26, r24
    20b6:	cb 01       	movw	r24, r22
    20b8:	89 8b       	std	Y+17, r24	; 0x11
    20ba:	9a 8b       	std	Y+18, r25	; 0x12
    20bc:	ab 8b       	std	Y+19, r26	; 0x13
    20be:	bc 8b       	std	Y+20, r27	; 0x14
    20c0:	0e 94 ce 04 	call	0x99c	; 0x99c <GLCD_Clear>
							if (a_val == 0) { GLCD_String("Loi: a phai khac 0!"); }
    20c4:	20 e0       	ldi	r18, 0x00	; 0
    20c6:	30 e0       	ldi	r19, 0x00	; 0
    20c8:	a9 01       	movw	r20, r18
    20ca:	69 85       	ldd	r22, Y+9	; 0x09
    20cc:	7a 85       	ldd	r23, Y+10	; 0x0a
    20ce:	8b 85       	ldd	r24, Y+11	; 0x0b
    20d0:	9c 85       	ldd	r25, Y+12	; 0x0c
    20d2:	0e 94 4b 12 	call	0x2496	; 0x2496 <__cmpsf2>
    20d6:	88 23       	and	r24, r24
    20d8:	29 f4       	brne	.+10     	; 0x20e4 <main+0x686>
    20da:	81 ed       	ldi	r24, 0xD1	; 209
    20dc:	91 e0       	ldi	r25, 0x01	; 1
    20de:	0e 94 72 05 	call	0xae4	; 0xae4 <GLCD_String>
    20e2:	2c c1       	rjmp	.+600    	; 0x233c <main+0x8de>
							else {
								double delta = b_val * b_val - 4 * a_val * c_val;
    20e4:	2d 85       	ldd	r18, Y+13	; 0x0d
    20e6:	3e 85       	ldd	r19, Y+14	; 0x0e
    20e8:	4f 85       	ldd	r20, Y+15	; 0x0f
    20ea:	58 89       	ldd	r21, Y+16	; 0x10
    20ec:	6d 85       	ldd	r22, Y+13	; 0x0d
    20ee:	7e 85       	ldd	r23, Y+14	; 0x0e
    20f0:	8f 85       	ldd	r24, Y+15	; 0x0f
    20f2:	98 89       	ldd	r25, Y+16	; 0x10
    20f4:	0e 94 af 13 	call	0x275e	; 0x275e <__mulsf3>
    20f8:	dc 01       	movw	r26, r24
    20fa:	cb 01       	movw	r24, r22
    20fc:	6c 01       	movw	r12, r24
    20fe:	7d 01       	movw	r14, r26
    2100:	20 e0       	ldi	r18, 0x00	; 0
    2102:	30 e0       	ldi	r19, 0x00	; 0
    2104:	40 e8       	ldi	r20, 0x80	; 128
    2106:	50 e4       	ldi	r21, 0x40	; 64
    2108:	69 85       	ldd	r22, Y+9	; 0x09
    210a:	7a 85       	ldd	r23, Y+10	; 0x0a
    210c:	8b 85       	ldd	r24, Y+11	; 0x0b
    210e:	9c 85       	ldd	r25, Y+12	; 0x0c
    2110:	0e 94 af 13 	call	0x275e	; 0x275e <__mulsf3>
    2114:	dc 01       	movw	r26, r24
    2116:	cb 01       	movw	r24, r22
    2118:	29 89       	ldd	r18, Y+17	; 0x11
    211a:	3a 89       	ldd	r19, Y+18	; 0x12
    211c:	4b 89       	ldd	r20, Y+19	; 0x13
    211e:	5c 89       	ldd	r21, Y+20	; 0x14
    2120:	bc 01       	movw	r22, r24
    2122:	cd 01       	movw	r24, r26
    2124:	0e 94 af 13 	call	0x275e	; 0x275e <__mulsf3>
    2128:	dc 01       	movw	r26, r24
    212a:	cb 01       	movw	r24, r22
    212c:	9c 01       	movw	r18, r24
    212e:	ad 01       	movw	r20, r26
    2130:	c7 01       	movw	r24, r14
    2132:	b6 01       	movw	r22, r12
    2134:	0e 94 de 11 	call	0x23bc	; 0x23bc <__subsf3>
    2138:	dc 01       	movw	r26, r24
    213a:	cb 01       	movw	r24, r22
    213c:	8e 8b       	std	Y+22, r24	; 0x16
    213e:	9f 8b       	std	Y+23, r25	; 0x17
    2140:	a8 8f       	std	Y+24, r26	; 0x18
    2142:	b9 8f       	std	Y+25, r27	; 0x19
								if (delta < 0) { GLCD_String("PT Vo nghiem!"); }
    2144:	20 e0       	ldi	r18, 0x00	; 0
    2146:	30 e0       	ldi	r19, 0x00	; 0
    2148:	a9 01       	movw	r20, r18
    214a:	6e 89       	ldd	r22, Y+22	; 0x16
    214c:	7f 89       	ldd	r23, Y+23	; 0x17
    214e:	88 8d       	ldd	r24, Y+24	; 0x18
    2150:	99 8d       	ldd	r25, Y+25	; 0x19
    2152:	0e 94 4b 12 	call	0x2496	; 0x2496 <__cmpsf2>
    2156:	88 23       	and	r24, r24
    2158:	2c f4       	brge	.+10     	; 0x2164 <main+0x706>
    215a:	85 ee       	ldi	r24, 0xE5	; 229
    215c:	91 e0       	ldi	r25, 0x01	; 1
    215e:	0e 94 72 05 	call	0xae4	; 0xae4 <GLCD_String>
    2162:	ec c0       	rjmp	.+472    	; 0x233c <main+0x8de>
								else if (delta == 0) {
    2164:	20 e0       	ldi	r18, 0x00	; 0
    2166:	30 e0       	ldi	r19, 0x00	; 0
    2168:	a9 01       	movw	r20, r18
    216a:	6e 89       	ldd	r22, Y+22	; 0x16
    216c:	7f 89       	ldd	r23, Y+23	; 0x17
    216e:	88 8d       	ldd	r24, Y+24	; 0x18
    2170:	99 8d       	ldd	r25, Y+25	; 0x19
    2172:	0e 94 4b 12 	call	0x2496	; 0x2496 <__cmpsf2>
    2176:	88 23       	and	r24, r24
    2178:	09 f0       	breq	.+2      	; 0x217c <main+0x71e>
    217a:	42 c0       	rjmp	.+132    	; 0x2200 <main+0x7a2>
									double x = -b_val / (2 * a_val);
    217c:	8d 85       	ldd	r24, Y+13	; 0x0d
    217e:	9e 85       	ldd	r25, Y+14	; 0x0e
    2180:	af 85       	ldd	r26, Y+15	; 0x0f
    2182:	b8 89       	ldd	r27, Y+16	; 0x10
    2184:	6c 01       	movw	r12, r24
    2186:	7d 01       	movw	r14, r26
    2188:	f7 fa       	bst	r15, 7
    218a:	f0 94       	com	r15
    218c:	f7 f8       	bld	r15, 7
    218e:	f0 94       	com	r15
    2190:	89 85       	ldd	r24, Y+9	; 0x09
    2192:	9a 85       	ldd	r25, Y+10	; 0x0a
    2194:	ab 85       	ldd	r26, Y+11	; 0x0b
    2196:	bc 85       	ldd	r27, Y+12	; 0x0c
    2198:	9c 01       	movw	r18, r24
    219a:	ad 01       	movw	r20, r26
    219c:	bc 01       	movw	r22, r24
    219e:	cd 01       	movw	r24, r26
    21a0:	0e 94 df 11 	call	0x23be	; 0x23be <__addsf3>
    21a4:	dc 01       	movw	r26, r24
    21a6:	cb 01       	movw	r24, r22
    21a8:	9c 01       	movw	r18, r24
    21aa:	ad 01       	movw	r20, r26
    21ac:	c7 01       	movw	r24, r14
    21ae:	b6 01       	movw	r22, r12
    21b0:	0e 94 55 12 	call	0x24aa	; 0x24aa <__divsf3>
    21b4:	dc 01       	movw	r26, r24
    21b6:	cb 01       	movw	r24, r22
    21b8:	8a 8f       	std	Y+26, r24	; 0x1a
    21ba:	9b 8f       	std	Y+27, r25	; 0x1b
    21bc:	ac 8f       	std	Y+28, r26	; 0x1c
    21be:	bd 8f       	std	Y+29, r27	; 0x1d
									GLCD_String("Nghiem kep:");
    21c0:	83 ef       	ldi	r24, 0xF3	; 243
    21c2:	91 e0       	ldi	r25, 0x01	; 1
    21c4:	0e 94 72 05 	call	0xae4	; 0xae4 <GLCD_String>
									GLCD_SetCursor(2, 0); GLCD_String("x = ");
    21c8:	60 e0       	ldi	r22, 0x00	; 0
    21ca:	82 e0       	ldi	r24, 0x02	; 2
    21cc:	0e 94 9f 04 	call	0x93e	; 0x93e <GLCD_SetCursor>
    21d0:	8f ef       	ldi	r24, 0xFF	; 255
    21d2:	91 e0       	ldi	r25, 0x01	; 1
    21d4:	0e 94 72 05 	call	0xae4	; 0xae4 <GLCD_String>
									dtostrf(x, 6, 2, display_str); GLCD_String(display_str);
    21d8:	9e 01       	movw	r18, r28
    21da:	20 59       	subi	r18, 0x90	; 144
    21dc:	3f 4f       	sbci	r19, 0xFF	; 255
    21de:	8a 8d       	ldd	r24, Y+26	; 0x1a
    21e0:	9b 8d       	ldd	r25, Y+27	; 0x1b
    21e2:	ac 8d       	ldd	r26, Y+28	; 0x1c
    21e4:	bd 8d       	ldd	r27, Y+29	; 0x1d
    21e6:	89 01       	movw	r16, r18
    21e8:	22 e0       	ldi	r18, 0x02	; 2
    21ea:	46 e0       	ldi	r20, 0x06	; 6
    21ec:	bc 01       	movw	r22, r24
    21ee:	cd 01       	movw	r24, r26
    21f0:	0e 94 6c 16 	call	0x2cd8	; 0x2cd8 <dtostrf>
    21f4:	ce 01       	movw	r24, r28
    21f6:	80 59       	subi	r24, 0x90	; 144
    21f8:	9f 4f       	sbci	r25, 0xFF	; 255
    21fa:	0e 94 72 05 	call	0xae4	; 0xae4 <GLCD_String>
    21fe:	9e c0       	rjmp	.+316    	; 0x233c <main+0x8de>
									} else {
									double x1 = (-b_val + sqrt(delta)) / (2 * a_val);
    2200:	8e 89       	ldd	r24, Y+22	; 0x16
    2202:	9f 89       	ldd	r25, Y+23	; 0x17
    2204:	a8 8d       	ldd	r26, Y+24	; 0x18
    2206:	b9 8d       	ldd	r27, Y+25	; 0x19
    2208:	bc 01       	movw	r22, r24
    220a:	cd 01       	movw	r24, r26
    220c:	0e 94 7a 14 	call	0x28f4	; 0x28f4 <sqrt>
    2210:	dc 01       	movw	r26, r24
    2212:	cb 01       	movw	r24, r22
    2214:	2d 85       	ldd	r18, Y+13	; 0x0d
    2216:	3e 85       	ldd	r19, Y+14	; 0x0e
    2218:	4f 85       	ldd	r20, Y+15	; 0x0f
    221a:	58 89       	ldd	r21, Y+16	; 0x10
    221c:	bc 01       	movw	r22, r24
    221e:	cd 01       	movw	r24, r26
    2220:	0e 94 de 11 	call	0x23bc	; 0x23bc <__subsf3>
    2224:	dc 01       	movw	r26, r24
    2226:	cb 01       	movw	r24, r22
    2228:	6c 01       	movw	r12, r24
    222a:	7d 01       	movw	r14, r26
    222c:	89 85       	ldd	r24, Y+9	; 0x09
    222e:	9a 85       	ldd	r25, Y+10	; 0x0a
    2230:	ab 85       	ldd	r26, Y+11	; 0x0b
    2232:	bc 85       	ldd	r27, Y+12	; 0x0c
    2234:	9c 01       	movw	r18, r24
    2236:	ad 01       	movw	r20, r26
    2238:	bc 01       	movw	r22, r24
    223a:	cd 01       	movw	r24, r26
    223c:	0e 94 df 11 	call	0x23be	; 0x23be <__addsf3>
    2240:	dc 01       	movw	r26, r24
    2242:	cb 01       	movw	r24, r22
    2244:	9c 01       	movw	r18, r24
    2246:	ad 01       	movw	r20, r26
    2248:	c7 01       	movw	r24, r14
    224a:	b6 01       	movw	r22, r12
    224c:	0e 94 55 12 	call	0x24aa	; 0x24aa <__divsf3>
    2250:	dc 01       	movw	r26, r24
    2252:	cb 01       	movw	r24, r22
    2254:	8e 8f       	std	Y+30, r24	; 0x1e
    2256:	9f 8f       	std	Y+31, r25	; 0x1f
    2258:	a8 a3       	std	Y+32, r26	; 0x20
    225a:	b9 a3       	std	Y+33, r27	; 0x21
									double x2 = (-b_val - sqrt(delta)) / (2 * a_val);
    225c:	8d 85       	ldd	r24, Y+13	; 0x0d
    225e:	9e 85       	ldd	r25, Y+14	; 0x0e
    2260:	af 85       	ldd	r26, Y+15	; 0x0f
    2262:	b8 89       	ldd	r27, Y+16	; 0x10
    2264:	6c 01       	movw	r12, r24
    2266:	7d 01       	movw	r14, r26
    2268:	f7 fa       	bst	r15, 7
    226a:	f0 94       	com	r15
    226c:	f7 f8       	bld	r15, 7
    226e:	f0 94       	com	r15
    2270:	8e 89       	ldd	r24, Y+22	; 0x16
    2272:	9f 89       	ldd	r25, Y+23	; 0x17
    2274:	a8 8d       	ldd	r26, Y+24	; 0x18
    2276:	b9 8d       	ldd	r27, Y+25	; 0x19
    2278:	bc 01       	movw	r22, r24
    227a:	cd 01       	movw	r24, r26
    227c:	0e 94 7a 14 	call	0x28f4	; 0x28f4 <sqrt>
    2280:	dc 01       	movw	r26, r24
    2282:	cb 01       	movw	r24, r22
    2284:	9c 01       	movw	r18, r24
    2286:	ad 01       	movw	r20, r26
    2288:	c7 01       	movw	r24, r14
    228a:	b6 01       	movw	r22, r12
    228c:	0e 94 de 11 	call	0x23bc	; 0x23bc <__subsf3>
    2290:	dc 01       	movw	r26, r24
    2292:	cb 01       	movw	r24, r22
    2294:	6c 01       	movw	r12, r24
    2296:	7d 01       	movw	r14, r26
    2298:	89 85       	ldd	r24, Y+9	; 0x09
    229a:	9a 85       	ldd	r25, Y+10	; 0x0a
    229c:	ab 85       	ldd	r26, Y+11	; 0x0b
    229e:	bc 85       	ldd	r27, Y+12	; 0x0c
    22a0:	9c 01       	movw	r18, r24
    22a2:	ad 01       	movw	r20, r26
    22a4:	bc 01       	movw	r22, r24
    22a6:	cd 01       	movw	r24, r26
    22a8:	0e 94 df 11 	call	0x23be	; 0x23be <__addsf3>
    22ac:	dc 01       	movw	r26, r24
    22ae:	cb 01       	movw	r24, r22
    22b0:	9c 01       	movw	r18, r24
    22b2:	ad 01       	movw	r20, r26
    22b4:	c7 01       	movw	r24, r14
    22b6:	b6 01       	movw	r22, r12
    22b8:	0e 94 55 12 	call	0x24aa	; 0x24aa <__divsf3>
    22bc:	dc 01       	movw	r26, r24
    22be:	cb 01       	movw	r24, r22
    22c0:	8a a3       	std	Y+34, r24	; 0x22
    22c2:	9b a3       	std	Y+35, r25	; 0x23
    22c4:	ac a3       	std	Y+36, r26	; 0x24
    22c6:	bd a3       	std	Y+37, r27	; 0x25
									GLCD_String("2 nghiem phan biet:");
    22c8:	84 e0       	ldi	r24, 0x04	; 4
    22ca:	92 e0       	ldi	r25, 0x02	; 2
    22cc:	0e 94 72 05 	call	0xae4	; 0xae4 <GLCD_String>
									GLCD_SetCursor(2, 0); GLCD_String("x1 = ");
    22d0:	60 e0       	ldi	r22, 0x00	; 0
    22d2:	82 e0       	ldi	r24, 0x02	; 2
    22d4:	0e 94 9f 04 	call	0x93e	; 0x93e <GLCD_SetCursor>
    22d8:	88 e1       	ldi	r24, 0x18	; 24
    22da:	92 e0       	ldi	r25, 0x02	; 2
    22dc:	0e 94 72 05 	call	0xae4	; 0xae4 <GLCD_String>
									dtostrf(x1, 6, 2, display_str); GLCD_String(display_str);
    22e0:	9e 01       	movw	r18, r28
    22e2:	20 59       	subi	r18, 0x90	; 144
    22e4:	3f 4f       	sbci	r19, 0xFF	; 255
    22e6:	8e 8d       	ldd	r24, Y+30	; 0x1e
    22e8:	9f 8d       	ldd	r25, Y+31	; 0x1f
    22ea:	a8 a1       	ldd	r26, Y+32	; 0x20
    22ec:	b9 a1       	ldd	r27, Y+33	; 0x21
    22ee:	89 01       	movw	r16, r18
    22f0:	22 e0       	ldi	r18, 0x02	; 2
    22f2:	46 e0       	ldi	r20, 0x06	; 6
    22f4:	bc 01       	movw	r22, r24
    22f6:	cd 01       	movw	r24, r26
    22f8:	0e 94 6c 16 	call	0x2cd8	; 0x2cd8 <dtostrf>
    22fc:	ce 01       	movw	r24, r28
    22fe:	80 59       	subi	r24, 0x90	; 144
    2300:	9f 4f       	sbci	r25, 0xFF	; 255
    2302:	0e 94 72 05 	call	0xae4	; 0xae4 <GLCD_String>
									GLCD_SetCursor(4, 0); GLCD_String("x2 = ");
    2306:	60 e0       	ldi	r22, 0x00	; 0
    2308:	84 e0       	ldi	r24, 0x04	; 4
    230a:	0e 94 9f 04 	call	0x93e	; 0x93e <GLCD_SetCursor>
    230e:	8e e1       	ldi	r24, 0x1E	; 30
    2310:	92 e0       	ldi	r25, 0x02	; 2
    2312:	0e 94 72 05 	call	0xae4	; 0xae4 <GLCD_String>
									dtostrf(x2, 6, 2, display_str); GLCD_String(display_str);
    2316:	9e 01       	movw	r18, r28
    2318:	20 59       	subi	r18, 0x90	; 144
    231a:	3f 4f       	sbci	r19, 0xFF	; 255
    231c:	8a a1       	ldd	r24, Y+34	; 0x22
    231e:	9b a1       	ldd	r25, Y+35	; 0x23
    2320:	ac a1       	ldd	r26, Y+36	; 0x24
    2322:	bd a1       	ldd	r27, Y+37	; 0x25
    2324:	89 01       	movw	r16, r18
    2326:	22 e0       	ldi	r18, 0x02	; 2
    2328:	46 e0       	ldi	r20, 0x06	; 6
    232a:	bc 01       	movw	r22, r24
    232c:	cd 01       	movw	r24, r26
    232e:	0e 94 6c 16 	call	0x2cd8	; 0x2cd8 <dtostrf>
    2332:	ce 01       	movw	r24, r28
    2334:	80 59       	subi	r24, 0x90	; 144
    2336:	9f 4f       	sbci	r25, 0xFF	; 255
    2338:	0e 94 72 05 	call	0xae4	; 0xae4 <GLCD_String>
								}
							}
							eq_step = 3;
    233c:	83 e0       	ldi	r24, 0x03	; 3
    233e:	88 87       	std	Y+8, r24	; 0x08
    2340:	51 cc       	rjmp	.-1886   	; 0x1be4 <main+0x186>
						}
						else if (eq_step == 3) {
    2342:	88 85       	ldd	r24, Y+8	; 0x08
    2344:	83 30       	cpi	r24, 0x03	; 3
    2346:	09 f0       	breq	.+2      	; 0x234a <main+0x8ec>
    2348:	4d cc       	rjmp	.-1894   	; 0x1be4 <main+0x186>
							state = STATE_NORMAL; b_idx = 0; buffer[0]='\0'; GLCD_Clear();
    234a:	19 82       	std	Y+1, r1	; 0x01
    234c:	1a 82       	std	Y+2, r1	; 0x02
    234e:	1c aa       	std	Y+52, r1	; 0x34
    2350:	0e 94 ce 04 	call	0x99c	; 0x99c <GLCD_Clear>
    2354:	47 cc       	rjmp	.-1906   	; 0x1be4 <main+0x186>
						}
					}
					else {
						if ((key >= '0' && key <= '9') || key == '.' || key == '-') {
    2356:	8d 89       	ldd	r24, Y+21	; 0x15
    2358:	80 33       	cpi	r24, 0x30	; 48
    235a:	18 f0       	brcs	.+6      	; 0x2362 <main+0x904>
    235c:	8d 89       	ldd	r24, Y+21	; 0x15
    235e:	8a 33       	cpi	r24, 0x3A	; 58
    2360:	38 f0       	brcs	.+14     	; 0x2370 <main+0x912>
    2362:	8d 89       	ldd	r24, Y+21	; 0x15
    2364:	8e 32       	cpi	r24, 0x2E	; 46
    2366:	21 f0       	breq	.+8      	; 0x2370 <main+0x912>
    2368:	8d 89       	ldd	r24, Y+21	; 0x15
    236a:	8d 32       	cpi	r24, 0x2D	; 45
    236c:	09 f0       	breq	.+2      	; 0x2370 <main+0x912>
    236e:	3a cc       	rjmp	.-1932   	; 0x1be4 <main+0x186>
							if (b_idx < 10) {
    2370:	8a 81       	ldd	r24, Y+2	; 0x02
    2372:	8a 30       	cpi	r24, 0x0A	; 10
    2374:	08 f0       	brcs	.+2      	; 0x2378 <main+0x91a>
    2376:	36 cc       	rjmp	.-1940   	; 0x1be4 <main+0x186>
								buffer[b_idx++] = key; buffer[b_idx] = '\0';
    2378:	8a 81       	ldd	r24, Y+2	; 0x02
    237a:	91 e0       	ldi	r25, 0x01	; 1
    237c:	98 0f       	add	r25, r24
    237e:	9a 83       	std	Y+2, r25	; 0x02
    2380:	88 2f       	mov	r24, r24
    2382:	90 e0       	ldi	r25, 0x00	; 0
    2384:	9e 01       	movw	r18, r28
    2386:	2c 5c       	subi	r18, 0xCC	; 204
    2388:	3f 4f       	sbci	r19, 0xFF	; 255
    238a:	82 0f       	add	r24, r18
    238c:	93 1f       	adc	r25, r19
    238e:	2d 89       	ldd	r18, Y+21	; 0x15
    2390:	fc 01       	movw	r30, r24
    2392:	20 83       	st	Z, r18
    2394:	8a 81       	ldd	r24, Y+2	; 0x02
    2396:	88 2f       	mov	r24, r24
    2398:	90 e0       	ldi	r25, 0x00	; 0
    239a:	9e 01       	movw	r18, r28
    239c:	2c 5c       	subi	r18, 0xCC	; 204
    239e:	3f 4f       	sbci	r19, 0xFF	; 255
    23a0:	82 0f       	add	r24, r18
    23a2:	93 1f       	adc	r25, r19
    23a4:	fc 01       	movw	r30, r24
    23a6:	10 82       	st	Z, r1
								GLCD_SetCursor(2 + eq_step, 54);
    23a8:	88 85       	ldd	r24, Y+8	; 0x08
    23aa:	8e 5f       	subi	r24, 0xFE	; 254
    23ac:	66 e3       	ldi	r22, 0x36	; 54
    23ae:	0e 94 9f 04 	call	0x93e	; 0x93e <GLCD_SetCursor>
								GLCD_String(buffer);
    23b2:	ce 01       	movw	r24, r28
    23b4:	c4 96       	adiw	r24, 0x34	; 52
    23b6:	0e 94 72 05 	call	0xae4	; 0xae4 <GLCD_String>
							}
						}
					}
				}
			}
		}
    23ba:	14 cc       	rjmp	.-2008   	; 0x1be4 <main+0x186>

000023bc <__subsf3>:
    23bc:	50 58       	subi	r21, 0x80	; 128

000023be <__addsf3>:
    23be:	bb 27       	eor	r27, r27
    23c0:	aa 27       	eor	r26, r26
    23c2:	0e 94 f6 11 	call	0x23ec	; 0x23ec <__addsf3x>
    23c6:	0c 94 5c 13 	jmp	0x26b8	; 0x26b8 <__fp_round>
    23ca:	0e 94 23 13 	call	0x2646	; 0x2646 <__fp_pscA>
    23ce:	38 f0       	brcs	.+14     	; 0x23de <__addsf3+0x20>
    23d0:	0e 94 2a 13 	call	0x2654	; 0x2654 <__fp_pscB>
    23d4:	20 f0       	brcs	.+8      	; 0x23de <__addsf3+0x20>
    23d6:	39 f4       	brne	.+14     	; 0x23e6 <__addsf3+0x28>
    23d8:	9f 3f       	cpi	r25, 0xFF	; 255
    23da:	19 f4       	brne	.+6      	; 0x23e2 <__addsf3+0x24>
    23dc:	26 f4       	brtc	.+8      	; 0x23e6 <__addsf3+0x28>
    23de:	0c 94 20 13 	jmp	0x2640	; 0x2640 <__fp_nan>
    23e2:	0e f4       	brtc	.+2      	; 0x23e6 <__addsf3+0x28>
    23e4:	e0 95       	com	r30
    23e6:	e7 fb       	bst	r30, 7
    23e8:	0c 94 1a 13 	jmp	0x2634	; 0x2634 <__fp_inf>

000023ec <__addsf3x>:
    23ec:	e9 2f       	mov	r30, r25
    23ee:	0e 94 81 13 	call	0x2702	; 0x2702 <__fp_split3>
    23f2:	58 f3       	brcs	.-42     	; 0x23ca <__addsf3+0xc>
    23f4:	ba 17       	cp	r27, r26
    23f6:	62 07       	cpc	r22, r18
    23f8:	73 07       	cpc	r23, r19
    23fa:	84 07       	cpc	r24, r20
    23fc:	95 07       	cpc	r25, r21
    23fe:	20 f0       	brcs	.+8      	; 0x2408 <__addsf3x+0x1c>
    2400:	79 f4       	brne	.+30     	; 0x2420 <__addsf3x+0x34>
    2402:	a6 f5       	brtc	.+104    	; 0x246c <__addsf3x+0x80>
    2404:	0c 94 a3 13 	jmp	0x2746	; 0x2746 <__fp_zero>
    2408:	0e f4       	brtc	.+2      	; 0x240c <__addsf3x+0x20>
    240a:	e0 95       	com	r30
    240c:	0b 2e       	mov	r0, r27
    240e:	ba 2f       	mov	r27, r26
    2410:	a0 2d       	mov	r26, r0
    2412:	0b 01       	movw	r0, r22
    2414:	b9 01       	movw	r22, r18
    2416:	90 01       	movw	r18, r0
    2418:	0c 01       	movw	r0, r24
    241a:	ca 01       	movw	r24, r20
    241c:	a0 01       	movw	r20, r0
    241e:	11 24       	eor	r1, r1
    2420:	ff 27       	eor	r31, r31
    2422:	59 1b       	sub	r21, r25
    2424:	99 f0       	breq	.+38     	; 0x244c <__addsf3x+0x60>
    2426:	59 3f       	cpi	r21, 0xF9	; 249
    2428:	50 f4       	brcc	.+20     	; 0x243e <__addsf3x+0x52>
    242a:	50 3e       	cpi	r21, 0xE0	; 224
    242c:	68 f1       	brcs	.+90     	; 0x2488 <__addsf3x+0x9c>
    242e:	1a 16       	cp	r1, r26
    2430:	f0 40       	sbci	r31, 0x00	; 0
    2432:	a2 2f       	mov	r26, r18
    2434:	23 2f       	mov	r18, r19
    2436:	34 2f       	mov	r19, r20
    2438:	44 27       	eor	r20, r20
    243a:	58 5f       	subi	r21, 0xF8	; 248
    243c:	f3 cf       	rjmp	.-26     	; 0x2424 <__addsf3x+0x38>
    243e:	46 95       	lsr	r20
    2440:	37 95       	ror	r19
    2442:	27 95       	ror	r18
    2444:	a7 95       	ror	r26
    2446:	f0 40       	sbci	r31, 0x00	; 0
    2448:	53 95       	inc	r21
    244a:	c9 f7       	brne	.-14     	; 0x243e <__addsf3x+0x52>
    244c:	7e f4       	brtc	.+30     	; 0x246c <__addsf3x+0x80>
    244e:	1f 16       	cp	r1, r31
    2450:	ba 0b       	sbc	r27, r26
    2452:	62 0b       	sbc	r22, r18
    2454:	73 0b       	sbc	r23, r19
    2456:	84 0b       	sbc	r24, r20
    2458:	ba f0       	brmi	.+46     	; 0x2488 <__addsf3x+0x9c>
    245a:	91 50       	subi	r25, 0x01	; 1
    245c:	a1 f0       	breq	.+40     	; 0x2486 <__addsf3x+0x9a>
    245e:	ff 0f       	add	r31, r31
    2460:	bb 1f       	adc	r27, r27
    2462:	66 1f       	adc	r22, r22
    2464:	77 1f       	adc	r23, r23
    2466:	88 1f       	adc	r24, r24
    2468:	c2 f7       	brpl	.-16     	; 0x245a <__addsf3x+0x6e>
    246a:	0e c0       	rjmp	.+28     	; 0x2488 <__addsf3x+0x9c>
    246c:	ba 0f       	add	r27, r26
    246e:	62 1f       	adc	r22, r18
    2470:	73 1f       	adc	r23, r19
    2472:	84 1f       	adc	r24, r20
    2474:	48 f4       	brcc	.+18     	; 0x2488 <__addsf3x+0x9c>
    2476:	87 95       	ror	r24
    2478:	77 95       	ror	r23
    247a:	67 95       	ror	r22
    247c:	b7 95       	ror	r27
    247e:	f7 95       	ror	r31
    2480:	9e 3f       	cpi	r25, 0xFE	; 254
    2482:	08 f0       	brcs	.+2      	; 0x2486 <__addsf3x+0x9a>
    2484:	b0 cf       	rjmp	.-160    	; 0x23e6 <__addsf3+0x28>
    2486:	93 95       	inc	r25
    2488:	88 0f       	add	r24, r24
    248a:	08 f0       	brcs	.+2      	; 0x248e <__addsf3x+0xa2>
    248c:	99 27       	eor	r25, r25
    248e:	ee 0f       	add	r30, r30
    2490:	97 95       	ror	r25
    2492:	87 95       	ror	r24
    2494:	08 95       	ret

00002496 <__cmpsf2>:
    2496:	0e 94 f6 12 	call	0x25ec	; 0x25ec <__fp_cmp>
    249a:	08 f4       	brcc	.+2      	; 0x249e <__cmpsf2+0x8>
    249c:	81 e0       	ldi	r24, 0x01	; 1
    249e:	08 95       	ret

000024a0 <cos>:
    24a0:	0e 94 33 13 	call	0x2666	; 0x2666 <__fp_rempio2>
    24a4:	e3 95       	inc	r30
    24a6:	0c 94 6d 13 	jmp	0x26da	; 0x26da <__fp_sinus>

000024aa <__divsf3>:
    24aa:	0e 94 69 12 	call	0x24d2	; 0x24d2 <__divsf3x>
    24ae:	0c 94 5c 13 	jmp	0x26b8	; 0x26b8 <__fp_round>
    24b2:	0e 94 2a 13 	call	0x2654	; 0x2654 <__fp_pscB>
    24b6:	58 f0       	brcs	.+22     	; 0x24ce <__divsf3+0x24>
    24b8:	0e 94 23 13 	call	0x2646	; 0x2646 <__fp_pscA>
    24bc:	40 f0       	brcs	.+16     	; 0x24ce <__divsf3+0x24>
    24be:	29 f4       	brne	.+10     	; 0x24ca <__divsf3+0x20>
    24c0:	5f 3f       	cpi	r21, 0xFF	; 255
    24c2:	29 f0       	breq	.+10     	; 0x24ce <__divsf3+0x24>
    24c4:	0c 94 1a 13 	jmp	0x2634	; 0x2634 <__fp_inf>
    24c8:	51 11       	cpse	r21, r1
    24ca:	0c 94 a4 13 	jmp	0x2748	; 0x2748 <__fp_szero>
    24ce:	0c 94 20 13 	jmp	0x2640	; 0x2640 <__fp_nan>

000024d2 <__divsf3x>:
    24d2:	0e 94 81 13 	call	0x2702	; 0x2702 <__fp_split3>
    24d6:	68 f3       	brcs	.-38     	; 0x24b2 <__divsf3+0x8>

000024d8 <__divsf3_pse>:
    24d8:	99 23       	and	r25, r25
    24da:	b1 f3       	breq	.-20     	; 0x24c8 <__divsf3+0x1e>
    24dc:	55 23       	and	r21, r21
    24de:	91 f3       	breq	.-28     	; 0x24c4 <__divsf3+0x1a>
    24e0:	95 1b       	sub	r25, r21
    24e2:	55 0b       	sbc	r21, r21
    24e4:	bb 27       	eor	r27, r27
    24e6:	aa 27       	eor	r26, r26
    24e8:	62 17       	cp	r22, r18
    24ea:	73 07       	cpc	r23, r19
    24ec:	84 07       	cpc	r24, r20
    24ee:	38 f0       	brcs	.+14     	; 0x24fe <__divsf3_pse+0x26>
    24f0:	9f 5f       	subi	r25, 0xFF	; 255
    24f2:	5f 4f       	sbci	r21, 0xFF	; 255
    24f4:	22 0f       	add	r18, r18
    24f6:	33 1f       	adc	r19, r19
    24f8:	44 1f       	adc	r20, r20
    24fa:	aa 1f       	adc	r26, r26
    24fc:	a9 f3       	breq	.-22     	; 0x24e8 <__divsf3_pse+0x10>
    24fe:	35 d0       	rcall	.+106    	; 0x256a <__divsf3_pse+0x92>
    2500:	0e 2e       	mov	r0, r30
    2502:	3a f0       	brmi	.+14     	; 0x2512 <__divsf3_pse+0x3a>
    2504:	e0 e8       	ldi	r30, 0x80	; 128
    2506:	32 d0       	rcall	.+100    	; 0x256c <__divsf3_pse+0x94>
    2508:	91 50       	subi	r25, 0x01	; 1
    250a:	50 40       	sbci	r21, 0x00	; 0
    250c:	e6 95       	lsr	r30
    250e:	00 1c       	adc	r0, r0
    2510:	ca f7       	brpl	.-14     	; 0x2504 <__divsf3_pse+0x2c>
    2512:	2b d0       	rcall	.+86     	; 0x256a <__divsf3_pse+0x92>
    2514:	fe 2f       	mov	r31, r30
    2516:	29 d0       	rcall	.+82     	; 0x256a <__divsf3_pse+0x92>
    2518:	66 0f       	add	r22, r22
    251a:	77 1f       	adc	r23, r23
    251c:	88 1f       	adc	r24, r24
    251e:	bb 1f       	adc	r27, r27
    2520:	26 17       	cp	r18, r22
    2522:	37 07       	cpc	r19, r23
    2524:	48 07       	cpc	r20, r24
    2526:	ab 07       	cpc	r26, r27
    2528:	b0 e8       	ldi	r27, 0x80	; 128
    252a:	09 f0       	breq	.+2      	; 0x252e <__divsf3_pse+0x56>
    252c:	bb 0b       	sbc	r27, r27
    252e:	80 2d       	mov	r24, r0
    2530:	bf 01       	movw	r22, r30
    2532:	ff 27       	eor	r31, r31
    2534:	93 58       	subi	r25, 0x83	; 131
    2536:	5f 4f       	sbci	r21, 0xFF	; 255
    2538:	3a f0       	brmi	.+14     	; 0x2548 <__divsf3_pse+0x70>
    253a:	9e 3f       	cpi	r25, 0xFE	; 254
    253c:	51 05       	cpc	r21, r1
    253e:	78 f0       	brcs	.+30     	; 0x255e <__divsf3_pse+0x86>
    2540:	0c 94 1a 13 	jmp	0x2634	; 0x2634 <__fp_inf>
    2544:	0c 94 a4 13 	jmp	0x2748	; 0x2748 <__fp_szero>
    2548:	5f 3f       	cpi	r21, 0xFF	; 255
    254a:	e4 f3       	brlt	.-8      	; 0x2544 <__divsf3_pse+0x6c>
    254c:	98 3e       	cpi	r25, 0xE8	; 232
    254e:	d4 f3       	brlt	.-12     	; 0x2544 <__divsf3_pse+0x6c>
    2550:	86 95       	lsr	r24
    2552:	77 95       	ror	r23
    2554:	67 95       	ror	r22
    2556:	b7 95       	ror	r27
    2558:	f7 95       	ror	r31
    255a:	9f 5f       	subi	r25, 0xFF	; 255
    255c:	c9 f7       	brne	.-14     	; 0x2550 <__divsf3_pse+0x78>
    255e:	88 0f       	add	r24, r24
    2560:	91 1d       	adc	r25, r1
    2562:	96 95       	lsr	r25
    2564:	87 95       	ror	r24
    2566:	97 f9       	bld	r25, 7
    2568:	08 95       	ret
    256a:	e1 e0       	ldi	r30, 0x01	; 1
    256c:	66 0f       	add	r22, r22
    256e:	77 1f       	adc	r23, r23
    2570:	88 1f       	adc	r24, r24
    2572:	bb 1f       	adc	r27, r27
    2574:	62 17       	cp	r22, r18
    2576:	73 07       	cpc	r23, r19
    2578:	84 07       	cpc	r24, r20
    257a:	ba 07       	cpc	r27, r26
    257c:	20 f0       	brcs	.+8      	; 0x2586 <__divsf3_pse+0xae>
    257e:	62 1b       	sub	r22, r18
    2580:	73 0b       	sbc	r23, r19
    2582:	84 0b       	sbc	r24, r20
    2584:	ba 0b       	sbc	r27, r26
    2586:	ee 1f       	adc	r30, r30
    2588:	88 f7       	brcc	.-30     	; 0x256c <__divsf3_pse+0x94>
    258a:	e0 95       	com	r30
    258c:	08 95       	ret

0000258e <__fixunssfsi>:
    258e:	0e 94 89 13 	call	0x2712	; 0x2712 <__fp_splitA>
    2592:	88 f0       	brcs	.+34     	; 0x25b6 <__fixunssfsi+0x28>
    2594:	9f 57       	subi	r25, 0x7F	; 127
    2596:	98 f0       	brcs	.+38     	; 0x25be <__fixunssfsi+0x30>
    2598:	b9 2f       	mov	r27, r25
    259a:	99 27       	eor	r25, r25
    259c:	b7 51       	subi	r27, 0x17	; 23
    259e:	b0 f0       	brcs	.+44     	; 0x25cc <__fixunssfsi+0x3e>
    25a0:	e1 f0       	breq	.+56     	; 0x25da <__fixunssfsi+0x4c>
    25a2:	66 0f       	add	r22, r22
    25a4:	77 1f       	adc	r23, r23
    25a6:	88 1f       	adc	r24, r24
    25a8:	99 1f       	adc	r25, r25
    25aa:	1a f0       	brmi	.+6      	; 0x25b2 <__fixunssfsi+0x24>
    25ac:	ba 95       	dec	r27
    25ae:	c9 f7       	brne	.-14     	; 0x25a2 <__fixunssfsi+0x14>
    25b0:	14 c0       	rjmp	.+40     	; 0x25da <__fixunssfsi+0x4c>
    25b2:	b1 30       	cpi	r27, 0x01	; 1
    25b4:	91 f0       	breq	.+36     	; 0x25da <__fixunssfsi+0x4c>
    25b6:	0e 94 a3 13 	call	0x2746	; 0x2746 <__fp_zero>
    25ba:	b1 e0       	ldi	r27, 0x01	; 1
    25bc:	08 95       	ret
    25be:	0c 94 a3 13 	jmp	0x2746	; 0x2746 <__fp_zero>
    25c2:	67 2f       	mov	r22, r23
    25c4:	78 2f       	mov	r23, r24
    25c6:	88 27       	eor	r24, r24
    25c8:	b8 5f       	subi	r27, 0xF8	; 248
    25ca:	39 f0       	breq	.+14     	; 0x25da <__fixunssfsi+0x4c>
    25cc:	b9 3f       	cpi	r27, 0xF9	; 249
    25ce:	cc f3       	brlt	.-14     	; 0x25c2 <__fixunssfsi+0x34>
    25d0:	86 95       	lsr	r24
    25d2:	77 95       	ror	r23
    25d4:	67 95       	ror	r22
    25d6:	b3 95       	inc	r27
    25d8:	d9 f7       	brne	.-10     	; 0x25d0 <__fixunssfsi+0x42>
    25da:	3e f4       	brtc	.+14     	; 0x25ea <__fixunssfsi+0x5c>
    25dc:	90 95       	com	r25
    25de:	80 95       	com	r24
    25e0:	70 95       	com	r23
    25e2:	61 95       	neg	r22
    25e4:	7f 4f       	sbci	r23, 0xFF	; 255
    25e6:	8f 4f       	sbci	r24, 0xFF	; 255
    25e8:	9f 4f       	sbci	r25, 0xFF	; 255
    25ea:	08 95       	ret

000025ec <__fp_cmp>:
    25ec:	99 0f       	add	r25, r25
    25ee:	00 08       	sbc	r0, r0
    25f0:	55 0f       	add	r21, r21
    25f2:	aa 0b       	sbc	r26, r26
    25f4:	e0 e8       	ldi	r30, 0x80	; 128
    25f6:	fe ef       	ldi	r31, 0xFE	; 254
    25f8:	16 16       	cp	r1, r22
    25fa:	17 06       	cpc	r1, r23
    25fc:	e8 07       	cpc	r30, r24
    25fe:	f9 07       	cpc	r31, r25
    2600:	c0 f0       	brcs	.+48     	; 0x2632 <__fp_cmp+0x46>
    2602:	12 16       	cp	r1, r18
    2604:	13 06       	cpc	r1, r19
    2606:	e4 07       	cpc	r30, r20
    2608:	f5 07       	cpc	r31, r21
    260a:	98 f0       	brcs	.+38     	; 0x2632 <__fp_cmp+0x46>
    260c:	62 1b       	sub	r22, r18
    260e:	73 0b       	sbc	r23, r19
    2610:	84 0b       	sbc	r24, r20
    2612:	95 0b       	sbc	r25, r21
    2614:	39 f4       	brne	.+14     	; 0x2624 <__fp_cmp+0x38>
    2616:	0a 26       	eor	r0, r26
    2618:	61 f0       	breq	.+24     	; 0x2632 <__fp_cmp+0x46>
    261a:	23 2b       	or	r18, r19
    261c:	24 2b       	or	r18, r20
    261e:	25 2b       	or	r18, r21
    2620:	21 f4       	brne	.+8      	; 0x262a <__fp_cmp+0x3e>
    2622:	08 95       	ret
    2624:	0a 26       	eor	r0, r26
    2626:	09 f4       	brne	.+2      	; 0x262a <__fp_cmp+0x3e>
    2628:	a1 40       	sbci	r26, 0x01	; 1
    262a:	a6 95       	lsr	r26
    262c:	8f ef       	ldi	r24, 0xFF	; 255
    262e:	81 1d       	adc	r24, r1
    2630:	81 1d       	adc	r24, r1
    2632:	08 95       	ret

00002634 <__fp_inf>:
    2634:	97 f9       	bld	r25, 7
    2636:	9f 67       	ori	r25, 0x7F	; 127
    2638:	80 e8       	ldi	r24, 0x80	; 128
    263a:	70 e0       	ldi	r23, 0x00	; 0
    263c:	60 e0       	ldi	r22, 0x00	; 0
    263e:	08 95       	ret

00002640 <__fp_nan>:
    2640:	9f ef       	ldi	r25, 0xFF	; 255
    2642:	80 ec       	ldi	r24, 0xC0	; 192
    2644:	08 95       	ret

00002646 <__fp_pscA>:
    2646:	00 24       	eor	r0, r0
    2648:	0a 94       	dec	r0
    264a:	16 16       	cp	r1, r22
    264c:	17 06       	cpc	r1, r23
    264e:	18 06       	cpc	r1, r24
    2650:	09 06       	cpc	r0, r25
    2652:	08 95       	ret

00002654 <__fp_pscB>:
    2654:	00 24       	eor	r0, r0
    2656:	0a 94       	dec	r0
    2658:	12 16       	cp	r1, r18
    265a:	13 06       	cpc	r1, r19
    265c:	14 06       	cpc	r1, r20
    265e:	05 06       	cpc	r0, r21
    2660:	08 95       	ret
    2662:	0c 94 20 13 	jmp	0x2640	; 0x2640 <__fp_nan>

00002666 <__fp_rempio2>:
    2666:	0e 94 89 13 	call	0x2712	; 0x2712 <__fp_splitA>
    266a:	d8 f3       	brcs	.-10     	; 0x2662 <__fp_pscB+0xe>
    266c:	e8 94       	clt
    266e:	e0 e0       	ldi	r30, 0x00	; 0
    2670:	bb 27       	eor	r27, r27
    2672:	9f 57       	subi	r25, 0x7F	; 127
    2674:	f0 f0       	brcs	.+60     	; 0x26b2 <__fp_rempio2+0x4c>
    2676:	2a ed       	ldi	r18, 0xDA	; 218
    2678:	3f e0       	ldi	r19, 0x0F	; 15
    267a:	49 ec       	ldi	r20, 0xC9	; 201
    267c:	06 c0       	rjmp	.+12     	; 0x268a <__fp_rempio2+0x24>
    267e:	ee 0f       	add	r30, r30
    2680:	bb 0f       	add	r27, r27
    2682:	66 1f       	adc	r22, r22
    2684:	77 1f       	adc	r23, r23
    2686:	88 1f       	adc	r24, r24
    2688:	28 f0       	brcs	.+10     	; 0x2694 <__fp_rempio2+0x2e>
    268a:	b2 3a       	cpi	r27, 0xA2	; 162
    268c:	62 07       	cpc	r22, r18
    268e:	73 07       	cpc	r23, r19
    2690:	84 07       	cpc	r24, r20
    2692:	28 f0       	brcs	.+10     	; 0x269e <__fp_rempio2+0x38>
    2694:	b2 5a       	subi	r27, 0xA2	; 162
    2696:	62 0b       	sbc	r22, r18
    2698:	73 0b       	sbc	r23, r19
    269a:	84 0b       	sbc	r24, r20
    269c:	e3 95       	inc	r30
    269e:	9a 95       	dec	r25
    26a0:	72 f7       	brpl	.-36     	; 0x267e <__fp_rempio2+0x18>
    26a2:	80 38       	cpi	r24, 0x80	; 128
    26a4:	30 f4       	brcc	.+12     	; 0x26b2 <__fp_rempio2+0x4c>
    26a6:	9a 95       	dec	r25
    26a8:	bb 0f       	add	r27, r27
    26aa:	66 1f       	adc	r22, r22
    26ac:	77 1f       	adc	r23, r23
    26ae:	88 1f       	adc	r24, r24
    26b0:	d2 f7       	brpl	.-12     	; 0x26a6 <__fp_rempio2+0x40>
    26b2:	90 48       	sbci	r25, 0x80	; 128
    26b4:	0c 94 1b 15 	jmp	0x2a36	; 0x2a36 <__fp_mpack_finite>

000026b8 <__fp_round>:
    26b8:	09 2e       	mov	r0, r25
    26ba:	03 94       	inc	r0
    26bc:	00 0c       	add	r0, r0
    26be:	11 f4       	brne	.+4      	; 0x26c4 <__fp_round+0xc>
    26c0:	88 23       	and	r24, r24
    26c2:	52 f0       	brmi	.+20     	; 0x26d8 <__fp_round+0x20>
    26c4:	bb 0f       	add	r27, r27
    26c6:	40 f4       	brcc	.+16     	; 0x26d8 <__fp_round+0x20>
    26c8:	bf 2b       	or	r27, r31
    26ca:	11 f4       	brne	.+4      	; 0x26d0 <__fp_round+0x18>
    26cc:	60 ff       	sbrs	r22, 0
    26ce:	04 c0       	rjmp	.+8      	; 0x26d8 <__fp_round+0x20>
    26d0:	6f 5f       	subi	r22, 0xFF	; 255
    26d2:	7f 4f       	sbci	r23, 0xFF	; 255
    26d4:	8f 4f       	sbci	r24, 0xFF	; 255
    26d6:	9f 4f       	sbci	r25, 0xFF	; 255
    26d8:	08 95       	ret

000026da <__fp_sinus>:
    26da:	ef 93       	push	r30
    26dc:	e0 ff       	sbrs	r30, 0
    26de:	07 c0       	rjmp	.+14     	; 0x26ee <__fp_sinus+0x14>
    26e0:	a2 ea       	ldi	r26, 0xA2	; 162
    26e2:	2a ed       	ldi	r18, 0xDA	; 218
    26e4:	3f e0       	ldi	r19, 0x0F	; 15
    26e6:	49 ec       	ldi	r20, 0xC9	; 201
    26e8:	5f eb       	ldi	r21, 0xBF	; 191
    26ea:	0e 94 f6 11 	call	0x23ec	; 0x23ec <__addsf3x>
    26ee:	0e 94 5c 13 	call	0x26b8	; 0x26b8 <__fp_round>
    26f2:	0f 90       	pop	r0
    26f4:	03 94       	inc	r0
    26f6:	01 fc       	sbrc	r0, 1
    26f8:	90 58       	subi	r25, 0x80	; 128
    26fa:	ec e7       	ldi	r30, 0x7C	; 124
    26fc:	f0 e0       	ldi	r31, 0x00	; 0
    26fe:	0c 94 55 15 	jmp	0x2aaa	; 0x2aaa <__fp_powsodd>

00002702 <__fp_split3>:
    2702:	57 fd       	sbrc	r21, 7
    2704:	90 58       	subi	r25, 0x80	; 128
    2706:	44 0f       	add	r20, r20
    2708:	55 1f       	adc	r21, r21
    270a:	59 f0       	breq	.+22     	; 0x2722 <__fp_splitA+0x10>
    270c:	5f 3f       	cpi	r21, 0xFF	; 255
    270e:	71 f0       	breq	.+28     	; 0x272c <__fp_splitA+0x1a>
    2710:	47 95       	ror	r20

00002712 <__fp_splitA>:
    2712:	88 0f       	add	r24, r24
    2714:	97 fb       	bst	r25, 7
    2716:	99 1f       	adc	r25, r25
    2718:	61 f0       	breq	.+24     	; 0x2732 <__fp_splitA+0x20>
    271a:	9f 3f       	cpi	r25, 0xFF	; 255
    271c:	79 f0       	breq	.+30     	; 0x273c <__fp_splitA+0x2a>
    271e:	87 95       	ror	r24
    2720:	08 95       	ret
    2722:	12 16       	cp	r1, r18
    2724:	13 06       	cpc	r1, r19
    2726:	14 06       	cpc	r1, r20
    2728:	55 1f       	adc	r21, r21
    272a:	f2 cf       	rjmp	.-28     	; 0x2710 <__fp_split3+0xe>
    272c:	46 95       	lsr	r20
    272e:	f1 df       	rcall	.-30     	; 0x2712 <__fp_splitA>
    2730:	08 c0       	rjmp	.+16     	; 0x2742 <__fp_splitA+0x30>
    2732:	16 16       	cp	r1, r22
    2734:	17 06       	cpc	r1, r23
    2736:	18 06       	cpc	r1, r24
    2738:	99 1f       	adc	r25, r25
    273a:	f1 cf       	rjmp	.-30     	; 0x271e <__fp_splitA+0xc>
    273c:	86 95       	lsr	r24
    273e:	71 05       	cpc	r23, r1
    2740:	61 05       	cpc	r22, r1
    2742:	08 94       	sec
    2744:	08 95       	ret

00002746 <__fp_zero>:
    2746:	e8 94       	clt

00002748 <__fp_szero>:
    2748:	bb 27       	eor	r27, r27
    274a:	66 27       	eor	r22, r22
    274c:	77 27       	eor	r23, r23
    274e:	cb 01       	movw	r24, r22
    2750:	97 f9       	bld	r25, 7
    2752:	08 95       	ret

00002754 <__gesf2>:
    2754:	0e 94 f6 12 	call	0x25ec	; 0x25ec <__fp_cmp>
    2758:	08 f4       	brcc	.+2      	; 0x275c <__gesf2+0x8>
    275a:	8f ef       	ldi	r24, 0xFF	; 255
    275c:	08 95       	ret

0000275e <__mulsf3>:
    275e:	0e 94 c2 13 	call	0x2784	; 0x2784 <__mulsf3x>
    2762:	0c 94 5c 13 	jmp	0x26b8	; 0x26b8 <__fp_round>
    2766:	0e 94 23 13 	call	0x2646	; 0x2646 <__fp_pscA>
    276a:	38 f0       	brcs	.+14     	; 0x277a <__mulsf3+0x1c>
    276c:	0e 94 2a 13 	call	0x2654	; 0x2654 <__fp_pscB>
    2770:	20 f0       	brcs	.+8      	; 0x277a <__mulsf3+0x1c>
    2772:	95 23       	and	r25, r21
    2774:	11 f0       	breq	.+4      	; 0x277a <__mulsf3+0x1c>
    2776:	0c 94 1a 13 	jmp	0x2634	; 0x2634 <__fp_inf>
    277a:	0c 94 20 13 	jmp	0x2640	; 0x2640 <__fp_nan>
    277e:	11 24       	eor	r1, r1
    2780:	0c 94 a4 13 	jmp	0x2748	; 0x2748 <__fp_szero>

00002784 <__mulsf3x>:
    2784:	0e 94 81 13 	call	0x2702	; 0x2702 <__fp_split3>
    2788:	70 f3       	brcs	.-36     	; 0x2766 <__mulsf3+0x8>

0000278a <__mulsf3_pse>:
    278a:	95 9f       	mul	r25, r21
    278c:	c1 f3       	breq	.-16     	; 0x277e <__mulsf3+0x20>
    278e:	95 0f       	add	r25, r21
    2790:	50 e0       	ldi	r21, 0x00	; 0
    2792:	55 1f       	adc	r21, r21
    2794:	62 9f       	mul	r22, r18
    2796:	f0 01       	movw	r30, r0
    2798:	72 9f       	mul	r23, r18
    279a:	bb 27       	eor	r27, r27
    279c:	f0 0d       	add	r31, r0
    279e:	b1 1d       	adc	r27, r1
    27a0:	63 9f       	mul	r22, r19
    27a2:	aa 27       	eor	r26, r26
    27a4:	f0 0d       	add	r31, r0
    27a6:	b1 1d       	adc	r27, r1
    27a8:	aa 1f       	adc	r26, r26
    27aa:	64 9f       	mul	r22, r20
    27ac:	66 27       	eor	r22, r22
    27ae:	b0 0d       	add	r27, r0
    27b0:	a1 1d       	adc	r26, r1
    27b2:	66 1f       	adc	r22, r22
    27b4:	82 9f       	mul	r24, r18
    27b6:	22 27       	eor	r18, r18
    27b8:	b0 0d       	add	r27, r0
    27ba:	a1 1d       	adc	r26, r1
    27bc:	62 1f       	adc	r22, r18
    27be:	73 9f       	mul	r23, r19
    27c0:	b0 0d       	add	r27, r0
    27c2:	a1 1d       	adc	r26, r1
    27c4:	62 1f       	adc	r22, r18
    27c6:	83 9f       	mul	r24, r19
    27c8:	a0 0d       	add	r26, r0
    27ca:	61 1d       	adc	r22, r1
    27cc:	22 1f       	adc	r18, r18
    27ce:	74 9f       	mul	r23, r20
    27d0:	33 27       	eor	r19, r19
    27d2:	a0 0d       	add	r26, r0
    27d4:	61 1d       	adc	r22, r1
    27d6:	23 1f       	adc	r18, r19
    27d8:	84 9f       	mul	r24, r20
    27da:	60 0d       	add	r22, r0
    27dc:	21 1d       	adc	r18, r1
    27de:	82 2f       	mov	r24, r18
    27e0:	76 2f       	mov	r23, r22
    27e2:	6a 2f       	mov	r22, r26
    27e4:	11 24       	eor	r1, r1
    27e6:	9f 57       	subi	r25, 0x7F	; 127
    27e8:	50 40       	sbci	r21, 0x00	; 0
    27ea:	9a f0       	brmi	.+38     	; 0x2812 <__mulsf3_pse+0x88>
    27ec:	f1 f0       	breq	.+60     	; 0x282a <__mulsf3_pse+0xa0>
    27ee:	88 23       	and	r24, r24
    27f0:	4a f0       	brmi	.+18     	; 0x2804 <__mulsf3_pse+0x7a>
    27f2:	ee 0f       	add	r30, r30
    27f4:	ff 1f       	adc	r31, r31
    27f6:	bb 1f       	adc	r27, r27
    27f8:	66 1f       	adc	r22, r22
    27fa:	77 1f       	adc	r23, r23
    27fc:	88 1f       	adc	r24, r24
    27fe:	91 50       	subi	r25, 0x01	; 1
    2800:	50 40       	sbci	r21, 0x00	; 0
    2802:	a9 f7       	brne	.-22     	; 0x27ee <__mulsf3_pse+0x64>
    2804:	9e 3f       	cpi	r25, 0xFE	; 254
    2806:	51 05       	cpc	r21, r1
    2808:	80 f0       	brcs	.+32     	; 0x282a <__mulsf3_pse+0xa0>
    280a:	0c 94 1a 13 	jmp	0x2634	; 0x2634 <__fp_inf>
    280e:	0c 94 a4 13 	jmp	0x2748	; 0x2748 <__fp_szero>
    2812:	5f 3f       	cpi	r21, 0xFF	; 255
    2814:	e4 f3       	brlt	.-8      	; 0x280e <__mulsf3_pse+0x84>
    2816:	98 3e       	cpi	r25, 0xE8	; 232
    2818:	d4 f3       	brlt	.-12     	; 0x280e <__mulsf3_pse+0x84>
    281a:	86 95       	lsr	r24
    281c:	77 95       	ror	r23
    281e:	67 95       	ror	r22
    2820:	b7 95       	ror	r27
    2822:	f7 95       	ror	r31
    2824:	e7 95       	ror	r30
    2826:	9f 5f       	subi	r25, 0xFF	; 255
    2828:	c1 f7       	brne	.-16     	; 0x281a <__mulsf3_pse+0x90>
    282a:	fe 2b       	or	r31, r30
    282c:	88 0f       	add	r24, r24
    282e:	91 1d       	adc	r25, r1
    2830:	96 95       	lsr	r25
    2832:	87 95       	ror	r24
    2834:	97 f9       	bld	r25, 7
    2836:	08 95       	ret

00002838 <pow>:
    2838:	fa 01       	movw	r30, r20
    283a:	ee 0f       	add	r30, r30
    283c:	ff 1f       	adc	r31, r31
    283e:	30 96       	adiw	r30, 0x00	; 0
    2840:	21 05       	cpc	r18, r1
    2842:	31 05       	cpc	r19, r1
    2844:	a1 f1       	breq	.+104    	; 0x28ae <pow+0x76>
    2846:	61 15       	cp	r22, r1
    2848:	71 05       	cpc	r23, r1
    284a:	61 f4       	brne	.+24     	; 0x2864 <pow+0x2c>
    284c:	80 38       	cpi	r24, 0x80	; 128
    284e:	bf e3       	ldi	r27, 0x3F	; 63
    2850:	9b 07       	cpc	r25, r27
    2852:	49 f1       	breq	.+82     	; 0x28a6 <pow+0x6e>
    2854:	68 94       	set
    2856:	90 38       	cpi	r25, 0x80	; 128
    2858:	81 05       	cpc	r24, r1
    285a:	61 f0       	breq	.+24     	; 0x2874 <pow+0x3c>
    285c:	80 38       	cpi	r24, 0x80	; 128
    285e:	bf ef       	ldi	r27, 0xFF	; 255
    2860:	9b 07       	cpc	r25, r27
    2862:	41 f0       	breq	.+16     	; 0x2874 <pow+0x3c>
    2864:	99 23       	and	r25, r25
    2866:	4a f5       	brpl	.+82     	; 0x28ba <pow+0x82>
    2868:	ff 3f       	cpi	r31, 0xFF	; 255
    286a:	e1 05       	cpc	r30, r1
    286c:	31 05       	cpc	r19, r1
    286e:	21 05       	cpc	r18, r1
    2870:	19 f1       	breq	.+70     	; 0x28b8 <pow+0x80>
    2872:	e8 94       	clt
    2874:	08 94       	sec
    2876:	e7 95       	ror	r30
    2878:	d9 01       	movw	r26, r18
    287a:	aa 23       	and	r26, r26
    287c:	29 f4       	brne	.+10     	; 0x2888 <pow+0x50>
    287e:	ab 2f       	mov	r26, r27
    2880:	be 2f       	mov	r27, r30
    2882:	f8 5f       	subi	r31, 0xF8	; 248
    2884:	d0 f3       	brcs	.-12     	; 0x287a <pow+0x42>
    2886:	10 c0       	rjmp	.+32     	; 0x28a8 <pow+0x70>
    2888:	ff 5f       	subi	r31, 0xFF	; 255
    288a:	70 f4       	brcc	.+28     	; 0x28a8 <pow+0x70>
    288c:	a6 95       	lsr	r26
    288e:	e0 f7       	brcc	.-8      	; 0x2888 <pow+0x50>
    2890:	f7 39       	cpi	r31, 0x97	; 151
    2892:	50 f0       	brcs	.+20     	; 0x28a8 <pow+0x70>
    2894:	19 f0       	breq	.+6      	; 0x289c <pow+0x64>
    2896:	ff 3a       	cpi	r31, 0xAF	; 175
    2898:	38 f4       	brcc	.+14     	; 0x28a8 <pow+0x70>
    289a:	9f 77       	andi	r25, 0x7F	; 127
    289c:	9f 93       	push	r25
    289e:	0d d0       	rcall	.+26     	; 0x28ba <pow+0x82>
    28a0:	0f 90       	pop	r0
    28a2:	07 fc       	sbrc	r0, 7
    28a4:	90 58       	subi	r25, 0x80	; 128
    28a6:	08 95       	ret
    28a8:	46 f0       	brts	.+16     	; 0x28ba <pow+0x82>
    28aa:	0c 94 20 13 	jmp	0x2640	; 0x2640 <__fp_nan>
    28ae:	60 e0       	ldi	r22, 0x00	; 0
    28b0:	70 e0       	ldi	r23, 0x00	; 0
    28b2:	80 e8       	ldi	r24, 0x80	; 128
    28b4:	9f e3       	ldi	r25, 0x3F	; 63
    28b6:	08 95       	ret
    28b8:	4f e7       	ldi	r20, 0x7F	; 127
    28ba:	9f 77       	andi	r25, 0x7F	; 127
    28bc:	5f 93       	push	r21
    28be:	4f 93       	push	r20
    28c0:	3f 93       	push	r19
    28c2:	2f 93       	push	r18
    28c4:	0e 94 b3 15 	call	0x2b66	; 0x2b66 <log>
    28c8:	2f 91       	pop	r18
    28ca:	3f 91       	pop	r19
    28cc:	4f 91       	pop	r20
    28ce:	5f 91       	pop	r21
    28d0:	0e 94 af 13 	call	0x275e	; 0x275e <__mulsf3>
    28d4:	0c 94 e7 14 	jmp	0x29ce	; 0x29ce <exp>

000028d8 <sin>:
    28d8:	9f 93       	push	r25
    28da:	0e 94 33 13 	call	0x2666	; 0x2666 <__fp_rempio2>
    28de:	0f 90       	pop	r0
    28e0:	07 fc       	sbrc	r0, 7
    28e2:	ee 5f       	subi	r30, 0xFE	; 254
    28e4:	0c 94 6d 13 	jmp	0x26da	; 0x26da <__fp_sinus>
    28e8:	19 f4       	brne	.+6      	; 0x28f0 <sin+0x18>
    28ea:	16 f4       	brtc	.+4      	; 0x28f0 <sin+0x18>
    28ec:	0c 94 20 13 	jmp	0x2640	; 0x2640 <__fp_nan>
    28f0:	0c 94 19 15 	jmp	0x2a32	; 0x2a32 <__fp_mpack>

000028f4 <sqrt>:
    28f4:	0e 94 89 13 	call	0x2712	; 0x2712 <__fp_splitA>
    28f8:	b8 f3       	brcs	.-18     	; 0x28e8 <sin+0x10>
    28fa:	99 23       	and	r25, r25
    28fc:	c9 f3       	breq	.-14     	; 0x28f0 <sin+0x18>
    28fe:	b6 f3       	brts	.-20     	; 0x28ec <sin+0x14>
    2900:	9f 57       	subi	r25, 0x7F	; 127
    2902:	55 0b       	sbc	r21, r21
    2904:	87 ff       	sbrs	r24, 7
    2906:	0e 94 27 15 	call	0x2a4e	; 0x2a4e <__fp_norm2>
    290a:	00 24       	eor	r0, r0
    290c:	a0 e6       	ldi	r26, 0x60	; 96
    290e:	40 ea       	ldi	r20, 0xA0	; 160
    2910:	90 01       	movw	r18, r0
    2912:	80 58       	subi	r24, 0x80	; 128
    2914:	56 95       	lsr	r21
    2916:	97 95       	ror	r25
    2918:	28 f4       	brcc	.+10     	; 0x2924 <sqrt+0x30>
    291a:	80 5c       	subi	r24, 0xC0	; 192
    291c:	66 0f       	add	r22, r22
    291e:	77 1f       	adc	r23, r23
    2920:	88 1f       	adc	r24, r24
    2922:	20 f0       	brcs	.+8      	; 0x292c <sqrt+0x38>
    2924:	26 17       	cp	r18, r22
    2926:	37 07       	cpc	r19, r23
    2928:	48 07       	cpc	r20, r24
    292a:	30 f4       	brcc	.+12     	; 0x2938 <sqrt+0x44>
    292c:	62 1b       	sub	r22, r18
    292e:	73 0b       	sbc	r23, r19
    2930:	84 0b       	sbc	r24, r20
    2932:	20 29       	or	r18, r0
    2934:	31 29       	or	r19, r1
    2936:	4a 2b       	or	r20, r26
    2938:	a6 95       	lsr	r26
    293a:	17 94       	ror	r1
    293c:	07 94       	ror	r0
    293e:	20 25       	eor	r18, r0
    2940:	31 25       	eor	r19, r1
    2942:	4a 27       	eor	r20, r26
    2944:	58 f7       	brcc	.-42     	; 0x291c <sqrt+0x28>
    2946:	66 0f       	add	r22, r22
    2948:	77 1f       	adc	r23, r23
    294a:	88 1f       	adc	r24, r24
    294c:	20 f0       	brcs	.+8      	; 0x2956 <sqrt+0x62>
    294e:	26 17       	cp	r18, r22
    2950:	37 07       	cpc	r19, r23
    2952:	48 07       	cpc	r20, r24
    2954:	30 f4       	brcc	.+12     	; 0x2962 <sqrt+0x6e>
    2956:	62 0b       	sbc	r22, r18
    2958:	73 0b       	sbc	r23, r19
    295a:	84 0b       	sbc	r24, r20
    295c:	20 0d       	add	r18, r0
    295e:	31 1d       	adc	r19, r1
    2960:	41 1d       	adc	r20, r1
    2962:	a0 95       	com	r26
    2964:	81 f7       	brne	.-32     	; 0x2946 <sqrt+0x52>
    2966:	b9 01       	movw	r22, r18
    2968:	84 2f       	mov	r24, r20
    296a:	91 58       	subi	r25, 0x81	; 129
    296c:	88 0f       	add	r24, r24
    296e:	96 95       	lsr	r25
    2970:	87 95       	ror	r24
    2972:	08 95       	ret

00002974 <tan>:
    2974:	df 93       	push	r29
    2976:	d9 2f       	mov	r29, r25
    2978:	0e 94 33 13 	call	0x2666	; 0x2666 <__fp_rempio2>
    297c:	e6 95       	lsr	r30
    297e:	d7 95       	ror	r29
    2980:	2a ed       	ldi	r18, 0xDA	; 218
    2982:	3f e0       	ldi	r19, 0x0F	; 15
    2984:	49 e4       	ldi	r20, 0x49	; 73
    2986:	5f e3       	ldi	r21, 0x3F	; 63
    2988:	b3 3a       	cpi	r27, 0xA3	; 163
    298a:	62 07       	cpc	r22, r18
    298c:	73 07       	cpc	r23, r19
    298e:	84 07       	cpc	r24, r20
    2990:	95 07       	cpc	r25, r21
    2992:	d7 95       	ror	r29
    2994:	3a f0       	brmi	.+14     	; 0x29a4 <tan+0x30>
    2996:	a2 ea       	ldi	r26, 0xA2	; 162
    2998:	49 ec       	ldi	r20, 0xC9	; 201
    299a:	90 68       	ori	r25, 0x80	; 128
    299c:	0e 94 f6 11 	call	0x23ec	; 0x23ec <__addsf3x>
    29a0:	0e 94 5c 13 	call	0x26b8	; 0x26b8 <__fp_round>
    29a4:	ea e9       	ldi	r30, 0x9A	; 154
    29a6:	f0 e0       	ldi	r31, 0x00	; 0
    29a8:	0e 94 55 15 	call	0x2aaa	; 0x2aaa <__fp_powsodd>
    29ac:	dd 0f       	add	r29, r29
    29ae:	13 f0       	brvs	.+4      	; 0x29b4 <tan+0x40>
    29b0:	0e 94 69 15 	call	0x2ad2	; 0x2ad2 <inverse>
    29b4:	dd 0f       	add	r29, r29
    29b6:	0b f4       	brvc	.+2      	; 0x29ba <tan+0x46>
    29b8:	90 58       	subi	r25, 0x80	; 128
    29ba:	df 91       	pop	r29
    29bc:	08 95       	ret
    29be:	29 f4       	brne	.+10     	; 0x29ca <tan+0x56>
    29c0:	16 f0       	brts	.+4      	; 0x29c6 <tan+0x52>
    29c2:	0c 94 1a 13 	jmp	0x2634	; 0x2634 <__fp_inf>
    29c6:	0c 94 a3 13 	jmp	0x2746	; 0x2746 <__fp_zero>
    29ca:	0c 94 20 13 	jmp	0x2640	; 0x2640 <__fp_nan>

000029ce <exp>:
    29ce:	0e 94 89 13 	call	0x2712	; 0x2712 <__fp_splitA>
    29d2:	a8 f3       	brcs	.-22     	; 0x29be <tan+0x4a>
    29d4:	96 38       	cpi	r25, 0x86	; 134
    29d6:	a0 f7       	brcc	.-24     	; 0x29c0 <tan+0x4c>
    29d8:	07 f8       	bld	r0, 7
    29da:	0f 92       	push	r0
    29dc:	e8 94       	clt
    29de:	2b e3       	ldi	r18, 0x3B	; 59
    29e0:	3a ea       	ldi	r19, 0xAA	; 170
    29e2:	48 eb       	ldi	r20, 0xB8	; 184
    29e4:	5f e7       	ldi	r21, 0x7F	; 127
    29e6:	0e 94 c5 13 	call	0x278a	; 0x278a <__mulsf3_pse>
    29ea:	0f 92       	push	r0
    29ec:	0f 92       	push	r0
    29ee:	0f 92       	push	r0
    29f0:	4d b7       	in	r20, 0x3d	; 61
    29f2:	5e b7       	in	r21, 0x3e	; 62
    29f4:	0f 92       	push	r0
    29f6:	0e 94 fb 15 	call	0x2bf6	; 0x2bf6 <modf>
    29fa:	ed eb       	ldi	r30, 0xBD	; 189
    29fc:	f0 e0       	ldi	r31, 0x00	; 0
    29fe:	0e 94 2e 15 	call	0x2a5c	; 0x2a5c <__fp_powser>
    2a02:	4f 91       	pop	r20
    2a04:	5f 91       	pop	r21
    2a06:	ef 91       	pop	r30
    2a08:	ff 91       	pop	r31
    2a0a:	e5 95       	asr	r30
    2a0c:	ee 1f       	adc	r30, r30
    2a0e:	ff 1f       	adc	r31, r31
    2a10:	49 f0       	breq	.+18     	; 0x2a24 <exp+0x56>
    2a12:	fe 57       	subi	r31, 0x7E	; 126
    2a14:	e0 68       	ori	r30, 0x80	; 128
    2a16:	44 27       	eor	r20, r20
    2a18:	ee 0f       	add	r30, r30
    2a1a:	44 1f       	adc	r20, r20
    2a1c:	fa 95       	dec	r31
    2a1e:	e1 f7       	brne	.-8      	; 0x2a18 <exp+0x4a>
    2a20:	41 95       	neg	r20
    2a22:	55 0b       	sbc	r21, r21
    2a24:	0e 94 75 15 	call	0x2aea	; 0x2aea <ldexp>
    2a28:	0f 90       	pop	r0
    2a2a:	07 fe       	sbrs	r0, 7
    2a2c:	0c 94 69 15 	jmp	0x2ad2	; 0x2ad2 <inverse>
    2a30:	08 95       	ret

00002a32 <__fp_mpack>:
    2a32:	9f 3f       	cpi	r25, 0xFF	; 255
    2a34:	31 f0       	breq	.+12     	; 0x2a42 <__fp_mpack_finite+0xc>

00002a36 <__fp_mpack_finite>:
    2a36:	91 50       	subi	r25, 0x01	; 1
    2a38:	20 f4       	brcc	.+8      	; 0x2a42 <__fp_mpack_finite+0xc>
    2a3a:	87 95       	ror	r24
    2a3c:	77 95       	ror	r23
    2a3e:	67 95       	ror	r22
    2a40:	b7 95       	ror	r27
    2a42:	88 0f       	add	r24, r24
    2a44:	91 1d       	adc	r25, r1
    2a46:	96 95       	lsr	r25
    2a48:	87 95       	ror	r24
    2a4a:	97 f9       	bld	r25, 7
    2a4c:	08 95       	ret

00002a4e <__fp_norm2>:
    2a4e:	91 50       	subi	r25, 0x01	; 1
    2a50:	50 40       	sbci	r21, 0x00	; 0
    2a52:	66 0f       	add	r22, r22
    2a54:	77 1f       	adc	r23, r23
    2a56:	88 1f       	adc	r24, r24
    2a58:	d2 f7       	brpl	.-12     	; 0x2a4e <__fp_norm2>
    2a5a:	08 95       	ret

00002a5c <__fp_powser>:
    2a5c:	df 93       	push	r29
    2a5e:	cf 93       	push	r28
    2a60:	1f 93       	push	r17
    2a62:	0f 93       	push	r16
    2a64:	ff 92       	push	r15
    2a66:	ef 92       	push	r14
    2a68:	df 92       	push	r13
    2a6a:	7b 01       	movw	r14, r22
    2a6c:	8c 01       	movw	r16, r24
    2a6e:	68 94       	set
    2a70:	06 c0       	rjmp	.+12     	; 0x2a7e <__fp_powser+0x22>
    2a72:	da 2e       	mov	r13, r26
    2a74:	ef 01       	movw	r28, r30
    2a76:	0e 94 c2 13 	call	0x2784	; 0x2784 <__mulsf3x>
    2a7a:	fe 01       	movw	r30, r28
    2a7c:	e8 94       	clt
    2a7e:	a5 91       	lpm	r26, Z+
    2a80:	25 91       	lpm	r18, Z+
    2a82:	35 91       	lpm	r19, Z+
    2a84:	45 91       	lpm	r20, Z+
    2a86:	55 91       	lpm	r21, Z+
    2a88:	a6 f3       	brts	.-24     	; 0x2a72 <__fp_powser+0x16>
    2a8a:	ef 01       	movw	r28, r30
    2a8c:	0e 94 f6 11 	call	0x23ec	; 0x23ec <__addsf3x>
    2a90:	fe 01       	movw	r30, r28
    2a92:	97 01       	movw	r18, r14
    2a94:	a8 01       	movw	r20, r16
    2a96:	da 94       	dec	r13
    2a98:	69 f7       	brne	.-38     	; 0x2a74 <__fp_powser+0x18>
    2a9a:	df 90       	pop	r13
    2a9c:	ef 90       	pop	r14
    2a9e:	ff 90       	pop	r15
    2aa0:	0f 91       	pop	r16
    2aa2:	1f 91       	pop	r17
    2aa4:	cf 91       	pop	r28
    2aa6:	df 91       	pop	r29
    2aa8:	08 95       	ret

00002aaa <__fp_powsodd>:
    2aaa:	9f 93       	push	r25
    2aac:	8f 93       	push	r24
    2aae:	7f 93       	push	r23
    2ab0:	6f 93       	push	r22
    2ab2:	ff 93       	push	r31
    2ab4:	ef 93       	push	r30
    2ab6:	9b 01       	movw	r18, r22
    2ab8:	ac 01       	movw	r20, r24
    2aba:	0e 94 af 13 	call	0x275e	; 0x275e <__mulsf3>
    2abe:	ef 91       	pop	r30
    2ac0:	ff 91       	pop	r31
    2ac2:	0e 94 2e 15 	call	0x2a5c	; 0x2a5c <__fp_powser>
    2ac6:	2f 91       	pop	r18
    2ac8:	3f 91       	pop	r19
    2aca:	4f 91       	pop	r20
    2acc:	5f 91       	pop	r21
    2ace:	0c 94 af 13 	jmp	0x275e	; 0x275e <__mulsf3>

00002ad2 <inverse>:
    2ad2:	9b 01       	movw	r18, r22
    2ad4:	ac 01       	movw	r20, r24
    2ad6:	60 e0       	ldi	r22, 0x00	; 0
    2ad8:	70 e0       	ldi	r23, 0x00	; 0
    2ada:	80 e8       	ldi	r24, 0x80	; 128
    2adc:	9f e3       	ldi	r25, 0x3F	; 63
    2ade:	0c 94 55 12 	jmp	0x24aa	; 0x24aa <__divsf3>
    2ae2:	0c 94 1a 13 	jmp	0x2634	; 0x2634 <__fp_inf>
    2ae6:	0c 94 19 15 	jmp	0x2a32	; 0x2a32 <__fp_mpack>

00002aea <ldexp>:
    2aea:	0e 94 89 13 	call	0x2712	; 0x2712 <__fp_splitA>
    2aee:	d8 f3       	brcs	.-10     	; 0x2ae6 <inverse+0x14>
    2af0:	99 23       	and	r25, r25
    2af2:	c9 f3       	breq	.-14     	; 0x2ae6 <inverse+0x14>
    2af4:	94 0f       	add	r25, r20
    2af6:	51 1d       	adc	r21, r1
    2af8:	a3 f3       	brvs	.-24     	; 0x2ae2 <inverse+0x10>
    2afa:	91 50       	subi	r25, 0x01	; 1
    2afc:	50 40       	sbci	r21, 0x00	; 0
    2afe:	94 f0       	brlt	.+36     	; 0x2b24 <ldexp+0x3a>
    2b00:	59 f0       	breq	.+22     	; 0x2b18 <ldexp+0x2e>
    2b02:	88 23       	and	r24, r24
    2b04:	32 f0       	brmi	.+12     	; 0x2b12 <ldexp+0x28>
    2b06:	66 0f       	add	r22, r22
    2b08:	77 1f       	adc	r23, r23
    2b0a:	88 1f       	adc	r24, r24
    2b0c:	91 50       	subi	r25, 0x01	; 1
    2b0e:	50 40       	sbci	r21, 0x00	; 0
    2b10:	c1 f7       	brne	.-16     	; 0x2b02 <ldexp+0x18>
    2b12:	9e 3f       	cpi	r25, 0xFE	; 254
    2b14:	51 05       	cpc	r21, r1
    2b16:	2c f7       	brge	.-54     	; 0x2ae2 <inverse+0x10>
    2b18:	88 0f       	add	r24, r24
    2b1a:	91 1d       	adc	r25, r1
    2b1c:	96 95       	lsr	r25
    2b1e:	87 95       	ror	r24
    2b20:	97 f9       	bld	r25, 7
    2b22:	08 95       	ret
    2b24:	5f 3f       	cpi	r21, 0xFF	; 255
    2b26:	ac f0       	brlt	.+42     	; 0x2b52 <ldexp+0x68>
    2b28:	98 3e       	cpi	r25, 0xE8	; 232
    2b2a:	9c f0       	brlt	.+38     	; 0x2b52 <ldexp+0x68>
    2b2c:	bb 27       	eor	r27, r27
    2b2e:	86 95       	lsr	r24
    2b30:	77 95       	ror	r23
    2b32:	67 95       	ror	r22
    2b34:	b7 95       	ror	r27
    2b36:	08 f4       	brcc	.+2      	; 0x2b3a <ldexp+0x50>
    2b38:	b1 60       	ori	r27, 0x01	; 1
    2b3a:	93 95       	inc	r25
    2b3c:	c1 f7       	brne	.-16     	; 0x2b2e <ldexp+0x44>
    2b3e:	bb 0f       	add	r27, r27
    2b40:	58 f7       	brcc	.-42     	; 0x2b18 <ldexp+0x2e>
    2b42:	11 f4       	brne	.+4      	; 0x2b48 <ldexp+0x5e>
    2b44:	60 ff       	sbrs	r22, 0
    2b46:	e8 cf       	rjmp	.-48     	; 0x2b18 <ldexp+0x2e>
    2b48:	6f 5f       	subi	r22, 0xFF	; 255
    2b4a:	7f 4f       	sbci	r23, 0xFF	; 255
    2b4c:	8f 4f       	sbci	r24, 0xFF	; 255
    2b4e:	9f 4f       	sbci	r25, 0xFF	; 255
    2b50:	e3 cf       	rjmp	.-58     	; 0x2b18 <ldexp+0x2e>
    2b52:	0c 94 a4 13 	jmp	0x2748	; 0x2748 <__fp_szero>
    2b56:	16 f0       	brts	.+4      	; 0x2b5c <ldexp+0x72>
    2b58:	0c 94 19 15 	jmp	0x2a32	; 0x2a32 <__fp_mpack>
    2b5c:	0c 94 20 13 	jmp	0x2640	; 0x2640 <__fp_nan>
    2b60:	68 94       	set
    2b62:	0c 94 1a 13 	jmp	0x2634	; 0x2634 <__fp_inf>

00002b66 <log>:
    2b66:	0e 94 89 13 	call	0x2712	; 0x2712 <__fp_splitA>
    2b6a:	a8 f3       	brcs	.-22     	; 0x2b56 <ldexp+0x6c>
    2b6c:	99 23       	and	r25, r25
    2b6e:	c1 f3       	breq	.-16     	; 0x2b60 <ldexp+0x76>
    2b70:	ae f3       	brts	.-22     	; 0x2b5c <ldexp+0x72>
    2b72:	df 93       	push	r29
    2b74:	cf 93       	push	r28
    2b76:	1f 93       	push	r17
    2b78:	0f 93       	push	r16
    2b7a:	ff 92       	push	r15
    2b7c:	c9 2f       	mov	r28, r25
    2b7e:	dd 27       	eor	r29, r29
    2b80:	88 23       	and	r24, r24
    2b82:	2a f0       	brmi	.+10     	; 0x2b8e <log+0x28>
    2b84:	21 97       	sbiw	r28, 0x01	; 1
    2b86:	66 0f       	add	r22, r22
    2b88:	77 1f       	adc	r23, r23
    2b8a:	88 1f       	adc	r24, r24
    2b8c:	da f7       	brpl	.-10     	; 0x2b84 <log+0x1e>
    2b8e:	20 e0       	ldi	r18, 0x00	; 0
    2b90:	30 e0       	ldi	r19, 0x00	; 0
    2b92:	40 e8       	ldi	r20, 0x80	; 128
    2b94:	5f eb       	ldi	r21, 0xBF	; 191
    2b96:	9f e3       	ldi	r25, 0x3F	; 63
    2b98:	88 39       	cpi	r24, 0x98	; 152
    2b9a:	20 f0       	brcs	.+8      	; 0x2ba4 <log+0x3e>
    2b9c:	80 3e       	cpi	r24, 0xE0	; 224
    2b9e:	38 f0       	brcs	.+14     	; 0x2bae <log+0x48>
    2ba0:	21 96       	adiw	r28, 0x01	; 1
    2ba2:	8f 77       	andi	r24, 0x7F	; 127
    2ba4:	0e 94 df 11 	call	0x23be	; 0x23be <__addsf3>
    2ba8:	e5 ee       	ldi	r30, 0xE5	; 229
    2baa:	f0 e0       	ldi	r31, 0x00	; 0
    2bac:	04 c0       	rjmp	.+8      	; 0x2bb6 <log+0x50>
    2bae:	0e 94 df 11 	call	0x23be	; 0x23be <__addsf3>
    2bb2:	e2 e1       	ldi	r30, 0x12	; 18
    2bb4:	f1 e0       	ldi	r31, 0x01	; 1
    2bb6:	0e 94 2e 15 	call	0x2a5c	; 0x2a5c <__fp_powser>
    2bba:	8b 01       	movw	r16, r22
    2bbc:	be 01       	movw	r22, r28
    2bbe:	ec 01       	movw	r28, r24
    2bc0:	fb 2e       	mov	r15, r27
    2bc2:	6f 57       	subi	r22, 0x7F	; 127
    2bc4:	71 09       	sbc	r23, r1
    2bc6:	75 95       	asr	r23
    2bc8:	77 1f       	adc	r23, r23
    2bca:	88 0b       	sbc	r24, r24
    2bcc:	99 0b       	sbc	r25, r25
    2bce:	0e 94 31 16 	call	0x2c62	; 0x2c62 <__floatsisf>
    2bd2:	28 e1       	ldi	r18, 0x18	; 24
    2bd4:	32 e7       	ldi	r19, 0x72	; 114
    2bd6:	41 e3       	ldi	r20, 0x31	; 49
    2bd8:	5f e3       	ldi	r21, 0x3F	; 63
    2bda:	0e 94 c2 13 	call	0x2784	; 0x2784 <__mulsf3x>
    2bde:	af 2d       	mov	r26, r15
    2be0:	98 01       	movw	r18, r16
    2be2:	ae 01       	movw	r20, r28
    2be4:	ff 90       	pop	r15
    2be6:	0f 91       	pop	r16
    2be8:	1f 91       	pop	r17
    2bea:	cf 91       	pop	r28
    2bec:	df 91       	pop	r29
    2bee:	0e 94 f6 11 	call	0x23ec	; 0x23ec <__addsf3x>
    2bf2:	0c 94 5c 13 	jmp	0x26b8	; 0x26b8 <__fp_round>

00002bf6 <modf>:
    2bf6:	fa 01       	movw	r30, r20
    2bf8:	dc 01       	movw	r26, r24
    2bfa:	aa 0f       	add	r26, r26
    2bfc:	bb 1f       	adc	r27, r27
    2bfe:	9b 01       	movw	r18, r22
    2c00:	ac 01       	movw	r20, r24
    2c02:	bf 57       	subi	r27, 0x7F	; 127
    2c04:	28 f4       	brcc	.+10     	; 0x2c10 <modf+0x1a>
    2c06:	22 27       	eor	r18, r18
    2c08:	33 27       	eor	r19, r19
    2c0a:	44 27       	eor	r20, r20
    2c0c:	50 78       	andi	r21, 0x80	; 128
    2c0e:	20 c0       	rjmp	.+64     	; 0x2c50 <modf+0x5a>
    2c10:	b7 51       	subi	r27, 0x17	; 23
    2c12:	90 f4       	brcc	.+36     	; 0x2c38 <modf+0x42>
    2c14:	ab 2f       	mov	r26, r27
    2c16:	00 24       	eor	r0, r0
    2c18:	46 95       	lsr	r20
    2c1a:	37 95       	ror	r19
    2c1c:	27 95       	ror	r18
    2c1e:	01 1c       	adc	r0, r1
    2c20:	a3 95       	inc	r26
    2c22:	d2 f3       	brmi	.-12     	; 0x2c18 <modf+0x22>
    2c24:	00 20       	and	r0, r0
    2c26:	71 f0       	breq	.+28     	; 0x2c44 <modf+0x4e>
    2c28:	22 0f       	add	r18, r18
    2c2a:	33 1f       	adc	r19, r19
    2c2c:	44 1f       	adc	r20, r20
    2c2e:	b3 95       	inc	r27
    2c30:	da f3       	brmi	.-10     	; 0x2c28 <modf+0x32>
    2c32:	0e d0       	rcall	.+28     	; 0x2c50 <modf+0x5a>
    2c34:	0c 94 de 11 	jmp	0x23bc	; 0x23bc <__subsf3>
    2c38:	61 30       	cpi	r22, 0x01	; 1
    2c3a:	71 05       	cpc	r23, r1
    2c3c:	a0 e8       	ldi	r26, 0x80	; 128
    2c3e:	8a 07       	cpc	r24, r26
    2c40:	b9 46       	sbci	r27, 0x69	; 105
    2c42:	30 f4       	brcc	.+12     	; 0x2c50 <modf+0x5a>
    2c44:	9b 01       	movw	r18, r22
    2c46:	ac 01       	movw	r20, r24
    2c48:	66 27       	eor	r22, r22
    2c4a:	77 27       	eor	r23, r23
    2c4c:	88 27       	eor	r24, r24
    2c4e:	90 78       	andi	r25, 0x80	; 128
    2c50:	30 96       	adiw	r30, 0x00	; 0
    2c52:	21 f0       	breq	.+8      	; 0x2c5c <modf+0x66>
    2c54:	20 83       	st	Z, r18
    2c56:	31 83       	std	Z+1, r19	; 0x01
    2c58:	42 83       	std	Z+2, r20	; 0x02
    2c5a:	53 83       	std	Z+3, r21	; 0x03
    2c5c:	08 95       	ret

00002c5e <__floatunsisf>:
    2c5e:	e8 94       	clt
    2c60:	09 c0       	rjmp	.+18     	; 0x2c74 <__floatsisf+0x12>

00002c62 <__floatsisf>:
    2c62:	97 fb       	bst	r25, 7
    2c64:	3e f4       	brtc	.+14     	; 0x2c74 <__floatsisf+0x12>
    2c66:	90 95       	com	r25
    2c68:	80 95       	com	r24
    2c6a:	70 95       	com	r23
    2c6c:	61 95       	neg	r22
    2c6e:	7f 4f       	sbci	r23, 0xFF	; 255
    2c70:	8f 4f       	sbci	r24, 0xFF	; 255
    2c72:	9f 4f       	sbci	r25, 0xFF	; 255
    2c74:	99 23       	and	r25, r25
    2c76:	a9 f0       	breq	.+42     	; 0x2ca2 <__floatsisf+0x40>
    2c78:	f9 2f       	mov	r31, r25
    2c7a:	96 e9       	ldi	r25, 0x96	; 150
    2c7c:	bb 27       	eor	r27, r27
    2c7e:	93 95       	inc	r25
    2c80:	f6 95       	lsr	r31
    2c82:	87 95       	ror	r24
    2c84:	77 95       	ror	r23
    2c86:	67 95       	ror	r22
    2c88:	b7 95       	ror	r27
    2c8a:	f1 11       	cpse	r31, r1
    2c8c:	f8 cf       	rjmp	.-16     	; 0x2c7e <__floatsisf+0x1c>
    2c8e:	fa f4       	brpl	.+62     	; 0x2cce <__floatsisf+0x6c>
    2c90:	bb 0f       	add	r27, r27
    2c92:	11 f4       	brne	.+4      	; 0x2c98 <__floatsisf+0x36>
    2c94:	60 ff       	sbrs	r22, 0
    2c96:	1b c0       	rjmp	.+54     	; 0x2cce <__floatsisf+0x6c>
    2c98:	6f 5f       	subi	r22, 0xFF	; 255
    2c9a:	7f 4f       	sbci	r23, 0xFF	; 255
    2c9c:	8f 4f       	sbci	r24, 0xFF	; 255
    2c9e:	9f 4f       	sbci	r25, 0xFF	; 255
    2ca0:	16 c0       	rjmp	.+44     	; 0x2cce <__floatsisf+0x6c>
    2ca2:	88 23       	and	r24, r24
    2ca4:	11 f0       	breq	.+4      	; 0x2caa <__floatsisf+0x48>
    2ca6:	96 e9       	ldi	r25, 0x96	; 150
    2ca8:	11 c0       	rjmp	.+34     	; 0x2ccc <__floatsisf+0x6a>
    2caa:	77 23       	and	r23, r23
    2cac:	21 f0       	breq	.+8      	; 0x2cb6 <__floatsisf+0x54>
    2cae:	9e e8       	ldi	r25, 0x8E	; 142
    2cb0:	87 2f       	mov	r24, r23
    2cb2:	76 2f       	mov	r23, r22
    2cb4:	05 c0       	rjmp	.+10     	; 0x2cc0 <__floatsisf+0x5e>
    2cb6:	66 23       	and	r22, r22
    2cb8:	71 f0       	breq	.+28     	; 0x2cd6 <__floatsisf+0x74>
    2cba:	96 e8       	ldi	r25, 0x86	; 134
    2cbc:	86 2f       	mov	r24, r22
    2cbe:	70 e0       	ldi	r23, 0x00	; 0
    2cc0:	60 e0       	ldi	r22, 0x00	; 0
    2cc2:	2a f0       	brmi	.+10     	; 0x2cce <__floatsisf+0x6c>
    2cc4:	9a 95       	dec	r25
    2cc6:	66 0f       	add	r22, r22
    2cc8:	77 1f       	adc	r23, r23
    2cca:	88 1f       	adc	r24, r24
    2ccc:	da f7       	brpl	.-10     	; 0x2cc4 <__floatsisf+0x62>
    2cce:	88 0f       	add	r24, r24
    2cd0:	96 95       	lsr	r25
    2cd2:	87 95       	ror	r24
    2cd4:	97 f9       	bld	r25, 7
    2cd6:	08 95       	ret

00002cd8 <dtostrf>:
    2cd8:	ef 92       	push	r14
    2cda:	0f 93       	push	r16
    2cdc:	1f 93       	push	r17
    2cde:	cf 93       	push	r28
    2ce0:	df 93       	push	r29
    2ce2:	e8 01       	movw	r28, r16
    2ce4:	47 fd       	sbrc	r20, 7
    2ce6:	02 c0       	rjmp	.+4      	; 0x2cec <dtostrf+0x14>
    2ce8:	34 e0       	ldi	r19, 0x04	; 4
    2cea:	01 c0       	rjmp	.+2      	; 0x2cee <dtostrf+0x16>
    2cec:	34 e1       	ldi	r19, 0x14	; 20
    2cee:	04 2e       	mov	r0, r20
    2cf0:	00 0c       	add	r0, r0
    2cf2:	55 0b       	sbc	r21, r21
    2cf4:	57 ff       	sbrs	r21, 7
    2cf6:	03 c0       	rjmp	.+6      	; 0x2cfe <dtostrf+0x26>
    2cf8:	51 95       	neg	r21
    2cfa:	41 95       	neg	r20
    2cfc:	51 09       	sbc	r21, r1
    2cfe:	e3 2e       	mov	r14, r19
    2d00:	02 2f       	mov	r16, r18
    2d02:	24 2f       	mov	r18, r20
    2d04:	ae 01       	movw	r20, r28
    2d06:	0e 94 21 18 	call	0x3042	; 0x3042 <dtoa_prf>
    2d0a:	ce 01       	movw	r24, r28
    2d0c:	df 91       	pop	r29
    2d0e:	cf 91       	pop	r28
    2d10:	1f 91       	pop	r17
    2d12:	0f 91       	pop	r16
    2d14:	ef 90       	pop	r14
    2d16:	08 95       	ret

00002d18 <strtod>:
    2d18:	a0 e0       	ldi	r26, 0x00	; 0
    2d1a:	b0 e0       	ldi	r27, 0x00	; 0
    2d1c:	e2 e9       	ldi	r30, 0x92	; 146
    2d1e:	f6 e1       	ldi	r31, 0x16	; 22
    2d20:	0c 94 67 1a 	jmp	0x34ce	; 0x34ce <__prologue_saves__+0xc>
    2d24:	ec 01       	movw	r28, r24
    2d26:	6b 01       	movw	r12, r22
    2d28:	61 15       	cp	r22, r1
    2d2a:	71 05       	cpc	r23, r1
    2d2c:	19 f0       	breq	.+6      	; 0x2d34 <strtod+0x1c>
    2d2e:	fb 01       	movw	r30, r22
    2d30:	91 83       	std	Z+1, r25	; 0x01
    2d32:	80 83       	st	Z, r24
    2d34:	7e 01       	movw	r14, r28
    2d36:	ff ef       	ldi	r31, 0xFF	; 255
    2d38:	ef 1a       	sub	r14, r31
    2d3a:	ff 0a       	sbc	r15, r31
    2d3c:	08 81       	ld	r16, Y
    2d3e:	80 2f       	mov	r24, r16
    2d40:	90 e0       	ldi	r25, 0x00	; 0
    2d42:	0e 94 de 17 	call	0x2fbc	; 0x2fbc <isspace>
    2d46:	89 2b       	or	r24, r25
    2d48:	11 f0       	breq	.+4      	; 0x2d4e <strtod+0x36>
    2d4a:	e7 01       	movw	r28, r14
    2d4c:	f3 cf       	rjmp	.-26     	; 0x2d34 <strtod+0x1c>
    2d4e:	0d 32       	cpi	r16, 0x2D	; 45
    2d50:	39 f4       	brne	.+14     	; 0x2d60 <strtod+0x48>
    2d52:	7e 01       	movw	r14, r28
    2d54:	82 e0       	ldi	r24, 0x02	; 2
    2d56:	e8 0e       	add	r14, r24
    2d58:	f1 1c       	adc	r15, r1
    2d5a:	09 81       	ldd	r16, Y+1	; 0x01
    2d5c:	11 e0       	ldi	r17, 0x01	; 1
    2d5e:	08 c0       	rjmp	.+16     	; 0x2d70 <strtod+0x58>
    2d60:	0b 32       	cpi	r16, 0x2B	; 43
    2d62:	29 f4       	brne	.+10     	; 0x2d6e <strtod+0x56>
    2d64:	7e 01       	movw	r14, r28
    2d66:	92 e0       	ldi	r25, 0x02	; 2
    2d68:	e9 0e       	add	r14, r25
    2d6a:	f1 1c       	adc	r15, r1
    2d6c:	09 81       	ldd	r16, Y+1	; 0x01
    2d6e:	10 e0       	ldi	r17, 0x00	; 0
    2d70:	e7 01       	movw	r28, r14
    2d72:	21 97       	sbiw	r28, 0x01	; 1
    2d74:	43 e0       	ldi	r20, 0x03	; 3
    2d76:	50 e0       	ldi	r21, 0x00	; 0
    2d78:	68 e4       	ldi	r22, 0x48	; 72
    2d7a:	71 e0       	ldi	r23, 0x01	; 1
    2d7c:	ce 01       	movw	r24, r28
    2d7e:	0e 94 e7 17 	call	0x2fce	; 0x2fce <strncasecmp_P>
    2d82:	89 2b       	or	r24, r25
    2d84:	c1 f4       	brne	.+48     	; 0x2db6 <strtod+0x9e>
    2d86:	23 96       	adiw	r28, 0x03	; 3
    2d88:	45 e0       	ldi	r20, 0x05	; 5
    2d8a:	50 e0       	ldi	r21, 0x00	; 0
    2d8c:	63 e4       	ldi	r22, 0x43	; 67
    2d8e:	71 e0       	ldi	r23, 0x01	; 1
    2d90:	ce 01       	movw	r24, r28
    2d92:	0e 94 e7 17 	call	0x2fce	; 0x2fce <strncasecmp_P>
    2d96:	89 2b       	or	r24, r25
    2d98:	09 f4       	brne	.+2      	; 0x2d9c <strtod+0x84>
    2d9a:	25 96       	adiw	r28, 0x05	; 5
    2d9c:	c1 14       	cp	r12, r1
    2d9e:	d1 04       	cpc	r13, r1
    2da0:	19 f0       	breq	.+6      	; 0x2da8 <strtod+0x90>
    2da2:	f6 01       	movw	r30, r12
    2da4:	d1 83       	std	Z+1, r29	; 0x01
    2da6:	c0 83       	st	Z, r28
    2da8:	11 11       	cpse	r17, r1
    2daa:	f6 c0       	rjmp	.+492    	; 0x2f98 <strtod+0x280>
    2dac:	60 e0       	ldi	r22, 0x00	; 0
    2dae:	70 e0       	ldi	r23, 0x00	; 0
    2db0:	80 e8       	ldi	r24, 0x80	; 128
    2db2:	9f e7       	ldi	r25, 0x7F	; 127
    2db4:	fa c0       	rjmp	.+500    	; 0x2faa <strtod+0x292>
    2db6:	43 e0       	ldi	r20, 0x03	; 3
    2db8:	50 e0       	ldi	r21, 0x00	; 0
    2dba:	60 e4       	ldi	r22, 0x40	; 64
    2dbc:	71 e0       	ldi	r23, 0x01	; 1
    2dbe:	ce 01       	movw	r24, r28
    2dc0:	0e 94 e7 17 	call	0x2fce	; 0x2fce <strncasecmp_P>
    2dc4:	89 2b       	or	r24, r25
    2dc6:	59 f4       	brne	.+22     	; 0x2dde <strtod+0xc6>
    2dc8:	c1 14       	cp	r12, r1
    2dca:	d1 04       	cpc	r13, r1
    2dcc:	09 f4       	brne	.+2      	; 0x2dd0 <strtod+0xb8>
    2dce:	e9 c0       	rjmp	.+466    	; 0x2fa2 <strtod+0x28a>
    2dd0:	f2 e0       	ldi	r31, 0x02	; 2
    2dd2:	ef 0e       	add	r14, r31
    2dd4:	f1 1c       	adc	r15, r1
    2dd6:	f6 01       	movw	r30, r12
    2dd8:	f1 82       	std	Z+1, r15	; 0x01
    2dda:	e0 82       	st	Z, r14
    2ddc:	e2 c0       	rjmp	.+452    	; 0x2fa2 <strtod+0x28a>
    2dde:	20 e0       	ldi	r18, 0x00	; 0
    2de0:	30 e0       	ldi	r19, 0x00	; 0
    2de2:	a9 01       	movw	r20, r18
    2de4:	c0 e0       	ldi	r28, 0x00	; 0
    2de6:	d0 e0       	ldi	r29, 0x00	; 0
    2de8:	f7 01       	movw	r30, r14
    2dea:	80 ed       	ldi	r24, 0xD0	; 208
    2dec:	a8 2e       	mov	r10, r24
    2dee:	a0 0e       	add	r10, r16
    2df0:	89 e0       	ldi	r24, 0x09	; 9
    2df2:	8a 15       	cp	r24, r10
    2df4:	30 f1       	brcs	.+76     	; 0x2e42 <strtod+0x12a>
    2df6:	91 2f       	mov	r25, r17
    2df8:	92 60       	ori	r25, 0x02	; 2
    2dfa:	b9 2e       	mov	r11, r25
    2dfc:	81 2f       	mov	r24, r17
    2dfe:	88 70       	andi	r24, 0x08	; 8
    2e00:	12 ff       	sbrs	r17, 2
    2e02:	04 c0       	rjmp	.+8      	; 0x2e0c <strtod+0xf4>
    2e04:	81 11       	cpse	r24, r1
    2e06:	24 c0       	rjmp	.+72     	; 0x2e50 <strtod+0x138>
    2e08:	21 96       	adiw	r28, 0x01	; 1
    2e0a:	22 c0       	rjmp	.+68     	; 0x2e50 <strtod+0x138>
    2e0c:	81 11       	cpse	r24, r1
    2e0e:	21 97       	sbiw	r28, 0x01	; 1
    2e10:	a5 e0       	ldi	r26, 0x05	; 5
    2e12:	b0 e0       	ldi	r27, 0x00	; 0
    2e14:	0e 94 56 1a 	call	0x34ac	; 0x34ac <__muluhisi3>
    2e18:	dc 01       	movw	r26, r24
    2e1a:	cb 01       	movw	r24, r22
    2e1c:	88 0f       	add	r24, r24
    2e1e:	99 1f       	adc	r25, r25
    2e20:	aa 1f       	adc	r26, r26
    2e22:	bb 1f       	adc	r27, r27
    2e24:	9c 01       	movw	r18, r24
    2e26:	ad 01       	movw	r20, r26
    2e28:	2a 0d       	add	r18, r10
    2e2a:	31 1d       	adc	r19, r1
    2e2c:	41 1d       	adc	r20, r1
    2e2e:	51 1d       	adc	r21, r1
    2e30:	28 39       	cpi	r18, 0x98	; 152
    2e32:	89 e9       	ldi	r24, 0x99	; 153
    2e34:	38 07       	cpc	r19, r24
    2e36:	48 07       	cpc	r20, r24
    2e38:	89 e1       	ldi	r24, 0x19	; 25
    2e3a:	58 07       	cpc	r21, r24
    2e3c:	48 f0       	brcs	.+18     	; 0x2e50 <strtod+0x138>
    2e3e:	16 60       	ori	r17, 0x06	; 6
    2e40:	06 c0       	rjmp	.+12     	; 0x2e4e <strtod+0x136>
    2e42:	9e ef       	ldi	r25, 0xFE	; 254
    2e44:	a9 12       	cpse	r10, r25
    2e46:	0a c0       	rjmp	.+20     	; 0x2e5c <strtod+0x144>
    2e48:	13 fd       	sbrc	r17, 3
    2e4a:	40 c0       	rjmp	.+128    	; 0x2ecc <strtod+0x1b4>
    2e4c:	18 60       	ori	r17, 0x08	; 8
    2e4e:	b1 2e       	mov	r11, r17
    2e50:	8f ef       	ldi	r24, 0xFF	; 255
    2e52:	e8 1a       	sub	r14, r24
    2e54:	f8 0a       	sbc	r15, r24
    2e56:	00 81       	ld	r16, Z
    2e58:	1b 2d       	mov	r17, r11
    2e5a:	c6 cf       	rjmp	.-116    	; 0x2de8 <strtod+0xd0>
    2e5c:	80 2f       	mov	r24, r16
    2e5e:	8f 7d       	andi	r24, 0xDF	; 223
    2e60:	85 34       	cpi	r24, 0x45	; 69
    2e62:	a1 f5       	brne	.+104    	; 0x2ecc <strtod+0x1b4>
    2e64:	80 81       	ld	r24, Z
    2e66:	8d 32       	cpi	r24, 0x2D	; 45
    2e68:	11 f4       	brne	.+4      	; 0x2e6e <strtod+0x156>
    2e6a:	10 61       	ori	r17, 0x10	; 16
    2e6c:	06 c0       	rjmp	.+12     	; 0x2e7a <strtod+0x162>
    2e6e:	8b 32       	cpi	r24, 0x2B	; 43
    2e70:	21 f0       	breq	.+8      	; 0x2e7a <strtod+0x162>
    2e72:	31 96       	adiw	r30, 0x01	; 1
    2e74:	61 e0       	ldi	r22, 0x01	; 1
    2e76:	70 e0       	ldi	r23, 0x00	; 0
    2e78:	04 c0       	rjmp	.+8      	; 0x2e82 <strtod+0x16a>
    2e7a:	81 81       	ldd	r24, Z+1	; 0x01
    2e7c:	32 96       	adiw	r30, 0x02	; 2
    2e7e:	62 e0       	ldi	r22, 0x02	; 2
    2e80:	70 e0       	ldi	r23, 0x00	; 0
    2e82:	80 53       	subi	r24, 0x30	; 48
    2e84:	8a 30       	cpi	r24, 0x0A	; 10
    2e86:	18 f0       	brcs	.+6      	; 0x2e8e <strtod+0x176>
    2e88:	e6 1b       	sub	r30, r22
    2e8a:	f7 0b       	sbc	r31, r23
    2e8c:	1f c0       	rjmp	.+62     	; 0x2ecc <strtod+0x1b4>
    2e8e:	60 e0       	ldi	r22, 0x00	; 0
    2e90:	70 e0       	ldi	r23, 0x00	; 0
    2e92:	60 38       	cpi	r22, 0x80	; 128
    2e94:	9c e0       	ldi	r25, 0x0C	; 12
    2e96:	79 07       	cpc	r23, r25
    2e98:	5c f4       	brge	.+22     	; 0x2eb0 <strtod+0x198>
    2e9a:	db 01       	movw	r26, r22
    2e9c:	aa 0f       	add	r26, r26
    2e9e:	bb 1f       	adc	r27, r27
    2ea0:	aa 0f       	add	r26, r26
    2ea2:	bb 1f       	adc	r27, r27
    2ea4:	6a 0f       	add	r22, r26
    2ea6:	7b 1f       	adc	r23, r27
    2ea8:	66 0f       	add	r22, r22
    2eaa:	77 1f       	adc	r23, r23
    2eac:	68 0f       	add	r22, r24
    2eae:	71 1d       	adc	r23, r1
    2eb0:	31 96       	adiw	r30, 0x01	; 1
    2eb2:	df 01       	movw	r26, r30
    2eb4:	11 97       	sbiw	r26, 0x01	; 1
    2eb6:	8c 91       	ld	r24, X
    2eb8:	80 53       	subi	r24, 0x30	; 48
    2eba:	8a 30       	cpi	r24, 0x0A	; 10
    2ebc:	50 f3       	brcs	.-44     	; 0x2e92 <strtod+0x17a>
    2ebe:	14 ff       	sbrs	r17, 4
    2ec0:	03 c0       	rjmp	.+6      	; 0x2ec8 <strtod+0x1b0>
    2ec2:	71 95       	neg	r23
    2ec4:	61 95       	neg	r22
    2ec6:	71 09       	sbc	r23, r1
    2ec8:	c6 0f       	add	r28, r22
    2eca:	d7 1f       	adc	r29, r23
    2ecc:	11 ff       	sbrs	r17, 1
    2ece:	08 c0       	rjmp	.+16     	; 0x2ee0 <strtod+0x1c8>
    2ed0:	c1 14       	cp	r12, r1
    2ed2:	d1 04       	cpc	r13, r1
    2ed4:	29 f0       	breq	.+10     	; 0x2ee0 <strtod+0x1c8>
    2ed6:	cf 01       	movw	r24, r30
    2ed8:	01 97       	sbiw	r24, 0x01	; 1
    2eda:	f6 01       	movw	r30, r12
    2edc:	91 83       	std	Z+1, r25	; 0x01
    2ede:	80 83       	st	Z, r24
    2ee0:	ca 01       	movw	r24, r20
    2ee2:	b9 01       	movw	r22, r18
    2ee4:	0e 94 2f 16 	call	0x2c5e	; 0x2c5e <__floatunsisf>
    2ee8:	21 2f       	mov	r18, r17
    2eea:	23 70       	andi	r18, 0x03	; 3
    2eec:	23 30       	cpi	r18, 0x03	; 3
    2eee:	19 f0       	breq	.+6      	; 0x2ef6 <strtod+0x1de>
    2ef0:	4b 01       	movw	r8, r22
    2ef2:	5c 01       	movw	r10, r24
    2ef4:	06 c0       	rjmp	.+12     	; 0x2f02 <strtod+0x1ea>
    2ef6:	4b 01       	movw	r8, r22
    2ef8:	5c 01       	movw	r10, r24
    2efa:	b7 fa       	bst	r11, 7
    2efc:	b0 94       	com	r11
    2efe:	b7 f8       	bld	r11, 7
    2f00:	b0 94       	com	r11
    2f02:	20 e0       	ldi	r18, 0x00	; 0
    2f04:	30 e0       	ldi	r19, 0x00	; 0
    2f06:	a9 01       	movw	r20, r18
    2f08:	c5 01       	movw	r24, r10
    2f0a:	b4 01       	movw	r22, r8
    2f0c:	0e 94 4b 12 	call	0x2496	; 0x2496 <__cmpsf2>
    2f10:	88 23       	and	r24, r24
    2f12:	09 f4       	brne	.+2      	; 0x2f16 <strtod+0x1fe>
    2f14:	3e c0       	rjmp	.+124    	; 0x2f92 <strtod+0x27a>
    2f16:	d7 ff       	sbrs	r29, 7
    2f18:	06 c0       	rjmp	.+12     	; 0x2f26 <strtod+0x20e>
    2f1a:	d1 95       	neg	r29
    2f1c:	c1 95       	neg	r28
    2f1e:	d1 09       	sbc	r29, r1
    2f20:	0f e5       	ldi	r16, 0x5F	; 95
    2f22:	11 e0       	ldi	r17, 0x01	; 1
    2f24:	02 c0       	rjmp	.+4      	; 0x2f2a <strtod+0x212>
    2f26:	07 e7       	ldi	r16, 0x77	; 119
    2f28:	11 e0       	ldi	r17, 0x01	; 1
    2f2a:	68 01       	movw	r12, r16
    2f2c:	f8 e1       	ldi	r31, 0x18	; 24
    2f2e:	cf 1a       	sub	r12, r31
    2f30:	d1 08       	sbc	r13, r1
    2f32:	90 e2       	ldi	r25, 0x20	; 32
    2f34:	e9 2e       	mov	r14, r25
    2f36:	f1 2c       	mov	r15, r1
    2f38:	ce 15       	cp	r28, r14
    2f3a:	df 05       	cpc	r29, r15
    2f3c:	74 f0       	brlt	.+28     	; 0x2f5a <strtod+0x242>
    2f3e:	f8 01       	movw	r30, r16
    2f40:	25 91       	lpm	r18, Z+
    2f42:	35 91       	lpm	r19, Z+
    2f44:	45 91       	lpm	r20, Z+
    2f46:	54 91       	lpm	r21, Z
    2f48:	c5 01       	movw	r24, r10
    2f4a:	b4 01       	movw	r22, r8
    2f4c:	0e 94 af 13 	call	0x275e	; 0x275e <__mulsf3>
    2f50:	4b 01       	movw	r8, r22
    2f52:	5c 01       	movw	r10, r24
    2f54:	ce 19       	sub	r28, r14
    2f56:	df 09       	sbc	r29, r15
    2f58:	ef cf       	rjmp	.-34     	; 0x2f38 <strtod+0x220>
    2f5a:	04 50       	subi	r16, 0x04	; 4
    2f5c:	11 09       	sbc	r17, r1
    2f5e:	f5 94       	asr	r15
    2f60:	e7 94       	ror	r14
    2f62:	0c 15       	cp	r16, r12
    2f64:	1d 05       	cpc	r17, r13
    2f66:	41 f7       	brne	.-48     	; 0x2f38 <strtod+0x220>
    2f68:	8a 2d       	mov	r24, r10
    2f6a:	88 0f       	add	r24, r24
    2f6c:	8b 2d       	mov	r24, r11
    2f6e:	88 1f       	adc	r24, r24
    2f70:	8f 3f       	cpi	r24, 0xFF	; 255
    2f72:	49 f0       	breq	.+18     	; 0x2f86 <strtod+0x26e>
    2f74:	20 e0       	ldi	r18, 0x00	; 0
    2f76:	30 e0       	ldi	r19, 0x00	; 0
    2f78:	a9 01       	movw	r20, r18
    2f7a:	c5 01       	movw	r24, r10
    2f7c:	b4 01       	movw	r22, r8
    2f7e:	0e 94 4b 12 	call	0x2496	; 0x2496 <__cmpsf2>
    2f82:	81 11       	cpse	r24, r1
    2f84:	06 c0       	rjmp	.+12     	; 0x2f92 <strtod+0x27a>
    2f86:	82 e2       	ldi	r24, 0x22	; 34
    2f88:	90 e0       	ldi	r25, 0x00	; 0
    2f8a:	90 93 f1 03 	sts	0x03F1, r25	; 0x8003f1 <errno+0x1>
    2f8e:	80 93 f0 03 	sts	0x03F0, r24	; 0x8003f0 <errno>
    2f92:	c5 01       	movw	r24, r10
    2f94:	b4 01       	movw	r22, r8
    2f96:	09 c0       	rjmp	.+18     	; 0x2faa <strtod+0x292>
    2f98:	60 e0       	ldi	r22, 0x00	; 0
    2f9a:	70 e0       	ldi	r23, 0x00	; 0
    2f9c:	80 e8       	ldi	r24, 0x80	; 128
    2f9e:	9f ef       	ldi	r25, 0xFF	; 255
    2fa0:	04 c0       	rjmp	.+8      	; 0x2faa <strtod+0x292>
    2fa2:	60 e0       	ldi	r22, 0x00	; 0
    2fa4:	70 e0       	ldi	r23, 0x00	; 0
    2fa6:	80 ec       	ldi	r24, 0xC0	; 192
    2fa8:	9f e7       	ldi	r25, 0x7F	; 127
    2faa:	cd b7       	in	r28, 0x3d	; 61
    2fac:	de b7       	in	r29, 0x3e	; 62
    2fae:	ec e0       	ldi	r30, 0x0C	; 12
    2fb0:	0c 94 83 1a 	jmp	0x3506	; 0x3506 <__epilogue_restores__+0xc>

00002fb4 <atof>:
    2fb4:	66 27       	eor	r22, r22
    2fb6:	77 27       	eor	r23, r23
    2fb8:	0c 94 8c 16 	jmp	0x2d18	; 0x2d18 <strtod>

00002fbc <isspace>:
    2fbc:	91 11       	cpse	r25, r1
    2fbe:	0c 94 53 1a 	jmp	0x34a6	; 0x34a6 <__ctype_isfalse>
    2fc2:	80 32       	cpi	r24, 0x20	; 32
    2fc4:	19 f0       	breq	.+6      	; 0x2fcc <isspace+0x10>
    2fc6:	89 50       	subi	r24, 0x09	; 9
    2fc8:	85 50       	subi	r24, 0x05	; 5
    2fca:	c8 f7       	brcc	.-14     	; 0x2fbe <isspace+0x2>
    2fcc:	08 95       	ret

00002fce <strncasecmp_P>:
    2fce:	fb 01       	movw	r30, r22
    2fd0:	dc 01       	movw	r26, r24
    2fd2:	41 50       	subi	r20, 0x01	; 1
    2fd4:	50 40       	sbci	r21, 0x00	; 0
    2fd6:	88 f0       	brcs	.+34     	; 0x2ffa <strncasecmp_P+0x2c>
    2fd8:	8d 91       	ld	r24, X+
    2fda:	81 34       	cpi	r24, 0x41	; 65
    2fdc:	1c f0       	brlt	.+6      	; 0x2fe4 <strncasecmp_P+0x16>
    2fde:	8b 35       	cpi	r24, 0x5B	; 91
    2fe0:	0c f4       	brge	.+2      	; 0x2fe4 <strncasecmp_P+0x16>
    2fe2:	80 5e       	subi	r24, 0xE0	; 224
    2fe4:	65 91       	lpm	r22, Z+
    2fe6:	61 34       	cpi	r22, 0x41	; 65
    2fe8:	1c f0       	brlt	.+6      	; 0x2ff0 <strncasecmp_P+0x22>
    2fea:	6b 35       	cpi	r22, 0x5B	; 91
    2fec:	0c f4       	brge	.+2      	; 0x2ff0 <strncasecmp_P+0x22>
    2fee:	60 5e       	subi	r22, 0xE0	; 224
    2ff0:	86 1b       	sub	r24, r22
    2ff2:	61 11       	cpse	r22, r1
    2ff4:	71 f3       	breq	.-36     	; 0x2fd2 <strncasecmp_P+0x4>
    2ff6:	99 0b       	sbc	r25, r25
    2ff8:	08 95       	ret
    2ffa:	88 1b       	sub	r24, r24
    2ffc:	fc cf       	rjmp	.-8      	; 0x2ff6 <strncasecmp_P+0x28>

00002ffe <strcat>:
    2ffe:	fb 01       	movw	r30, r22
    3000:	dc 01       	movw	r26, r24
    3002:	0d 90       	ld	r0, X+
    3004:	00 20       	and	r0, r0
    3006:	e9 f7       	brne	.-6      	; 0x3002 <strcat+0x4>
    3008:	11 97       	sbiw	r26, 0x01	; 1
    300a:	01 90       	ld	r0, Z+
    300c:	0d 92       	st	X+, r0
    300e:	00 20       	and	r0, r0
    3010:	e1 f7       	brne	.-8      	; 0x300a <strcat+0xc>
    3012:	08 95       	ret

00003014 <strlen>:
    3014:	fc 01       	movw	r30, r24
    3016:	01 90       	ld	r0, Z+
    3018:	00 20       	and	r0, r0
    301a:	e9 f7       	brne	.-6      	; 0x3016 <strlen+0x2>
    301c:	80 95       	com	r24
    301e:	90 95       	com	r25
    3020:	8e 0f       	add	r24, r30
    3022:	9f 1f       	adc	r25, r31
    3024:	08 95       	ret

00003026 <strncmp>:
    3026:	fb 01       	movw	r30, r22
    3028:	dc 01       	movw	r26, r24
    302a:	41 50       	subi	r20, 0x01	; 1
    302c:	50 40       	sbci	r21, 0x00	; 0
    302e:	30 f0       	brcs	.+12     	; 0x303c <strncmp+0x16>
    3030:	8d 91       	ld	r24, X+
    3032:	01 90       	ld	r0, Z+
    3034:	80 19       	sub	r24, r0
    3036:	19 f4       	brne	.+6      	; 0x303e <strncmp+0x18>
    3038:	00 20       	and	r0, r0
    303a:	b9 f7       	brne	.-18     	; 0x302a <strncmp+0x4>
    303c:	88 1b       	sub	r24, r24
    303e:	99 0b       	sbc	r25, r25
    3040:	08 95       	ret

00003042 <dtoa_prf>:
    3042:	a9 e0       	ldi	r26, 0x09	; 9
    3044:	b0 e0       	ldi	r27, 0x00	; 0
    3046:	e7 e2       	ldi	r30, 0x27	; 39
    3048:	f8 e1       	ldi	r31, 0x18	; 24
    304a:	0c 94 67 1a 	jmp	0x34ce	; 0x34ce <__prologue_saves__+0xc>
    304e:	6a 01       	movw	r12, r20
    3050:	12 2f       	mov	r17, r18
    3052:	b0 2e       	mov	r11, r16
    3054:	2b e3       	ldi	r18, 0x3B	; 59
    3056:	20 17       	cp	r18, r16
    3058:	20 f0       	brcs	.+8      	; 0x3062 <dtoa_prf+0x20>
    305a:	ff 24       	eor	r15, r15
    305c:	f3 94       	inc	r15
    305e:	f0 0e       	add	r15, r16
    3060:	02 c0       	rjmp	.+4      	; 0x3066 <dtoa_prf+0x24>
    3062:	2c e3       	ldi	r18, 0x3C	; 60
    3064:	f2 2e       	mov	r15, r18
    3066:	0f 2d       	mov	r16, r15
    3068:	27 e0       	ldi	r18, 0x07	; 7
    306a:	ae 01       	movw	r20, r28
    306c:	4f 5f       	subi	r20, 0xFF	; 255
    306e:	5f 4f       	sbci	r21, 0xFF	; 255
    3070:	0e 94 7b 19 	call	0x32f6	; 0x32f6 <__ftoa_engine>
    3074:	bc 01       	movw	r22, r24
    3076:	49 81       	ldd	r20, Y+1	; 0x01
    3078:	84 2f       	mov	r24, r20
    307a:	89 70       	andi	r24, 0x09	; 9
    307c:	81 30       	cpi	r24, 0x01	; 1
    307e:	31 f0       	breq	.+12     	; 0x308c <dtoa_prf+0x4a>
    3080:	e1 fc       	sbrc	r14, 1
    3082:	06 c0       	rjmp	.+12     	; 0x3090 <dtoa_prf+0x4e>
    3084:	e0 fe       	sbrs	r14, 0
    3086:	06 c0       	rjmp	.+12     	; 0x3094 <dtoa_prf+0x52>
    3088:	90 e2       	ldi	r25, 0x20	; 32
    308a:	05 c0       	rjmp	.+10     	; 0x3096 <dtoa_prf+0x54>
    308c:	9d e2       	ldi	r25, 0x2D	; 45
    308e:	03 c0       	rjmp	.+6      	; 0x3096 <dtoa_prf+0x54>
    3090:	9b e2       	ldi	r25, 0x2B	; 43
    3092:	01 c0       	rjmp	.+2      	; 0x3096 <dtoa_prf+0x54>
    3094:	90 e0       	ldi	r25, 0x00	; 0
    3096:	5e 2d       	mov	r21, r14
    3098:	50 71       	andi	r21, 0x10	; 16
    309a:	43 ff       	sbrs	r20, 3
    309c:	3c c0       	rjmp	.+120    	; 0x3116 <dtoa_prf+0xd4>
    309e:	91 11       	cpse	r25, r1
    30a0:	02 c0       	rjmp	.+4      	; 0x30a6 <dtoa_prf+0x64>
    30a2:	83 e0       	ldi	r24, 0x03	; 3
    30a4:	01 c0       	rjmp	.+2      	; 0x30a8 <dtoa_prf+0x66>
    30a6:	84 e0       	ldi	r24, 0x04	; 4
    30a8:	81 17       	cp	r24, r17
    30aa:	18 f4       	brcc	.+6      	; 0x30b2 <dtoa_prf+0x70>
    30ac:	21 2f       	mov	r18, r17
    30ae:	28 1b       	sub	r18, r24
    30b0:	01 c0       	rjmp	.+2      	; 0x30b4 <dtoa_prf+0x72>
    30b2:	20 e0       	ldi	r18, 0x00	; 0
    30b4:	51 11       	cpse	r21, r1
    30b6:	0b c0       	rjmp	.+22     	; 0x30ce <dtoa_prf+0x8c>
    30b8:	f6 01       	movw	r30, r12
    30ba:	82 2f       	mov	r24, r18
    30bc:	30 e2       	ldi	r19, 0x20	; 32
    30be:	88 23       	and	r24, r24
    30c0:	19 f0       	breq	.+6      	; 0x30c8 <dtoa_prf+0x86>
    30c2:	31 93       	st	Z+, r19
    30c4:	81 50       	subi	r24, 0x01	; 1
    30c6:	fb cf       	rjmp	.-10     	; 0x30be <dtoa_prf+0x7c>
    30c8:	c2 0e       	add	r12, r18
    30ca:	d1 1c       	adc	r13, r1
    30cc:	20 e0       	ldi	r18, 0x00	; 0
    30ce:	99 23       	and	r25, r25
    30d0:	29 f0       	breq	.+10     	; 0x30dc <dtoa_prf+0x9a>
    30d2:	d6 01       	movw	r26, r12
    30d4:	9c 93       	st	X, r25
    30d6:	f6 01       	movw	r30, r12
    30d8:	31 96       	adiw	r30, 0x01	; 1
    30da:	6f 01       	movw	r12, r30
    30dc:	c6 01       	movw	r24, r12
    30de:	03 96       	adiw	r24, 0x03	; 3
    30e0:	e2 fe       	sbrs	r14, 2
    30e2:	0a c0       	rjmp	.+20     	; 0x30f8 <dtoa_prf+0xb6>
    30e4:	3e e4       	ldi	r19, 0x4E	; 78
    30e6:	d6 01       	movw	r26, r12
    30e8:	3c 93       	st	X, r19
    30ea:	41 e4       	ldi	r20, 0x41	; 65
    30ec:	11 96       	adiw	r26, 0x01	; 1
    30ee:	4c 93       	st	X, r20
    30f0:	11 97       	sbiw	r26, 0x01	; 1
    30f2:	12 96       	adiw	r26, 0x02	; 2
    30f4:	3c 93       	st	X, r19
    30f6:	06 c0       	rjmp	.+12     	; 0x3104 <dtoa_prf+0xc2>
    30f8:	3e e6       	ldi	r19, 0x6E	; 110
    30fa:	f6 01       	movw	r30, r12
    30fc:	30 83       	st	Z, r19
    30fe:	41 e6       	ldi	r20, 0x61	; 97
    3100:	41 83       	std	Z+1, r20	; 0x01
    3102:	32 83       	std	Z+2, r19	; 0x02
    3104:	fc 01       	movw	r30, r24
    3106:	32 2f       	mov	r19, r18
    3108:	40 e2       	ldi	r20, 0x20	; 32
    310a:	33 23       	and	r19, r19
    310c:	09 f4       	brne	.+2      	; 0x3110 <dtoa_prf+0xce>
    310e:	42 c0       	rjmp	.+132    	; 0x3194 <dtoa_prf+0x152>
    3110:	41 93       	st	Z+, r20
    3112:	31 50       	subi	r19, 0x01	; 1
    3114:	fa cf       	rjmp	.-12     	; 0x310a <dtoa_prf+0xc8>
    3116:	42 ff       	sbrs	r20, 2
    3118:	44 c0       	rjmp	.+136    	; 0x31a2 <dtoa_prf+0x160>
    311a:	91 11       	cpse	r25, r1
    311c:	02 c0       	rjmp	.+4      	; 0x3122 <dtoa_prf+0xe0>
    311e:	83 e0       	ldi	r24, 0x03	; 3
    3120:	01 c0       	rjmp	.+2      	; 0x3124 <dtoa_prf+0xe2>
    3122:	84 e0       	ldi	r24, 0x04	; 4
    3124:	81 17       	cp	r24, r17
    3126:	18 f4       	brcc	.+6      	; 0x312e <dtoa_prf+0xec>
    3128:	21 2f       	mov	r18, r17
    312a:	28 1b       	sub	r18, r24
    312c:	01 c0       	rjmp	.+2      	; 0x3130 <dtoa_prf+0xee>
    312e:	20 e0       	ldi	r18, 0x00	; 0
    3130:	51 11       	cpse	r21, r1
    3132:	0b c0       	rjmp	.+22     	; 0x314a <dtoa_prf+0x108>
    3134:	f6 01       	movw	r30, r12
    3136:	82 2f       	mov	r24, r18
    3138:	30 e2       	ldi	r19, 0x20	; 32
    313a:	88 23       	and	r24, r24
    313c:	19 f0       	breq	.+6      	; 0x3144 <dtoa_prf+0x102>
    313e:	31 93       	st	Z+, r19
    3140:	81 50       	subi	r24, 0x01	; 1
    3142:	fb cf       	rjmp	.-10     	; 0x313a <dtoa_prf+0xf8>
    3144:	c2 0e       	add	r12, r18
    3146:	d1 1c       	adc	r13, r1
    3148:	20 e0       	ldi	r18, 0x00	; 0
    314a:	99 23       	and	r25, r25
    314c:	29 f0       	breq	.+10     	; 0x3158 <dtoa_prf+0x116>
    314e:	d6 01       	movw	r26, r12
    3150:	9c 93       	st	X, r25
    3152:	f6 01       	movw	r30, r12
    3154:	31 96       	adiw	r30, 0x01	; 1
    3156:	6f 01       	movw	r12, r30
    3158:	c6 01       	movw	r24, r12
    315a:	03 96       	adiw	r24, 0x03	; 3
    315c:	e2 fe       	sbrs	r14, 2
    315e:	0b c0       	rjmp	.+22     	; 0x3176 <dtoa_prf+0x134>
    3160:	39 e4       	ldi	r19, 0x49	; 73
    3162:	d6 01       	movw	r26, r12
    3164:	3c 93       	st	X, r19
    3166:	3e e4       	ldi	r19, 0x4E	; 78
    3168:	11 96       	adiw	r26, 0x01	; 1
    316a:	3c 93       	st	X, r19
    316c:	11 97       	sbiw	r26, 0x01	; 1
    316e:	36 e4       	ldi	r19, 0x46	; 70
    3170:	12 96       	adiw	r26, 0x02	; 2
    3172:	3c 93       	st	X, r19
    3174:	07 c0       	rjmp	.+14     	; 0x3184 <dtoa_prf+0x142>
    3176:	39 e6       	ldi	r19, 0x69	; 105
    3178:	f6 01       	movw	r30, r12
    317a:	30 83       	st	Z, r19
    317c:	3e e6       	ldi	r19, 0x6E	; 110
    317e:	31 83       	std	Z+1, r19	; 0x01
    3180:	36 e6       	ldi	r19, 0x66	; 102
    3182:	32 83       	std	Z+2, r19	; 0x02
    3184:	fc 01       	movw	r30, r24
    3186:	32 2f       	mov	r19, r18
    3188:	40 e2       	ldi	r20, 0x20	; 32
    318a:	33 23       	and	r19, r19
    318c:	19 f0       	breq	.+6      	; 0x3194 <dtoa_prf+0x152>
    318e:	41 93       	st	Z+, r20
    3190:	31 50       	subi	r19, 0x01	; 1
    3192:	fb cf       	rjmp	.-10     	; 0x318a <dtoa_prf+0x148>
    3194:	fc 01       	movw	r30, r24
    3196:	e2 0f       	add	r30, r18
    3198:	f1 1d       	adc	r31, r1
    319a:	10 82       	st	Z, r1
    319c:	8e ef       	ldi	r24, 0xFE	; 254
    319e:	9f ef       	ldi	r25, 0xFF	; 255
    31a0:	a6 c0       	rjmp	.+332    	; 0x32ee <dtoa_prf+0x2ac>
    31a2:	21 e0       	ldi	r18, 0x01	; 1
    31a4:	30 e0       	ldi	r19, 0x00	; 0
    31a6:	91 11       	cpse	r25, r1
    31a8:	02 c0       	rjmp	.+4      	; 0x31ae <dtoa_prf+0x16c>
    31aa:	20 e0       	ldi	r18, 0x00	; 0
    31ac:	30 e0       	ldi	r19, 0x00	; 0
    31ae:	16 16       	cp	r1, r22
    31b0:	17 06       	cpc	r1, r23
    31b2:	1c f4       	brge	.+6      	; 0x31ba <dtoa_prf+0x178>
    31b4:	fb 01       	movw	r30, r22
    31b6:	31 96       	adiw	r30, 0x01	; 1
    31b8:	02 c0       	rjmp	.+4      	; 0x31be <dtoa_prf+0x17c>
    31ba:	e1 e0       	ldi	r30, 0x01	; 1
    31bc:	f0 e0       	ldi	r31, 0x00	; 0
    31be:	2e 0f       	add	r18, r30
    31c0:	3f 1f       	adc	r19, r31
    31c2:	bb 20       	and	r11, r11
    31c4:	21 f0       	breq	.+8      	; 0x31ce <dtoa_prf+0x18c>
    31c6:	eb 2d       	mov	r30, r11
    31c8:	f0 e0       	ldi	r31, 0x00	; 0
    31ca:	31 96       	adiw	r30, 0x01	; 1
    31cc:	02 c0       	rjmp	.+4      	; 0x31d2 <dtoa_prf+0x190>
    31ce:	e0 e0       	ldi	r30, 0x00	; 0
    31d0:	f0 e0       	ldi	r31, 0x00	; 0
    31d2:	2e 0f       	add	r18, r30
    31d4:	3f 1f       	adc	r19, r31
    31d6:	e1 2f       	mov	r30, r17
    31d8:	f0 e0       	ldi	r31, 0x00	; 0
    31da:	2e 17       	cp	r18, r30
    31dc:	3f 07       	cpc	r19, r31
    31de:	1c f4       	brge	.+6      	; 0x31e6 <dtoa_prf+0x1a4>
    31e0:	12 1b       	sub	r17, r18
    31e2:	21 2f       	mov	r18, r17
    31e4:	01 c0       	rjmp	.+2      	; 0x31e8 <dtoa_prf+0x1a6>
    31e6:	20 e0       	ldi	r18, 0x00	; 0
    31e8:	8e 2d       	mov	r24, r14
    31ea:	88 71       	andi	r24, 0x18	; 24
    31ec:	59 f4       	brne	.+22     	; 0x3204 <dtoa_prf+0x1c2>
    31ee:	f6 01       	movw	r30, r12
    31f0:	82 2f       	mov	r24, r18
    31f2:	30 e2       	ldi	r19, 0x20	; 32
    31f4:	88 23       	and	r24, r24
    31f6:	19 f0       	breq	.+6      	; 0x31fe <dtoa_prf+0x1bc>
    31f8:	31 93       	st	Z+, r19
    31fa:	81 50       	subi	r24, 0x01	; 1
    31fc:	fb cf       	rjmp	.-10     	; 0x31f4 <dtoa_prf+0x1b2>
    31fe:	c2 0e       	add	r12, r18
    3200:	d1 1c       	adc	r13, r1
    3202:	20 e0       	ldi	r18, 0x00	; 0
    3204:	99 23       	and	r25, r25
    3206:	29 f0       	breq	.+10     	; 0x3212 <dtoa_prf+0x1d0>
    3208:	d6 01       	movw	r26, r12
    320a:	9c 93       	st	X, r25
    320c:	f6 01       	movw	r30, r12
    320e:	31 96       	adiw	r30, 0x01	; 1
    3210:	6f 01       	movw	r12, r30
    3212:	51 11       	cpse	r21, r1
    3214:	0b c0       	rjmp	.+22     	; 0x322c <dtoa_prf+0x1ea>
    3216:	f6 01       	movw	r30, r12
    3218:	82 2f       	mov	r24, r18
    321a:	90 e3       	ldi	r25, 0x30	; 48
    321c:	88 23       	and	r24, r24
    321e:	19 f0       	breq	.+6      	; 0x3226 <dtoa_prf+0x1e4>
    3220:	91 93       	st	Z+, r25
    3222:	81 50       	subi	r24, 0x01	; 1
    3224:	fb cf       	rjmp	.-10     	; 0x321c <dtoa_prf+0x1da>
    3226:	c2 0e       	add	r12, r18
    3228:	d1 1c       	adc	r13, r1
    322a:	20 e0       	ldi	r18, 0x00	; 0
    322c:	0f 2d       	mov	r16, r15
    322e:	06 0f       	add	r16, r22
    3230:	9a 81       	ldd	r25, Y+2	; 0x02
    3232:	34 2f       	mov	r19, r20
    3234:	30 71       	andi	r19, 0x10	; 16
    3236:	44 ff       	sbrs	r20, 4
    3238:	03 c0       	rjmp	.+6      	; 0x3240 <dtoa_prf+0x1fe>
    323a:	91 33       	cpi	r25, 0x31	; 49
    323c:	09 f4       	brne	.+2      	; 0x3240 <dtoa_prf+0x1fe>
    323e:	01 50       	subi	r16, 0x01	; 1
    3240:	10 16       	cp	r1, r16
    3242:	24 f4       	brge	.+8      	; 0x324c <dtoa_prf+0x20a>
    3244:	09 30       	cpi	r16, 0x09	; 9
    3246:	18 f0       	brcs	.+6      	; 0x324e <dtoa_prf+0x20c>
    3248:	08 e0       	ldi	r16, 0x08	; 8
    324a:	01 c0       	rjmp	.+2      	; 0x324e <dtoa_prf+0x20c>
    324c:	01 e0       	ldi	r16, 0x01	; 1
    324e:	ab 01       	movw	r20, r22
    3250:	77 ff       	sbrs	r23, 7
    3252:	02 c0       	rjmp	.+4      	; 0x3258 <dtoa_prf+0x216>
    3254:	40 e0       	ldi	r20, 0x00	; 0
    3256:	50 e0       	ldi	r21, 0x00	; 0
    3258:	fb 01       	movw	r30, r22
    325a:	e4 1b       	sub	r30, r20
    325c:	f5 0b       	sbc	r31, r21
    325e:	a1 e0       	ldi	r26, 0x01	; 1
    3260:	b0 e0       	ldi	r27, 0x00	; 0
    3262:	ac 0f       	add	r26, r28
    3264:	bd 1f       	adc	r27, r29
    3266:	ea 0f       	add	r30, r26
    3268:	fb 1f       	adc	r31, r27
    326a:	8e e2       	ldi	r24, 0x2E	; 46
    326c:	a8 2e       	mov	r10, r24
    326e:	4b 01       	movw	r8, r22
    3270:	80 1a       	sub	r8, r16
    3272:	91 08       	sbc	r9, r1
    3274:	0b 2d       	mov	r16, r11
    3276:	10 e0       	ldi	r17, 0x00	; 0
    3278:	11 95       	neg	r17
    327a:	01 95       	neg	r16
    327c:	11 09       	sbc	r17, r1
    327e:	4f 3f       	cpi	r20, 0xFF	; 255
    3280:	bf ef       	ldi	r27, 0xFF	; 255
    3282:	5b 07       	cpc	r21, r27
    3284:	21 f4       	brne	.+8      	; 0x328e <dtoa_prf+0x24c>
    3286:	d6 01       	movw	r26, r12
    3288:	ac 92       	st	X, r10
    328a:	11 96       	adiw	r26, 0x01	; 1
    328c:	6d 01       	movw	r12, r26
    328e:	64 17       	cp	r22, r20
    3290:	75 07       	cpc	r23, r21
    3292:	2c f0       	brlt	.+10     	; 0x329e <dtoa_prf+0x25c>
    3294:	84 16       	cp	r8, r20
    3296:	95 06       	cpc	r9, r21
    3298:	14 f4       	brge	.+4      	; 0x329e <dtoa_prf+0x25c>
    329a:	81 81       	ldd	r24, Z+1	; 0x01
    329c:	01 c0       	rjmp	.+2      	; 0x32a0 <dtoa_prf+0x25e>
    329e:	80 e3       	ldi	r24, 0x30	; 48
    32a0:	41 50       	subi	r20, 0x01	; 1
    32a2:	51 09       	sbc	r21, r1
    32a4:	31 96       	adiw	r30, 0x01	; 1
    32a6:	d6 01       	movw	r26, r12
    32a8:	11 96       	adiw	r26, 0x01	; 1
    32aa:	7d 01       	movw	r14, r26
    32ac:	40 17       	cp	r20, r16
    32ae:	51 07       	cpc	r21, r17
    32b0:	24 f0       	brlt	.+8      	; 0x32ba <dtoa_prf+0x278>
    32b2:	d6 01       	movw	r26, r12
    32b4:	8c 93       	st	X, r24
    32b6:	67 01       	movw	r12, r14
    32b8:	e2 cf       	rjmp	.-60     	; 0x327e <dtoa_prf+0x23c>
    32ba:	64 17       	cp	r22, r20
    32bc:	75 07       	cpc	r23, r21
    32be:	39 f4       	brne	.+14     	; 0x32ce <dtoa_prf+0x28c>
    32c0:	96 33       	cpi	r25, 0x36	; 54
    32c2:	20 f4       	brcc	.+8      	; 0x32cc <dtoa_prf+0x28a>
    32c4:	95 33       	cpi	r25, 0x35	; 53
    32c6:	19 f4       	brne	.+6      	; 0x32ce <dtoa_prf+0x28c>
    32c8:	31 11       	cpse	r19, r1
    32ca:	01 c0       	rjmp	.+2      	; 0x32ce <dtoa_prf+0x28c>
    32cc:	81 e3       	ldi	r24, 0x31	; 49
    32ce:	f6 01       	movw	r30, r12
    32d0:	80 83       	st	Z, r24
    32d2:	f7 01       	movw	r30, r14
    32d4:	82 2f       	mov	r24, r18
    32d6:	90 e2       	ldi	r25, 0x20	; 32
    32d8:	88 23       	and	r24, r24
    32da:	19 f0       	breq	.+6      	; 0x32e2 <dtoa_prf+0x2a0>
    32dc:	91 93       	st	Z+, r25
    32de:	81 50       	subi	r24, 0x01	; 1
    32e0:	fb cf       	rjmp	.-10     	; 0x32d8 <dtoa_prf+0x296>
    32e2:	f7 01       	movw	r30, r14
    32e4:	e2 0f       	add	r30, r18
    32e6:	f1 1d       	adc	r31, r1
    32e8:	10 82       	st	Z, r1
    32ea:	80 e0       	ldi	r24, 0x00	; 0
    32ec:	90 e0       	ldi	r25, 0x00	; 0
    32ee:	29 96       	adiw	r28, 0x09	; 9
    32f0:	ec e0       	ldi	r30, 0x0C	; 12
    32f2:	0c 94 83 1a 	jmp	0x3506	; 0x3506 <__epilogue_restores__+0xc>

000032f6 <__ftoa_engine>:
    32f6:	28 30       	cpi	r18, 0x08	; 8
    32f8:	08 f0       	brcs	.+2      	; 0x32fc <__ftoa_engine+0x6>
    32fa:	27 e0       	ldi	r18, 0x07	; 7
    32fc:	33 27       	eor	r19, r19
    32fe:	da 01       	movw	r26, r20
    3300:	99 0f       	add	r25, r25
    3302:	31 1d       	adc	r19, r1
    3304:	87 fd       	sbrc	r24, 7
    3306:	91 60       	ori	r25, 0x01	; 1
    3308:	00 96       	adiw	r24, 0x00	; 0
    330a:	61 05       	cpc	r22, r1
    330c:	71 05       	cpc	r23, r1
    330e:	39 f4       	brne	.+14     	; 0x331e <__ftoa_engine+0x28>
    3310:	32 60       	ori	r19, 0x02	; 2
    3312:	2e 5f       	subi	r18, 0xFE	; 254
    3314:	3d 93       	st	X+, r19
    3316:	30 e3       	ldi	r19, 0x30	; 48
    3318:	2a 95       	dec	r18
    331a:	e1 f7       	brne	.-8      	; 0x3314 <__ftoa_engine+0x1e>
    331c:	08 95       	ret
    331e:	9f 3f       	cpi	r25, 0xFF	; 255
    3320:	30 f0       	brcs	.+12     	; 0x332e <__ftoa_engine+0x38>
    3322:	80 38       	cpi	r24, 0x80	; 128
    3324:	71 05       	cpc	r23, r1
    3326:	61 05       	cpc	r22, r1
    3328:	09 f0       	breq	.+2      	; 0x332c <__ftoa_engine+0x36>
    332a:	3c 5f       	subi	r19, 0xFC	; 252
    332c:	3c 5f       	subi	r19, 0xFC	; 252
    332e:	3d 93       	st	X+, r19
    3330:	91 30       	cpi	r25, 0x01	; 1
    3332:	08 f0       	brcs	.+2      	; 0x3336 <__ftoa_engine+0x40>
    3334:	80 68       	ori	r24, 0x80	; 128
    3336:	91 1d       	adc	r25, r1
    3338:	df 93       	push	r29
    333a:	cf 93       	push	r28
    333c:	1f 93       	push	r17
    333e:	0f 93       	push	r16
    3340:	ff 92       	push	r15
    3342:	ef 92       	push	r14
    3344:	19 2f       	mov	r17, r25
    3346:	98 7f       	andi	r25, 0xF8	; 248
    3348:	96 95       	lsr	r25
    334a:	e9 2f       	mov	r30, r25
    334c:	96 95       	lsr	r25
    334e:	96 95       	lsr	r25
    3350:	e9 0f       	add	r30, r25
    3352:	ff 27       	eor	r31, r31
    3354:	eb 52       	subi	r30, 0x2B	; 43
    3356:	fe 4f       	sbci	r31, 0xFE	; 254
    3358:	99 27       	eor	r25, r25
    335a:	33 27       	eor	r19, r19
    335c:	ee 24       	eor	r14, r14
    335e:	ff 24       	eor	r15, r15
    3360:	a7 01       	movw	r20, r14
    3362:	e7 01       	movw	r28, r14
    3364:	05 90       	lpm	r0, Z+
    3366:	08 94       	sec
    3368:	07 94       	ror	r0
    336a:	28 f4       	brcc	.+10     	; 0x3376 <__ftoa_engine+0x80>
    336c:	36 0f       	add	r19, r22
    336e:	e7 1e       	adc	r14, r23
    3370:	f8 1e       	adc	r15, r24
    3372:	49 1f       	adc	r20, r25
    3374:	51 1d       	adc	r21, r1
    3376:	66 0f       	add	r22, r22
    3378:	77 1f       	adc	r23, r23
    337a:	88 1f       	adc	r24, r24
    337c:	99 1f       	adc	r25, r25
    337e:	06 94       	lsr	r0
    3380:	a1 f7       	brne	.-24     	; 0x336a <__ftoa_engine+0x74>
    3382:	05 90       	lpm	r0, Z+
    3384:	07 94       	ror	r0
    3386:	28 f4       	brcc	.+10     	; 0x3392 <__ftoa_engine+0x9c>
    3388:	e7 0e       	add	r14, r23
    338a:	f8 1e       	adc	r15, r24
    338c:	49 1f       	adc	r20, r25
    338e:	56 1f       	adc	r21, r22
    3390:	c1 1d       	adc	r28, r1
    3392:	77 0f       	add	r23, r23
    3394:	88 1f       	adc	r24, r24
    3396:	99 1f       	adc	r25, r25
    3398:	66 1f       	adc	r22, r22
    339a:	06 94       	lsr	r0
    339c:	a1 f7       	brne	.-24     	; 0x3386 <__ftoa_engine+0x90>
    339e:	05 90       	lpm	r0, Z+
    33a0:	07 94       	ror	r0
    33a2:	28 f4       	brcc	.+10     	; 0x33ae <__ftoa_engine+0xb8>
    33a4:	f8 0e       	add	r15, r24
    33a6:	49 1f       	adc	r20, r25
    33a8:	56 1f       	adc	r21, r22
    33aa:	c7 1f       	adc	r28, r23
    33ac:	d1 1d       	adc	r29, r1
    33ae:	88 0f       	add	r24, r24
    33b0:	99 1f       	adc	r25, r25
    33b2:	66 1f       	adc	r22, r22
    33b4:	77 1f       	adc	r23, r23
    33b6:	06 94       	lsr	r0
    33b8:	a1 f7       	brne	.-24     	; 0x33a2 <__ftoa_engine+0xac>
    33ba:	05 90       	lpm	r0, Z+
    33bc:	07 94       	ror	r0
    33be:	20 f4       	brcc	.+8      	; 0x33c8 <__ftoa_engine+0xd2>
    33c0:	49 0f       	add	r20, r25
    33c2:	56 1f       	adc	r21, r22
    33c4:	c7 1f       	adc	r28, r23
    33c6:	d8 1f       	adc	r29, r24
    33c8:	99 0f       	add	r25, r25
    33ca:	66 1f       	adc	r22, r22
    33cc:	77 1f       	adc	r23, r23
    33ce:	88 1f       	adc	r24, r24
    33d0:	06 94       	lsr	r0
    33d2:	a9 f7       	brne	.-22     	; 0x33be <__ftoa_engine+0xc8>
    33d4:	84 91       	lpm	r24, Z
    33d6:	10 95       	com	r17
    33d8:	17 70       	andi	r17, 0x07	; 7
    33da:	41 f0       	breq	.+16     	; 0x33ec <__ftoa_engine+0xf6>
    33dc:	d6 95       	lsr	r29
    33de:	c7 95       	ror	r28
    33e0:	57 95       	ror	r21
    33e2:	47 95       	ror	r20
    33e4:	f7 94       	ror	r15
    33e6:	e7 94       	ror	r14
    33e8:	1a 95       	dec	r17
    33ea:	c1 f7       	brne	.-16     	; 0x33dc <__ftoa_engine+0xe6>
    33ec:	eb e7       	ldi	r30, 0x7B	; 123
    33ee:	f1 e0       	ldi	r31, 0x01	; 1
    33f0:	68 94       	set
    33f2:	15 90       	lpm	r1, Z+
    33f4:	15 91       	lpm	r17, Z+
    33f6:	35 91       	lpm	r19, Z+
    33f8:	65 91       	lpm	r22, Z+
    33fa:	95 91       	lpm	r25, Z+
    33fc:	05 90       	lpm	r0, Z+
    33fe:	7f e2       	ldi	r23, 0x2F	; 47
    3400:	73 95       	inc	r23
    3402:	e1 18       	sub	r14, r1
    3404:	f1 0a       	sbc	r15, r17
    3406:	43 0b       	sbc	r20, r19
    3408:	56 0b       	sbc	r21, r22
    340a:	c9 0b       	sbc	r28, r25
    340c:	d0 09       	sbc	r29, r0
    340e:	c0 f7       	brcc	.-16     	; 0x3400 <__ftoa_engine+0x10a>
    3410:	e1 0c       	add	r14, r1
    3412:	f1 1e       	adc	r15, r17
    3414:	43 1f       	adc	r20, r19
    3416:	56 1f       	adc	r21, r22
    3418:	c9 1f       	adc	r28, r25
    341a:	d0 1d       	adc	r29, r0
    341c:	7e f4       	brtc	.+30     	; 0x343c <__ftoa_engine+0x146>
    341e:	70 33       	cpi	r23, 0x30	; 48
    3420:	11 f4       	brne	.+4      	; 0x3426 <__ftoa_engine+0x130>
    3422:	8a 95       	dec	r24
    3424:	e6 cf       	rjmp	.-52     	; 0x33f2 <__ftoa_engine+0xfc>
    3426:	e8 94       	clt
    3428:	01 50       	subi	r16, 0x01	; 1
    342a:	30 f0       	brcs	.+12     	; 0x3438 <__ftoa_engine+0x142>
    342c:	08 0f       	add	r16, r24
    342e:	0a f4       	brpl	.+2      	; 0x3432 <__ftoa_engine+0x13c>
    3430:	00 27       	eor	r16, r16
    3432:	02 17       	cp	r16, r18
    3434:	08 f4       	brcc	.+2      	; 0x3438 <__ftoa_engine+0x142>
    3436:	20 2f       	mov	r18, r16
    3438:	23 95       	inc	r18
    343a:	02 2f       	mov	r16, r18
    343c:	7a 33       	cpi	r23, 0x3A	; 58
    343e:	28 f0       	brcs	.+10     	; 0x344a <__ftoa_engine+0x154>
    3440:	79 e3       	ldi	r23, 0x39	; 57
    3442:	7d 93       	st	X+, r23
    3444:	2a 95       	dec	r18
    3446:	e9 f7       	brne	.-6      	; 0x3442 <__ftoa_engine+0x14c>
    3448:	10 c0       	rjmp	.+32     	; 0x346a <__ftoa_engine+0x174>
    344a:	7d 93       	st	X+, r23
    344c:	2a 95       	dec	r18
    344e:	89 f6       	brne	.-94     	; 0x33f2 <__ftoa_engine+0xfc>
    3450:	06 94       	lsr	r0
    3452:	97 95       	ror	r25
    3454:	67 95       	ror	r22
    3456:	37 95       	ror	r19
    3458:	17 95       	ror	r17
    345a:	17 94       	ror	r1
    345c:	e1 18       	sub	r14, r1
    345e:	f1 0a       	sbc	r15, r17
    3460:	43 0b       	sbc	r20, r19
    3462:	56 0b       	sbc	r21, r22
    3464:	c9 0b       	sbc	r28, r25
    3466:	d0 09       	sbc	r29, r0
    3468:	98 f0       	brcs	.+38     	; 0x3490 <__ftoa_engine+0x19a>
    346a:	23 95       	inc	r18
    346c:	7e 91       	ld	r23, -X
    346e:	73 95       	inc	r23
    3470:	7a 33       	cpi	r23, 0x3A	; 58
    3472:	08 f0       	brcs	.+2      	; 0x3476 <__ftoa_engine+0x180>
    3474:	70 e3       	ldi	r23, 0x30	; 48
    3476:	7c 93       	st	X, r23
    3478:	20 13       	cpse	r18, r16
    347a:	b8 f7       	brcc	.-18     	; 0x346a <__ftoa_engine+0x174>
    347c:	7e 91       	ld	r23, -X
    347e:	70 61       	ori	r23, 0x10	; 16
    3480:	7d 93       	st	X+, r23
    3482:	30 f0       	brcs	.+12     	; 0x3490 <__ftoa_engine+0x19a>
    3484:	83 95       	inc	r24
    3486:	71 e3       	ldi	r23, 0x31	; 49
    3488:	7d 93       	st	X+, r23
    348a:	70 e3       	ldi	r23, 0x30	; 48
    348c:	2a 95       	dec	r18
    348e:	e1 f7       	brne	.-8      	; 0x3488 <__ftoa_engine+0x192>
    3490:	11 24       	eor	r1, r1
    3492:	ef 90       	pop	r14
    3494:	ff 90       	pop	r15
    3496:	0f 91       	pop	r16
    3498:	1f 91       	pop	r17
    349a:	cf 91       	pop	r28
    349c:	df 91       	pop	r29
    349e:	99 27       	eor	r25, r25
    34a0:	87 fd       	sbrc	r24, 7
    34a2:	90 95       	com	r25
    34a4:	08 95       	ret

000034a6 <__ctype_isfalse>:
    34a6:	99 27       	eor	r25, r25
    34a8:	88 27       	eor	r24, r24

000034aa <__ctype_istrue>:
    34aa:	08 95       	ret

000034ac <__muluhisi3>:
    34ac:	0e 94 98 1a 	call	0x3530	; 0x3530 <__umulhisi3>
    34b0:	a5 9f       	mul	r26, r21
    34b2:	90 0d       	add	r25, r0
    34b4:	b4 9f       	mul	r27, r20
    34b6:	90 0d       	add	r25, r0
    34b8:	a4 9f       	mul	r26, r20
    34ba:	80 0d       	add	r24, r0
    34bc:	91 1d       	adc	r25, r1
    34be:	11 24       	eor	r1, r1
    34c0:	08 95       	ret

000034c2 <__prologue_saves__>:
    34c2:	2f 92       	push	r2
    34c4:	3f 92       	push	r3
    34c6:	4f 92       	push	r4
    34c8:	5f 92       	push	r5
    34ca:	6f 92       	push	r6
    34cc:	7f 92       	push	r7
    34ce:	8f 92       	push	r8
    34d0:	9f 92       	push	r9
    34d2:	af 92       	push	r10
    34d4:	bf 92       	push	r11
    34d6:	cf 92       	push	r12
    34d8:	df 92       	push	r13
    34da:	ef 92       	push	r14
    34dc:	ff 92       	push	r15
    34de:	0f 93       	push	r16
    34e0:	1f 93       	push	r17
    34e2:	cf 93       	push	r28
    34e4:	df 93       	push	r29
    34e6:	cd b7       	in	r28, 0x3d	; 61
    34e8:	de b7       	in	r29, 0x3e	; 62
    34ea:	ca 1b       	sub	r28, r26
    34ec:	db 0b       	sbc	r29, r27
    34ee:	0f b6       	in	r0, 0x3f	; 63
    34f0:	f8 94       	cli
    34f2:	de bf       	out	0x3e, r29	; 62
    34f4:	0f be       	out	0x3f, r0	; 63
    34f6:	cd bf       	out	0x3d, r28	; 61
    34f8:	09 94       	ijmp

000034fa <__epilogue_restores__>:
    34fa:	2a 88       	ldd	r2, Y+18	; 0x12
    34fc:	39 88       	ldd	r3, Y+17	; 0x11
    34fe:	48 88       	ldd	r4, Y+16	; 0x10
    3500:	5f 84       	ldd	r5, Y+15	; 0x0f
    3502:	6e 84       	ldd	r6, Y+14	; 0x0e
    3504:	7d 84       	ldd	r7, Y+13	; 0x0d
    3506:	8c 84       	ldd	r8, Y+12	; 0x0c
    3508:	9b 84       	ldd	r9, Y+11	; 0x0b
    350a:	aa 84       	ldd	r10, Y+10	; 0x0a
    350c:	b9 84       	ldd	r11, Y+9	; 0x09
    350e:	c8 84       	ldd	r12, Y+8	; 0x08
    3510:	df 80       	ldd	r13, Y+7	; 0x07
    3512:	ee 80       	ldd	r14, Y+6	; 0x06
    3514:	fd 80       	ldd	r15, Y+5	; 0x05
    3516:	0c 81       	ldd	r16, Y+4	; 0x04
    3518:	1b 81       	ldd	r17, Y+3	; 0x03
    351a:	aa 81       	ldd	r26, Y+2	; 0x02
    351c:	b9 81       	ldd	r27, Y+1	; 0x01
    351e:	ce 0f       	add	r28, r30
    3520:	d1 1d       	adc	r29, r1
    3522:	0f b6       	in	r0, 0x3f	; 63
    3524:	f8 94       	cli
    3526:	de bf       	out	0x3e, r29	; 62
    3528:	0f be       	out	0x3f, r0	; 63
    352a:	cd bf       	out	0x3d, r28	; 61
    352c:	ed 01       	movw	r28, r26
    352e:	08 95       	ret

00003530 <__umulhisi3>:
    3530:	a2 9f       	mul	r26, r18
    3532:	b0 01       	movw	r22, r0
    3534:	b3 9f       	mul	r27, r19
    3536:	c0 01       	movw	r24, r0
    3538:	a3 9f       	mul	r26, r19
    353a:	70 0d       	add	r23, r0
    353c:	81 1d       	adc	r24, r1
    353e:	11 24       	eor	r1, r1
    3540:	91 1d       	adc	r25, r1
    3542:	b2 9f       	mul	r27, r18
    3544:	70 0d       	add	r23, r0
    3546:	81 1d       	adc	r24, r1
    3548:	11 24       	eor	r1, r1
    354a:	91 1d       	adc	r25, r1
    354c:	08 95       	ret

0000354e <_exit>:
    354e:	f8 94       	cli

00003550 <__stop_program>:
    3550:	ff cf       	rjmp	.-2      	; 0x3550 <__stop_program>
